,Player,Pos,Age,Tm,G,GS,MP,FG,FGA,FG%,3P,3PA,3P%,2P,2PA,2P%,eFG%,FT,FTA,FT%,ORB,DRB,TRB,AST,STL,BLK,TOV,PF,PTS,STAR,Year
0,Quincy Acy,PF,25.0,SAC,59.0,29.0,14.8,2.0,3.6,0.556,0.3,0.8,0.388,1.7,2.8,0.606,0.6,0.8,1.2,0.735,1.1,2.1,3.2,0.5,0.5,0.4,0.5,1.7,5.2,False,2016
1,Jordan Adams,SG,21.0,MEM,2.0,0.0,7.5,1.0,3.0,0.333,0.0,0.5,0.0,1.0,2.5,0.4,0.333,1.5,2.5,0.6,0.0,1.0,1.0,1.5,1.5,0.0,1.0,1.0,3.5,False,2016
2,Steven Adams,C,22.0,OKC,80.0,80.0,25.2,3.3,5.3,0.613,0.0,0.0,,3.3,5.3,0.613,0.613,1.4,2.5,0.582,2.7,3.9,6.7,0.8,0.5,1.1,1.1,2.8,8.0,False,2016
3,Arron Afflalo,SG,30.0,NYK,71.0,57.0,33.4,5.0,11.3,0.443,1.3,3.4,0.382,3.7,7.9,0.469,0.5,1.5,1.8,0.84,0.3,3.4,3.7,2.0,0.4,0.1,1.2,2.0,12.8,False,2016
4,Alexis Ajinça,C,27.0,NOP,59.0,17.0,14.6,2.5,5.3,0.476,0.0,0.0,0.0,2.5,5.3,0.478,0.476,0.9,1.1,0.839,1.3,3.3,4.6,0.5,0.3,0.6,0.9,2.3,6.0,False,2016
5,Cole Aldrich,C,27.0,LAC,60.0,5.0,13.3,2.2,3.8,0.596,0.0,0.0,,2.2,3.8,0.596,0.596,1.0,1.4,0.714,1.4,3.4,4.8,0.8,0.8,1.1,1.1,2.3,5.5,False,2016
6,LaMarcus Aldridge,PF,30.0,SAS,74.0,74.0,30.6,7.2,14.1,0.513,0.0,0.2,0.0,7.2,13.9,0.521,0.513,3.5,4.1,0.858,2.4,6.2,8.5,1.5,0.5,1.1,1.3,2.0,18.0,False,2016
7,Cliff Alexander,PF,20.0,POR,8.0,0.0,4.5,0.6,1.3,0.5,0.0,0.0,,0.6,1.3,0.5,0.5,0.0,0.0,,0.3,0.5,0.8,0.0,0.1,0.3,0.1,0.1,1.3,False,2016
8,Lavoy Allen,PF,26.0,IND,79.0,28.0,20.2,2.4,4.7,0.516,0.0,0.0,,2.4,4.7,0.516,0.516,0.6,0.9,0.63,2.1,3.3,5.4,1.0,0.3,0.5,0.9,1.9,5.4,False,2016
9,Tony Allen,SG,34.0,MEM,64.0,57.0,25.3,3.4,7.3,0.458,0.2,0.7,0.357,3.1,6.7,0.468,0.474,1.4,2.2,0.652,1.6,3.0,4.6,1.1,1.7,0.3,1.2,2.7,8.4,False,2016
10,Al-Farouq Aminu,SF,25.0,POR,82.0,82.0,28.5,3.6,8.8,0.416,1.5,4.3,0.361,2.1,4.5,0.468,0.503,1.4,1.9,0.737,1.2,4.9,6.1,1.7,0.9,0.6,1.5,2.1,10.2,False,2016
11,Lou Amundson,PF,33.0,NYK,29.0,0.0,7.0,0.7,1.8,0.358,0.0,0.0,,0.7,1.8,0.358,0.358,0.5,0.9,0.519,0.8,0.9,1.7,0.4,0.2,0.2,0.5,1.5,1.8,False,2016
12,Chris Andersen,C,37.0,Traded,54.0,30.0,14.89,1.41,2.68,0.52,0.13,0.53,0.28,1.28,2.14,0.57,0.55,0.91,1.32,0.7,1.33,2.3,3.64,0.44,0.57,0.49,0.34,1.11,3.9,False,2016
13,Alan Anderson,SG,33.0,WAS,13.0,0.0,14.8,1.6,4.5,0.356,0.9,2.8,0.324,0.7,1.7,0.409,0.458,0.8,1.2,0.733,0.1,2.0,2.1,1.1,0.3,0.1,0.2,1.9,5.0,False,2016
14,James Anderson,SG,26.0,SAC,51.0,15.0,14.1,1.3,3.5,0.376,0.5,1.7,0.267,0.9,1.8,0.478,0.441,0.4,0.6,0.759,0.3,1.4,1.7,0.8,0.4,0.3,0.8,1.1,3.5,False,2016
15,Justin Anderson,SF,22.0,DAL,55.0,9.0,11.8,1.3,3.2,0.406,0.4,1.5,0.265,0.9,1.7,0.533,0.469,0.8,1.0,0.8,0.3,2.1,2.4,0.5,0.3,0.5,0.4,0.8,3.8,False,2016
16,Kyle Anderson,SF,22.0,SAS,78.0,11.0,16.0,1.8,3.8,0.468,0.2,0.5,0.324,1.6,3.3,0.488,0.488,0.8,1.1,0.747,0.3,2.8,3.1,1.6,0.8,0.4,0.8,1.2,4.5,False,2016
17,Ryan Anderson,PF,27.0,NOP,66.0,7.0,30.4,6.0,14.1,0.427,2.0,5.4,0.366,4.0,8.7,0.466,0.498,3.0,3.5,0.873,2.0,4.0,6.0,1.1,0.6,0.4,1.4,1.7,17.0,False,2016
18,Giannis Antetokounmpo,PG,21.0,MIL,80.0,79.0,35.3,6.4,12.7,0.506,0.4,1.4,0.257,6.1,11.3,0.537,0.52,3.7,5.1,0.724,1.4,6.2,7.7,4.3,1.2,1.4,2.6,3.2,16.9,False,2016
19,Thanasis Antetokounmpo,SF,23.0,NYK,2.0,0.0,3.0,1.5,2.0,0.75,0.0,0.5,0.0,1.5,1.5,1.0,0.75,0.0,0.0,,0.0,0.5,0.5,0.0,0.0,0.0,0.0,1.0,3.0,False,2016
20,Carmelo Anthony,SF,31.0,NYK,72.0,72.0,35.1,7.9,18.2,0.434,1.5,4.3,0.339,6.4,13.8,0.463,0.474,4.6,5.6,0.829,1.4,6.4,7.7,4.2,0.9,0.5,2.4,2.5,21.8,False,2016
21,Joel Anthony,C,33.0,DET,19.0,0.0,5.1,0.3,0.5,0.6,0.0,0.0,,0.3,0.5,0.6,0.6,0.3,0.4,0.75,0.4,0.7,1.1,0.1,0.1,0.6,0.1,0.8,0.9,False,2016
22,Keith Appling,PG,23.0,ORL,5.0,0.0,5.4,0.4,1.6,0.25,0.0,0.6,0.0,0.4,1.0,0.4,0.25,0.4,0.4,1.0,0.0,0.2,0.2,0.2,0.2,0.0,0.6,1.0,1.2,False,2016
23,Trevor Ariza,SF,30.0,HOU,81.0,81.0,35.3,4.4,10.6,0.416,2.3,6.2,0.371,2.1,4.4,0.478,0.523,1.6,2.0,0.783,0.8,3.7,4.5,2.3,2.0,0.3,1.4,2.2,12.7,False,2016
24,Darrell Arthur,PF,27.0,DEN,70.0,16.0,21.7,3.2,7.0,0.452,0.6,1.7,0.385,2.5,5.3,0.473,0.498,0.6,0.8,0.755,1.2,3.0,4.2,1.4,0.8,0.7,0.9,2.6,7.5,False,2016
25,Ömer Aşık,C,29.0,NOP,68.0,64.0,17.3,1.5,2.9,0.533,0.0,0.0,,1.5,2.9,0.533,0.533,0.9,1.6,0.545,1.8,4.3,6.1,0.4,0.3,0.3,0.9,1.8,4.0,False,2016
26,D.J. Augustin,PG,28.0,Traded,124.0,0.0,19.0,2.4,5.64,0.42,1.1,2.7,0.4,1.29,2.94,0.43,0.51,1.7,2.09,0.8,0.1,1.41,1.54,3.18,0.61,0.1,1.38,1.39,7.52,False,2016
27,Jeff Ayres,C,28.0,LAC,17.0,0.0,6.3,0.7,1.4,0.522,0.0,0.1,0.0,0.7,1.3,0.545,0.522,0.4,0.4,1.0,0.2,1.1,1.3,0.3,0.0,0.2,0.4,1.1,1.8,False,2016
28,Luke Babbitt,SF,26.0,NOP,47.0,13.0,18.0,2.6,6.1,0.422,0.9,2.3,0.404,1.7,3.8,0.433,0.498,0.8,1.1,0.78,0.5,2.6,3.1,1.1,0.2,0.1,0.5,1.9,7.0,False,2016
29,Cameron Bairstow,C,25.0,CHI,18.0,2.0,5.7,0.7,2.2,0.325,0.1,0.3,0.2,0.7,1.9,0.343,0.338,0.4,0.4,0.875,0.2,1.3,1.6,0.3,0.1,0.2,0.2,1.1,1.9,False,2016
30,Leandro Barbosa,SG,33.0,GSW,68.0,0.0,15.9,2.5,5.4,0.462,0.6,1.6,0.355,1.9,3.8,0.508,0.515,0.8,0.9,0.839,0.4,1.3,1.7,1.2,0.6,0.1,0.8,1.6,6.4,False,2016
31,J.J. Barea,PG,31.0,DAL,74.0,16.0,22.5,4.3,9.6,0.446,1.4,3.5,0.385,2.9,6.1,0.481,0.516,1.0,1.3,0.771,0.4,1.7,2.1,4.1,0.4,0.0,1.5,1.5,10.9,False,2016
32,Andrea Bargnani,C,30.0,BRK,46.0,0.0,13.8,2.8,6.1,0.455,0.1,0.3,0.188,2.7,5.7,0.471,0.461,1.0,1.2,0.825,0.6,1.5,2.1,0.4,0.1,0.2,0.6,1.3,6.6,False,2016
33,Harrison Barnes,SF,23.0,GSW,66.0,59.0,30.9,4.5,9.6,0.466,1.2,3.2,0.383,3.2,6.3,0.508,0.531,1.5,2.0,0.761,1.2,3.8,4.9,1.8,0.6,0.2,0.9,2.1,11.7,False,2016
34,Matt Barnes,SF,35.0,MEM,76.0,45.0,28.8,3.5,9.1,0.381,1.6,4.9,0.322,1.9,4.3,0.449,0.467,1.5,1.8,0.804,1.1,4.4,5.5,2.1,1.0,0.8,1.6,3.1,10.0,False,2016
35,Will Barton,SG,25.0,DEN,82.0,1.0,28.7,5.2,12.0,0.432,1.4,4.0,0.345,3.8,8.0,0.476,0.489,2.6,3.3,0.806,0.7,5.1,5.8,2.5,0.9,0.5,1.7,1.8,14.4,False,2016
36,Brandon Bass,PF,30.0,LAL,66.0,0.0,20.3,2.6,4.8,0.549,0.0,0.0,0.0,2.6,4.8,0.552,0.549,1.9,2.2,0.845,1.6,2.7,4.3,1.1,0.5,0.8,0.6,1.9,7.2,False,2016
37,Nicolas Batum,SF,27.0,CHO,70.0,70.0,35.0,5.3,12.5,0.426,2.0,5.7,0.348,3.3,6.8,0.492,0.506,2.3,2.7,0.849,0.8,5.3,6.1,5.8,0.9,0.6,2.9,1.6,14.9,False,2016
38,Jerryd Bayless,SG,27.0,MIL,52.0,18.0,28.9,3.6,8.4,0.423,1.9,4.4,0.437,1.6,4.0,0.408,0.539,1.3,1.7,0.778,0.4,2.3,2.7,3.1,0.9,0.2,1.4,2.1,10.4,False,2016
39,Aron Baynes,C,29.0,DET,81.0,1.0,15.2,2.4,4.7,0.505,0.0,0.0,0.0,2.4,4.7,0.508,0.505,1.6,2.0,0.764,1.7,3.0,4.7,0.6,0.3,0.6,0.8,1.9,6.3,False,2016
40,Kent Bazemore,SF,26.0,ATL,75.0,68.0,27.8,4.3,9.7,0.441,1.5,4.1,0.357,2.8,5.6,0.502,0.517,1.6,2.0,0.815,0.4,4.7,5.1,2.3,1.3,0.5,1.8,2.3,11.6,False,2016
41,Bradley Beal,SG,22.0,WAS,55.0,35.0,31.1,6.5,14.5,0.449,1.9,4.9,0.387,4.6,9.6,0.481,0.515,2.5,3.2,0.767,0.7,2.7,3.4,2.9,1.0,0.2,2.0,2.1,17.4,False,2016
42,Michael Beasley,PF,27.0,HOU,20.0,0.0,18.2,5.4,10.3,0.522,0.2,0.5,0.333,5.2,9.8,0.531,0.529,1.9,2.5,0.776,1.5,3.5,4.9,0.8,0.6,0.5,1.2,2.0,12.8,False,2016
43,Marco Belinelli,SG,29.0,SAC,68.0,7.0,24.6,3.6,9.3,0.386,1.3,4.4,0.306,2.3,5.0,0.456,0.457,1.7,2.0,0.833,0.1,1.6,1.7,1.9,0.5,0.0,1.2,1.3,10.2,False,2016
44,Anthony Bennett,PF,22.0,TOR,19.0,0.0,4.4,0.4,1.4,0.296,0.2,0.7,0.214,0.3,0.7,0.385,0.352,0.5,0.5,0.9,0.3,0.9,1.2,0.0,0.3,0.0,0.2,0.4,1.5,False,2016
45,Patrick Beverley,PG,27.0,HOU,71.0,63.0,28.7,3.6,8.4,0.434,1.7,4.4,0.4,1.9,4.0,0.472,0.539,0.8,1.2,0.682,1.0,2.5,3.5,3.4,1.3,0.4,1.3,3.3,9.9,False,2016
46,Bismack Biyombo,C,23.0,TOR,82.0,22.0,22.0,1.9,3.5,0.542,0.0,0.0,0.0,1.9,3.5,0.544,0.542,1.7,2.8,0.628,2.2,5.8,8.0,0.4,0.2,1.6,0.9,2.7,5.5,False,2016
47,Nemanja Bjelica,PF,27.0,MIN,60.0,0.0,17.9,1.8,3.9,0.468,0.8,2.1,0.384,1.0,1.8,0.564,0.57,0.7,0.9,0.727,0.8,2.7,3.5,1.4,0.4,0.4,0.8,2.6,5.1,False,2016
48,Tarik Black,C,24.0,LAL,39.0,0.0,12.7,1.5,2.7,0.548,0.0,0.0,,1.5,2.7,0.548,0.548,0.5,1.2,0.422,1.1,2.9,4.0,0.4,0.4,0.5,0.6,2.0,3.4,False,2016
49,DeJuan Blair,C,26.0,WAS,29.0,0.0,7.5,1.0,2.3,0.412,0.0,0.0,0.0,1.0,2.3,0.418,0.412,0.2,0.4,0.385,0.7,1.3,2.0,0.4,0.3,0.1,0.5,1.8,2.1,False,2016
50,Steve Blake,PG,35.0,DET,58.0,2.0,17.0,1.6,4.1,0.388,0.9,2.6,0.344,0.7,1.5,0.461,0.496,0.3,0.3,0.8,0.2,1.4,1.5,3.4,0.4,0.1,1.4,1.2,4.4,False,2016
51,Eric Bledsoe,PG,26.0,PHO,31.0,31.0,34.2,7.2,15.9,0.453,1.5,4.2,0.372,5.6,11.7,0.482,0.502,4.5,5.5,0.802,0.6,3.5,4.0,6.1,2.0,0.6,3.5,2.4,20.4,False,2016
52,Bojan Bogdanović,SF,26.0,BRK,79.0,39.0,26.8,4.1,9.5,0.433,1.6,4.3,0.382,2.5,5.2,0.474,0.519,1.4,1.7,0.833,0.5,2.8,3.2,1.3,0.4,0.1,1.5,1.5,11.2,False,2016
53,Andrew Bogut,C,31.0,GSW,70.0,66.0,20.7,2.5,4.0,0.627,0.0,0.0,1.0,2.5,4.0,0.626,0.629,0.3,0.7,0.48,1.7,5.3,7.0,2.3,0.5,1.6,1.2,3.2,5.4,False,2016
54,Matt Bonner,C,35.0,SAS,30.0,2.0,6.9,1.0,1.9,0.509,0.5,1.1,0.441,0.5,0.8,0.609,0.64,0.1,0.1,0.75,0.1,0.8,0.9,0.3,0.2,0.0,0.1,0.5,2.5,False,2016
55,Devin Booker,SG,19.0,PHO,76.0,51.0,27.7,4.8,11.4,0.423,1.3,3.8,0.343,3.5,7.6,0.464,0.48,2.8,3.4,0.84,0.4,2.1,2.5,2.6,0.6,0.3,2.1,3.0,13.8,False,2016
56,Trevor Booker,PF,28.0,UTA,79.0,2.0,20.7,2.4,4.9,0.49,0.2,0.5,0.293,2.3,4.4,0.513,0.505,0.9,1.3,0.67,2.1,3.6,5.7,1.1,0.7,0.5,1.0,2.1,5.9,False,2016
57,Chris Bosh,PF,31.0,MIA,53.0,53.0,33.5,6.8,14.5,0.467,1.5,4.2,0.365,5.2,10.3,0.508,0.52,4.0,5.1,0.795,0.9,6.5,7.4,2.4,0.7,0.6,1.5,1.9,19.1,False,2016
58,Avery Bradley,SG,25.0,BOS,76.0,72.0,33.4,6.0,13.4,0.447,1.9,5.4,0.361,4.1,8.1,0.505,0.52,1.3,1.6,0.78,0.6,2.3,2.9,2.1,1.5,0.3,1.4,2.2,15.2,False,2016
59,Elton Brand,C,36.0,PHI,17.0,1.0,13.2,1.8,4.2,0.431,0.0,0.1,0.0,1.8,4.2,0.437,0.431,0.5,0.5,0.889,0.5,3.2,3.7,1.1,0.5,0.5,0.6,1.9,4.1,False,2016
60,Corey Brewer,SF,29.0,HOU,82.0,12.0,20.4,2.6,6.7,0.384,0.7,2.7,0.272,1.8,4.0,0.46,0.439,1.3,1.7,0.75,0.5,1.9,2.4,1.3,1.0,0.2,1.0,2.0,7.2,False,2016
61,Aaron Brooks,PG,31.0,CHI,69.0,0.0,16.1,2.7,6.8,0.401,1.0,2.7,0.357,1.8,4.1,0.43,0.471,0.7,0.9,0.766,0.3,1.2,1.5,2.6,0.4,0.1,1.2,1.9,7.1,False,2016
62,Anthony Brown,SF,23.0,LAL,29.0,11.0,20.7,1.3,4.3,0.31,0.7,2.4,0.286,0.7,1.9,0.339,0.389,0.6,0.7,0.85,0.3,2.1,2.4,0.7,0.5,0.2,0.5,1.2,4.0,False,2016
63,Lorenzo Brown,PG,25.0,PHO,8.0,0.0,7.6,1.0,3.1,0.32,0.1,1.0,0.125,0.9,2.1,0.412,0.34,0.4,0.5,0.75,0.0,0.9,0.9,1.4,0.4,0.1,1.1,0.5,2.5,False,2016
64,Markel Brown,SG,24.0,BRK,62.0,6.0,15.8,2.0,5.2,0.394,0.6,2.0,0.314,1.4,3.2,0.443,0.453,1.1,1.5,0.755,0.4,1.6,2.0,1.5,0.6,0.2,0.9,1.5,5.9,False,2016
65,Kobe Bryant,SF,37.0,LAL,66.0,66.0,28.2,6.0,16.9,0.358,2.0,7.1,0.285,4.0,9.8,0.41,0.417,3.5,4.3,0.826,0.6,3.1,3.7,2.8,0.9,0.2,2.0,1.7,17.6,True,2016
66,Chase Budinger,SF,27.0,Traded,132.0,4.0,14.1,1.61,3.62,0.44,0.37,1.3,0.28,1.19,2.32,0.53,0.49,0.6,0.84,0.69,0.66,1.6,2.3,0.99,0.5,0.19,0.68,0.9,4.1,False,2016
67,Reggie Bullock,SF,24.0,DET,37.0,0.0,11.6,1.2,2.6,0.439,0.6,1.4,0.415,0.6,1.2,0.467,0.551,0.4,0.4,0.933,0.4,1.5,1.8,0.7,0.3,0.1,0.2,0.8,3.3,False,2016
68,Trey Burke,PG,23.0,UTA,64.0,0.0,21.3,4.1,9.9,0.413,1.4,4.0,0.344,2.7,5.9,0.46,0.483,1.0,1.3,0.817,0.3,1.5,1.8,2.3,0.5,0.1,1.3,1.3,10.6,False,2016
69,Alec Burks,SG,24.0,UTA,31.0,3.0,25.7,4.4,10.8,0.41,1.0,2.5,0.405,3.4,8.2,0.412,0.458,3.4,4.5,0.752,0.5,3.0,3.5,2.0,0.6,0.1,1.6,2.3,13.3,False,2016
70,Caron Butler,SF,35.0,SAC,17.0,1.0,10.4,1.5,3.5,0.424,0.2,1.1,0.167,1.3,2.4,0.537,0.449,0.6,0.7,0.833,0.3,1.0,1.3,0.6,0.5,0.1,0.2,1.1,3.7,False,2016
71,Jimmy Butler,SG,26.0,CHI,67.0,67.0,36.9,7.0,15.4,0.454,1.0,3.1,0.312,6.1,12.4,0.489,0.485,5.9,7.1,0.832,1.2,4.2,5.3,4.8,1.6,0.6,2.0,1.9,20.9,False,2016
72,Rasual Butler,SF,36.0,SAS,46.0,0.0,9.4,1.1,2.3,0.471,0.3,1.1,0.306,0.7,1.2,0.618,0.543,0.2,0.3,0.688,0.1,1.2,1.2,0.5,0.3,0.5,0.2,0.2,2.7,False,2016
73,Bruno Caboclo,SF,20.0,TOR,6.0,1.0,7.2,0.2,2.0,0.083,0.2,1.2,0.143,0.0,0.8,0.0,0.125,0.0,0.0,,0.2,0.2,0.3,0.2,0.3,0.2,0.7,0.3,0.5,False,2016
74,José Calderón,PG,34.0,NYK,72.0,72.0,28.1,2.9,6.3,0.459,1.2,2.8,0.414,1.7,3.5,0.496,0.552,0.6,0.7,0.875,0.3,2.9,3.2,4.1,0.9,0.1,1.2,1.9,7.6,False,2016
75,Kentavious Caldwell-Pope,SG,22.0,DET,76.0,76.0,36.7,5.3,12.6,0.42,1.5,4.9,0.309,3.8,7.8,0.489,0.479,2.4,3.0,0.811,0.9,2.8,3.7,1.8,1.4,0.2,1.4,2.2,14.5,False,2016
76,Isaiah Canaan,SG,24.0,PHI,77.0,39.0,25.5,3.4,9.4,0.36,2.3,6.3,0.363,1.1,3.1,0.354,0.482,1.9,2.3,0.833,0.3,2.0,2.3,1.8,0.7,0.2,1.2,1.7,11.0,False,2016
77,Clint Capela,C,21.0,HOU,77.0,35.0,19.1,3.0,5.2,0.582,0.0,0.0,0.0,3.0,5.1,0.583,0.582,1.0,2.7,0.379,2.5,3.9,6.4,0.6,0.8,1.2,0.8,2.5,7.0,False,2016
78,DeMarre Carroll,SF,29.0,TOR,26.0,22.0,30.2,4.0,10.4,0.389,1.8,4.5,0.39,2.3,5.8,0.388,0.474,1.2,1.9,0.6,1.2,3.5,4.7,1.0,1.7,0.2,1.1,2.4,11.0,False,2016
79,Vince Carter,SG,39.0,MEM,60.0,3.0,16.8,2.2,5.7,0.388,1.0,2.8,0.349,1.2,2.9,0.425,0.474,1.2,1.4,0.833,0.5,1.9,2.4,0.9,0.6,0.3,0.6,1.7,6.6,False,2016
80,Michael Carter-Williams,PG,24.0,MIL,54.0,37.0,30.5,4.6,10.3,0.452,0.3,1.0,0.273,4.4,9.3,0.472,0.466,2.0,3.0,0.654,0.9,4.2,5.1,5.2,1.5,0.8,2.8,3.0,11.5,False,2016
81,Omri Casspi,PF,27.0,SAC,69.0,21.0,27.2,4.3,9.0,0.481,1.6,4.0,0.409,2.7,5.0,0.537,0.571,1.5,2.3,0.648,0.8,5.1,5.9,1.4,0.8,0.2,1.4,2.2,11.8,False,2016
82,Willie Cauley-Stein,C,22.0,SAC,66.0,39.0,21.4,2.9,5.1,0.563,0.0,0.0,0.0,2.9,5.1,0.567,0.563,1.2,1.9,0.648,2.0,3.3,5.3,0.6,0.7,1.0,0.7,2.2,7.0,False,2016
83,Mario Chalmers,PG,29.0,Traded,122.0,14.0,22.51,2.98,7.29,0.41,0.77,2.42,0.31,2.21,4.83,0.46,0.46,3.57,4.29,0.83,0.39,2.2,2.59,3.77,1.44,0.2,1.79,2.99,10.29,False,2016
84,Tyson Chandler,C,33.0,PHO,66.0,60.0,24.5,2.8,4.8,0.583,0.0,0.0,0.0,2.8,4.7,0.585,0.583,1.6,2.6,0.62,2.7,6.1,8.7,1.0,0.5,0.7,1.4,2.2,7.2,False,2016
85,Rakeem Christmas,PF,24.0,IND,1.0,0.0,6.0,2.0,2.0,1.0,0.0,0.0,,2.0,2.0,1.0,1.0,0.0,0.0,,1.0,0.0,1.0,0.0,0.0,0.0,0.0,1.0,4.0,False,2016
86,Ian Clark,SG,24.0,GSW,66.0,1.0,8.8,1.3,3.1,0.441,0.5,1.3,0.357,0.9,1.8,0.5,0.515,0.4,0.5,0.824,0.2,0.8,1.0,1.0,0.3,0.2,0.7,0.9,3.6,False,2016
87,Coty Clarke,SF,23.0,BOS,3.0,0.0,2.0,0.7,1.3,0.5,0.7,0.7,1.0,0.0,0.7,0.0,0.75,0.0,0.0,,0.0,0.3,0.3,0.0,0.0,0.0,0.3,0.0,2.0,False,2016
88,Jordan Clarkson,SG,23.0,LAL,79.0,79.0,32.3,6.0,13.9,0.433,1.4,4.1,0.347,4.6,9.8,0.468,0.483,2.1,2.6,0.804,1.2,2.8,4.0,2.4,1.1,0.1,1.7,2.1,15.5,False,2016
89,Norris Cole,PG,27.0,NOP,45.0,23.0,26.6,4.4,10.8,0.405,0.7,2.3,0.324,3.6,8.5,0.427,0.439,1.2,1.4,0.8,0.2,3.1,3.4,3.7,0.8,0.1,1.7,2.3,10.6,False,2016
90,Darren Collison,PG,28.0,SAC,74.0,15.0,30.0,5.1,10.5,0.486,1.2,2.9,0.401,3.9,7.6,0.519,0.542,2.6,3.1,0.858,0.4,1.9,2.3,4.3,1.0,0.1,1.8,1.9,14.0,False,2016
91,Nick Collison,PF,35.0,OKC,59.0,4.0,11.8,0.8,1.8,0.459,0.0,0.0,0.0,0.8,1.8,0.467,0.459,0.4,0.6,0.697,1.2,1.7,2.9,0.9,0.3,0.3,0.8,1.8,2.1,False,2016
92,Mike Conley,PG,28.0,MEM,56.0,56.0,31.4,5.3,12.4,0.422,1.4,3.8,0.363,3.9,8.6,0.449,0.478,3.4,4.1,0.834,0.5,2.5,2.9,6.1,1.2,0.3,1.5,1.8,15.3,False,2016
93,Pat Connaughton,SG,23.0,POR,34.0,0.0,4.2,0.4,1.4,0.265,0.1,0.6,0.238,0.2,0.8,0.286,0.316,0.1,0.1,1.0,0.3,0.6,0.9,0.3,0.1,0.0,0.3,0.2,1.1,False,2016
94,Chris Copeland,PF,31.0,MIL,24.0,1.0,6.5,0.7,2.1,0.333,0.4,1.5,0.278,0.3,0.6,0.467,0.431,0.3,0.3,0.857,0.0,0.4,0.4,0.5,0.1,0.0,0.3,0.7,2.1,False,2016
95,Bryce Cotton,PG,23.0,Traded,16.0,0.0,4.89,0.51,1.28,0.56,0.0,0.39,,0.51,0.89,0.67,0.56,0.0,0.0,,0.0,0.0,0.0,0.39,0.39,0.0,0.62,0.28,0.99,False,2016
96,DeMarcus Cousins,C,25.0,SAC,65.0,65.0,34.6,9.2,20.5,0.451,1.1,3.2,0.333,8.2,17.3,0.473,0.477,7.3,10.2,0.718,2.4,9.1,11.5,3.3,1.6,1.4,3.8,3.6,26.9,False,2016
97,Robert Covington,SF,25.0,PHI,67.0,49.0,28.4,4.1,10.6,0.385,2.5,7.2,0.353,1.6,3.4,0.452,0.504,2.1,2.6,0.791,1.0,5.3,6.3,1.4,1.6,0.6,2.1,3.5,12.8,False,2016
98,Allen Crabbe,SG,23.0,POR,81.0,8.0,26.0,3.8,8.4,0.459,1.4,3.5,0.393,2.5,4.9,0.506,0.541,1.2,1.4,0.867,0.3,2.3,2.7,1.2,0.8,0.2,0.8,2.4,10.3,False,2016
99,Jamal Crawford,SG,35.0,LAC,79.0,5.0,26.9,4.8,11.9,0.404,1.5,4.4,0.34,3.3,7.5,0.44,0.466,3.1,3.4,0.904,0.3,1.6,1.8,2.3,0.7,0.2,1.4,1.5,14.2,False,2016
100,Jae Crowder,SF,25.0,BOS,73.0,73.0,31.6,4.9,11.1,0.443,1.7,5.0,0.336,3.3,6.2,0.529,0.518,2.7,3.3,0.82,1.0,4.2,5.1,1.8,1.7,0.5,1.1,2.7,14.2,False,2016
101,Dante Cunningham,SF,28.0,NOP,80.0,46.0,24.6,2.3,5.2,0.451,0.7,2.2,0.316,1.6,3.0,0.55,0.518,0.7,1.0,0.695,0.7,2.2,3.0,1.0,0.5,0.4,0.5,2.2,6.1,False,2016
102,Jared Cunningham,SG,24.0,Traded,88.0,6.0,9.32,0.81,2.4,0.34,0.31,0.9,0.31,0.55,1.51,0.36,0.4,0.83,1.28,0.65,0.1,0.82,0.87,0.49,0.31,0.05,0.51,0.9,2.71,False,2016
103,Seth Curry,PG,25.0,SAC,44.0,9.0,15.7,2.3,5.1,0.455,1.1,2.5,0.45,1.2,2.6,0.46,0.567,1.0,1.2,0.833,0.2,1.2,1.4,1.5,0.5,0.1,0.8,0.9,6.8,False,2016
104,Stephen Curry,PG,27.0,GSW,79.0,79.0,34.2,10.2,20.2,0.504,5.1,11.2,0.454,5.1,9.0,0.566,0.63,4.6,5.1,0.908,0.9,4.6,5.4,6.7,2.1,0.2,3.3,2.0,30.1,False,2016
105,Troy Daniels,SG,24.0,CHO,43.0,0.0,11.1,2.1,4.3,0.476,1.4,2.8,0.484,0.7,1.5,0.462,0.634,0.1,0.2,0.556,0.2,1.2,1.3,0.5,0.3,0.1,0.6,0.9,5.6,False,2016
106,Anthony Davis,C,22.0,NOP,61.0,61.0,35.5,9.2,18.6,0.493,0.6,1.8,0.324,8.6,16.9,0.511,0.508,5.3,7.0,0.758,2.1,8.1,10.3,1.9,1.3,2.0,2.0,2.4,24.3,False,2016
107,Ed Davis,PF,26.0,POR,81.0,0.0,20.8,2.5,4.2,0.611,0.0,0.0,,2.5,4.2,0.611,0.611,1.4,2.5,0.559,2.8,4.6,7.4,1.1,0.7,0.9,0.8,2.5,6.5,False,2016
108,Branden Dawson,PF,22.0,LAC,6.0,0.0,4.8,0.3,0.8,0.4,0.0,0.0,,0.3,0.8,0.4,0.4,0.2,0.2,1.0,0.3,0.3,0.7,0.0,0.0,0.2,0.0,0.3,0.8,False,2016
109,Dewayne Dedmon,C,26.0,ORL,58.0,20.0,12.2,1.7,3.1,0.559,0.0,0.0,,1.7,3.1,0.559,0.559,1.0,1.3,0.75,1.2,2.8,3.9,0.2,0.4,0.8,0.6,1.9,4.4,False,2016
110,Bryce Dejean-Jones,SG,23.0,NOP,14.0,11.0,19.9,2.0,4.9,0.406,0.9,2.3,0.375,1.1,2.6,0.432,0.493,0.8,1.5,0.524,0.6,2.9,3.4,1.1,0.7,0.1,0.8,1.2,5.6,False,2016
111,Sam Dekker,PF,21.0,HOU,3.0,0.0,2.0,0.0,0.0,,0.0,0.0,,0.0,0.0,,,0.0,0.0,,0.0,0.3,0.3,0.0,0.3,0.0,0.0,0.0,0.0,False,2016
112,Matthew Dellavedova,PG,25.0,CLE,76.0,14.0,24.6,2.7,6.7,0.405,1.3,3.1,0.41,1.4,3.6,0.401,0.501,0.8,0.9,0.864,0.4,1.7,2.1,4.4,0.6,0.1,1.5,2.3,7.5,False,2016
113,Luol Deng,PF,30.0,MIA,74.0,73.0,32.4,4.6,10.1,0.455,1.2,3.5,0.344,3.4,6.6,0.513,0.514,2.0,2.6,0.755,1.5,4.5,6.0,1.9,1.0,0.4,1.1,1.6,12.3,False,2016
114,DeMar DeRozan,SG,26.0,TOR,78.0,78.0,35.9,7.9,17.7,0.446,0.6,1.8,0.338,7.3,15.9,0.458,0.463,7.1,8.4,0.85,0.8,3.7,4.5,4.0,1.0,0.3,2.2,2.1,23.5,False,2016
115,Boris Diaw,PF,33.0,SAS,76.0,4.0,18.2,2.7,5.0,0.527,0.3,0.9,0.362,2.3,4.1,0.564,0.56,0.7,1.0,0.737,0.8,2.3,3.1,2.3,0.3,0.3,1.3,1.3,6.4,False,2016
116,Gorgui Dieng,C,26.0,MIN,82.0,39.0,27.1,3.8,7.1,0.532,0.1,0.2,0.3,3.7,6.8,0.54,0.537,2.5,3.0,0.827,1.9,5.2,7.1,1.7,1.1,1.2,1.7,2.7,10.1,False,2016
117,Spencer Dinwiddie,PG,22.0,DET,12.0,0.0,13.3,1.6,4.5,0.352,0.1,0.8,0.1,1.5,3.7,0.409,0.361,1.6,2.8,0.576,0.3,1.1,1.4,1.8,0.3,0.0,0.6,1.7,4.8,False,2016
118,Toney Douglas,PG,29.0,NOP,61.0,18.0,20.7,3.0,7.3,0.411,1.3,3.3,0.399,1.7,4.0,0.421,0.502,1.4,1.6,0.848,0.4,1.9,2.3,2.6,1.1,0.1,1.0,2.1,8.7,False,2016
119,Goran Dragić,PG,29.0,MIA,72.0,72.0,32.8,5.8,12.2,0.477,0.9,2.8,0.312,4.9,9.3,0.527,0.513,1.7,2.3,0.727,0.8,3.1,3.8,5.8,1.0,0.2,2.6,2.6,14.1,False,2016
120,Andre Drummond,C,22.0,DET,81.0,81.0,32.9,6.8,13.1,0.521,0.0,0.1,0.333,6.8,13.0,0.522,0.522,2.6,7.2,0.355,4.9,9.9,14.8,0.8,1.5,1.4,1.9,3.0,16.2,False,2016
121,Jared Dudley,PF,30.0,WAS,81.0,41.0,25.9,2.9,6.0,0.478,1.2,2.9,0.42,1.6,3.1,0.534,0.581,0.9,1.2,0.735,0.7,2.9,3.5,2.1,0.9,0.2,1.0,2.3,7.9,False,2016
122,Duje Dukan,SF,24.0,SAC,1.0,0.0,24.0,2.0,10.0,0.2,2.0,5.0,0.4,0.0,5.0,0.0,0.3,0.0,0.0,,2.0,2.0,4.0,1.0,1.0,0.0,0.0,2.0,6.0,False,2016
123,Tim Duncan,C,39.0,SAS,61.0,60.0,25.2,3.5,7.2,0.488,0.0,0.0,0.0,3.5,7.2,0.49,0.488,1.5,2.1,0.702,1.9,5.4,7.3,2.7,0.8,1.3,1.5,2.0,8.6,True,2016
124,Mike Dunleavy,SF,35.0,CHI,31.0,30.0,22.7,2.5,6.1,0.41,1.3,3.2,0.394,1.2,2.9,0.427,0.513,0.9,1.2,0.784,0.3,2.4,2.7,1.3,0.5,0.3,0.8,2.1,7.2,False,2016
125,Kevin Durant,SF,27.0,OKC,72.0,72.0,35.8,9.7,19.2,0.505,2.6,6.7,0.387,7.1,12.5,0.569,0.573,6.2,6.9,0.898,0.6,7.6,8.2,5.0,1.0,1.2,3.5,1.9,28.2,False,2016
126,Cleanthony Early,SF,24.0,NYK,17.0,2.0,9.1,0.7,2.4,0.3,0.2,0.9,0.267,0.5,1.5,0.32,0.35,0.2,0.2,0.75,0.2,1.3,1.5,0.4,0.1,0.2,0.5,0.9,1.8,False,2016
127,Jarell Eddie,SF,24.0,WAS,26.0,0.0,5.7,0.8,2.5,0.308,0.6,1.8,0.319,0.2,0.7,0.278,0.423,0.3,0.3,1.0,0.1,0.8,0.9,0.2,0.2,0.0,0.0,0.2,2.4,False,2016
128,Wayne Ellington,SG,28.0,BRK,76.0,41.0,21.3,2.9,7.4,0.389,1.3,3.5,0.358,1.6,3.9,0.416,0.474,0.7,0.8,0.857,0.3,2.0,2.3,1.1,0.6,0.1,0.6,1.1,7.7,False,2016
129,Monta Ellis,SG,30.0,IND,81.0,81.0,33.8,5.4,12.6,0.427,1.1,3.5,0.309,4.3,9.1,0.472,0.47,2.0,2.5,0.786,0.5,2.8,3.3,4.7,1.9,0.5,2.5,2.1,13.8,False,2016
130,James Ennis,SF,25.0,Traded,44.0,10.0,14.97,2.49,5.12,,1.2,2.63,,1.29,2.51,,,1.12,1.53,,0.98,0.98,1.91,0.98,0.71,0.21,0.88,1.29,7.22,False,2016
131,Tyler Ennis,PG,21.0,MIL,46.0,7.0,14.2,1.8,4.1,0.449,0.3,0.8,0.333,1.5,3.2,0.48,0.484,0.5,0.7,0.735,0.3,1.3,1.6,2.1,0.5,0.0,1.0,1.4,4.5,False,2016
132,Jeremy Evans,SF,28.0,DAL,30.0,2.0,8.4,0.9,1.6,0.542,0.1,0.5,0.25,0.7,1.1,0.688,0.583,0.5,0.7,0.714,0.4,1.4,1.8,0.1,0.2,0.3,0.2,0.6,2.4,False,2016
133,Tyreke Evans,SG,26.0,NOP,25.0,25.0,30.6,5.4,12.6,0.433,1.3,3.4,0.388,4.1,9.2,0.45,0.486,3.0,3.7,0.796,0.8,4.4,5.2,6.6,1.3,0.3,2.9,2.6,15.2,False,2016
134,Festus Ezeli,C,26.0,GSW,46.0,13.0,16.7,2.7,5.0,0.548,0.0,0.0,,2.7,5.0,0.548,0.548,1.5,2.9,0.53,2.0,3.6,5.6,0.7,0.4,1.1,0.8,2.0,7.0,False,2016
135,Kenneth Faried,PF,26.0,DEN,67.0,64.0,25.3,5.2,9.3,0.558,0.0,0.0,0.5,5.2,9.3,0.558,0.558,2.0,3.3,0.613,3.5,5.2,8.7,1.2,0.5,0.9,1.4,2.5,12.5,False,2016
136,Jordan Farmar,PG,29.0,MEM,12.0,10.0,24.3,3.5,8.3,0.42,1.3,3.8,0.356,2.2,4.6,0.473,0.5,0.8,0.8,1.0,0.3,1.8,2.1,3.1,1.3,0.2,1.5,1.8,9.2,False,2016
137,Derrick Favors,PF,24.0,UTA,62.0,59.0,32.0,6.7,13.1,0.515,0.0,0.1,0.0,6.7,13.0,0.518,0.515,2.9,4.1,0.709,2.7,5.4,8.1,1.5,1.2,1.5,1.7,2.4,16.4,False,2016
138,Cristiano Felício,C,23.0,CHI,31.0,4.0,10.4,1.3,2.3,0.556,0.0,0.1,0.0,1.3,2.2,0.588,0.556,0.8,1.1,0.714,1.0,2.3,3.3,0.8,0.2,0.4,0.4,1.0,3.4,False,2016
139,Raymond Felton,PG,31.0,DAL,80.0,31.0,27.4,3.5,8.5,0.406,0.8,2.7,0.282,2.7,5.9,0.463,0.45,1.9,2.2,0.847,0.5,2.8,3.2,3.6,0.9,0.2,1.5,1.8,9.5,False,2016
140,Evan Fournier,SF,23.0,ORL,79.0,71.0,32.5,5.4,11.8,0.462,2.0,4.9,0.4,3.5,6.8,0.506,0.546,2.5,3.0,0.836,0.4,2.4,2.8,2.7,1.2,0.0,1.7,2.7,15.4,False,2016
141,Randy Foye,SG,32.0,Traded,162.0,16.0,20.28,2.1,5.98,0.35,0.9,3.08,0.3,1.17,2.87,0.4,0.43,0.77,0.92,0.82,0.3,1.6,1.9,2.0,0.5,0.38,1.08,1.6,5.88,False,2016
142,Tim Frazier,PG,25.0,Traded,102.0,4.0,14.52,1.91,4.5,0.39,0.31,0.92,0.29,1.58,3.51,0.43,0.43,1.01,1.47,0.66,0.49,1.62,2.17,3.19,0.62,0.02,1.3,1.42,5.12,False,2016
143,Jimmer Fredette,SG,26.0,Traded,12.0,0.0,3.02,0.33,0.82,0.45,0.18,0.33,0.42,0.2,0.52,,0.58,0.68,0.82,,0.0,0.0,0.0,0.2,0.2,0.0,0.33,0.33,1.5,False,2016
144,Channing Frye,PF-C,32.0,Traded,140.0,64.0,17.12,2.17,4.97,0.44,1.31,3.4,0.39,0.91,1.61,0.54,0.57,0.4,0.5,0.86,0.5,2.82,3.32,1.0,0.41,0.41,0.61,1.81,6.08,False,2016
145,Danilo Gallinari,SF,27.0,DEN,53.0,53.0,34.7,5.4,13.2,0.41,1.6,4.5,0.364,3.8,8.7,0.434,0.472,7.1,8.2,0.868,1.0,4.3,5.3,2.5,0.8,0.4,1.5,1.6,19.5,False,2016
146,Langston Galloway,PG,24.0,NYK,82.0,7.0,24.8,2.8,7.2,0.393,0.9,2.7,0.344,1.9,4.4,0.423,0.458,1.0,1.4,0.754,0.5,3.0,3.5,2.5,0.9,0.3,0.7,2.2,7.6,False,2016
147,Kevin Garnett,PF,39.0,MIN,38.0,38.0,14.6,1.4,3.0,0.47,0.0,0.0,0.0,1.4,3.0,0.474,0.47,0.4,0.6,0.667,0.4,3.6,3.9,1.6,0.7,0.3,0.4,1.8,3.2,True,2016
148,Marc Gasol,C,31.0,MEM,52.0,52.0,34.4,6.3,13.6,0.464,0.0,0.1,0.667,6.3,13.5,0.463,0.465,3.9,4.7,0.829,1.1,5.8,7.0,3.8,1.0,1.3,2.3,2.7,16.6,False,2016
149,Pau Gasol,C,35.0,CHI,72.0,72.0,31.8,6.5,13.8,0.469,0.3,1.0,0.348,6.2,12.9,0.478,0.481,3.2,4.0,0.792,2.2,8.9,11.0,4.1,0.6,2.0,2.3,2.1,16.5,False,2016
150,Rudy Gay,SF,29.0,SAC,70.0,70.0,34.0,6.7,14.4,0.463,1.1,3.1,0.344,5.6,11.3,0.495,0.5,2.8,3.6,0.78,1.5,5.0,6.5,1.7,1.4,0.7,2.0,2.6,17.2,False,2016
151,Alonzo Gee,SF,28.0,NOP,73.0,38.0,22.4,1.8,3.5,0.518,0.2,0.8,0.283,1.6,2.7,0.59,0.551,0.6,0.9,0.667,0.8,2.5,3.4,1.0,0.9,0.2,0.8,2.3,4.5,False,2016
152,Paul George,SF,25.0,IND,81.0,81.0,34.8,7.5,17.9,0.418,2.6,7.0,0.371,4.9,10.9,0.447,0.49,5.6,6.5,0.86,1.0,6.0,7.0,4.1,1.9,0.4,3.3,2.8,23.1,False,2016
153,Taj Gibson,PF,30.0,CHI,73.0,55.0,26.5,3.6,6.8,0.526,0.0,0.0,0.0,3.6,6.8,0.529,0.526,1.4,2.0,0.692,2.8,4.1,6.9,1.5,0.6,1.1,1.1,2.5,8.6,False,2016
154,Manu Ginóbili,SG,38.0,SAS,58.0,0.0,19.6,3.4,7.5,0.453,1.2,3.1,0.391,2.2,4.4,0.496,0.533,1.6,1.9,0.813,0.4,2.1,2.5,3.1,1.1,0.2,1.7,1.7,9.6,False,2016
155,Rudy Gobert,C,23.0,UTA,61.0,60.0,31.7,3.2,5.8,0.559,0.0,0.0,,3.2,5.8,0.559,0.559,2.6,4.6,0.569,3.4,7.5,11.0,1.5,0.7,2.2,1.9,2.7,9.1,False,2016
156,Drew Gooden,PF,34.0,WAS,30.0,0.0,10.2,1.1,3.4,0.32,0.2,1.4,0.171,0.9,2.1,0.419,0.354,0.3,0.5,0.643,0.9,1.9,2.8,0.4,0.3,0.4,0.4,1.3,2.7,False,2016
157,Archie Goodwin,PG,21.0,PHO,57.0,13.0,19.5,3.1,7.4,0.417,0.4,1.7,0.232,2.7,5.7,0.474,0.444,2.3,3.4,0.674,0.5,2.0,2.5,2.1,0.5,0.2,1.8,1.5,8.9,False,2016
158,Aaron Gordon,PF,20.0,ORL,78.0,37.0,23.9,3.5,7.4,0.473,0.5,1.8,0.296,3.0,5.6,0.531,0.509,1.7,2.5,0.668,2.0,4.5,6.5,1.6,0.8,0.7,0.8,2.0,9.2,False,2016
159,Eric Gordon,SG,27.0,NOP,45.0,44.0,32.9,5.1,12.3,0.418,2.5,6.5,0.384,2.6,5.7,0.457,0.521,2.5,2.8,0.888,0.2,2.0,2.2,2.7,1.0,0.3,1.6,2.2,15.2,False,2016
160,Marcin Gortat,C,31.0,WAS,75.0,74.0,30.1,5.8,10.2,0.567,0.0,0.0,0.0,5.8,10.2,0.567,0.567,1.9,2.8,0.705,3.0,6.9,9.9,1.4,0.6,1.3,1.6,2.6,13.5,False,2016
161,Andrew Goudelock,PG,27.0,HOU,8.0,0.0,6.3,1.1,2.5,0.45,0.1,1.1,0.111,1.0,1.4,0.727,0.475,0.4,0.5,0.75,0.1,0.1,0.3,0.5,0.8,0.3,0.9,0.5,2.8,False,2016
162,Jerami Grant,PF,21.0,PHI,77.0,52.0,26.8,3.3,7.8,0.419,0.5,1.9,0.24,2.8,5.9,0.477,0.448,2.8,4.2,0.658,1.3,3.4,4.7,1.8,0.7,1.6,1.4,2.8,9.7,False,2016
163,Jerian Grant,PG,23.0,NYK,76.0,6.0,16.6,2.0,5.1,0.394,0.3,1.3,0.22,1.7,3.8,0.454,0.422,1.3,1.6,0.78,0.3,1.6,1.9,2.3,0.7,0.1,1.1,1.3,5.6,False,2016
164,Danny Green,SG,28.0,SAS,79.0,79.0,26.1,2.7,7.1,0.376,1.5,4.4,0.332,1.2,2.7,0.448,0.48,0.4,0.6,0.739,0.6,3.2,3.8,1.8,1.0,0.8,0.9,1.8,7.2,False,2016
165,Draymond Green,PF,25.0,GSW,81.0,81.0,34.7,5.0,10.1,0.49,1.2,3.2,0.388,3.7,6.9,0.537,0.551,2.8,4.1,0.696,1.7,7.8,9.5,7.4,1.5,1.4,3.2,3.0,14.0,False,2016
166,Erick Green,PG,24.0,Traded,18.0,0.0,4.67,0.57,1.42,0.33,0.12,0.58,0.18,0.43,0.88,,0.36,0.2,0.2,,0.32,0.3,0.67,0.3,0.12,0.0,0.0,0.43,1.43,False,2016
167,Gerald Green,SG,30.0,MIA,69.0,14.0,22.6,3.3,8.5,0.392,1.2,3.8,0.323,2.1,4.7,0.446,0.463,1.0,1.3,0.783,0.4,2.0,2.4,0.8,0.6,0.3,0.7,1.8,8.9,False,2016
168,JaMychal Green,PF,25.0,MEM,78.0,15.0,18.5,2.9,6.3,0.465,0.2,0.6,0.333,2.8,5.8,0.478,0.48,1.3,1.8,0.752,1.8,3.0,4.8,0.9,0.6,0.4,1.1,2.4,7.4,False,2016
169,Jeff Green,SF,29.0,Traded,160.0,82.0,28.18,4.4,10.3,0.43,0.82,2.7,0.31,3.58,7.6,0.47,0.47,2.07,2.77,0.74,0.9,3.22,4.16,1.7,0.73,0.52,1.18,2.07,11.73,False,2016
170,Blake Griffin,PF,26.0,LAC,35.0,35.0,33.4,8.6,17.2,0.499,0.2,0.5,0.333,8.4,16.7,0.504,0.504,4.0,5.5,0.727,1.5,6.9,8.4,4.9,0.8,0.5,2.4,2.7,21.4,False,2016
171,Jorge Gutiérrez,PG,27.0,CHO,12.0,0.0,5.3,0.5,0.9,0.545,0.0,0.2,0.0,0.5,0.8,0.667,0.545,0.8,0.9,0.909,0.0,0.6,0.6,1.4,0.3,0.0,0.5,0.3,1.8,False,2016
172,P.J. Hairston,SF,23.0,Traded,132.0,104.0,19.88,2.22,6.2,0.36,1.07,3.68,0.29,1.11,2.53,0.45,0.44,0.78,0.99,0.78,0.4,2.29,2.64,0.59,0.49,0.16,0.6,2.08,6.22,False,2016
173,Jordan Hamilton,SF,25.0,NOP,11.0,4.0,27.6,4.5,10.5,0.422,1.2,4.1,0.289,3.3,6.5,0.507,0.478,1.3,1.9,0.667,1.1,4.5,5.6,2.3,0.7,0.3,1.5,2.2,11.4,False,2016
174,Tyler Hansbrough,PF,30.0,CHO,44.0,0.0,7.8,0.7,1.6,0.451,0.0,0.1,0.667,0.7,1.5,0.441,0.465,0.9,1.5,0.585,0.9,1.1,2.0,0.2,0.3,0.2,0.3,1.3,2.4,False,2016
175,Tim Hardaway Jr.,SG,23.0,ATL,51.0,1.0,16.9,2.2,5.2,0.43,0.9,2.8,0.338,1.3,2.4,0.537,0.521,1.0,1.1,0.893,0.1,1.5,1.7,1.0,0.4,0.1,0.5,0.9,6.4,False,2016
176,James Harden,SG,26.0,HOU,82.0,82.0,38.1,8.7,19.7,0.439,2.9,8.0,0.359,5.8,11.7,0.494,0.512,8.8,10.2,0.86,0.8,5.3,6.1,7.5,1.7,0.6,4.6,2.8,29.0,False,2016
177,Maurice Harkless,SF,22.0,POR,78.0,14.0,18.7,2.5,5.3,0.474,0.5,1.8,0.279,2.0,3.5,0.576,0.522,0.9,1.4,0.622,1.3,2.3,3.6,0.9,0.6,0.4,0.8,1.6,6.4,False,2016
178,Justin Harper,PF,26.0,DET,5.0,0.0,7.0,0.8,2.0,0.4,0.8,1.8,0.444,0.0,0.2,0.0,0.6,0.2,0.4,0.5,0.0,0.2,0.2,0.0,0.2,0.0,0.4,0.6,2.6,False,2016
179,Montrezl Harrell,PF,22.0,HOU,39.0,1.0,9.7,1.5,2.3,0.644,0.0,0.0,0.0,1.5,2.3,0.652,0.644,0.6,1.2,0.522,0.6,1.0,1.7,0.4,0.3,0.3,0.4,1.2,3.6,False,2016
180,Devin Harris,PG,32.0,DAL,64.0,0.0,20.0,2.6,5.8,0.447,0.8,2.5,0.329,1.8,3.4,0.532,0.516,1.6,2.2,0.721,0.3,1.9,2.2,1.8,0.9,0.2,1.0,1.9,7.6,False,2016
181,Gary Harris,SG,21.0,DEN,76.0,76.0,32.1,4.7,10.1,0.469,1.4,3.9,0.354,3.3,6.2,0.543,0.538,1.4,1.8,0.82,0.7,2.2,2.9,1.9,1.3,0.2,1.3,1.9,12.3,False,2016
182,Joe Harris,SG,24.0,CLE,5.0,0.0,3.0,0.2,0.8,0.25,0.2,0.8,0.25,0.0,0.0,,0.375,0.0,0.0,,0.0,0.6,0.6,0.4,0.0,0.0,0.2,0.2,0.6,False,2016
183,Tobias Harris,PF,23.0,Traded,152.0,148.0,33.09,5.48,11.69,0.47,1.09,3.14,0.33,4.42,8.58,0.52,0.51,2.66,3.19,0.83,1.26,5.41,6.71,2.21,0.9,0.51,1.41,2.02,14.72,False,2016
184,Aaron Harrison,SG,21.0,CHO,21.0,0.0,4.4,0.2,0.9,0.263,0.1,0.5,0.3,0.1,0.4,0.222,0.342,0.2,0.6,0.417,0.2,0.5,0.7,0.1,0.3,0.0,0.2,0.5,0.9,False,2016
185,Udonis Haslem,PF,35.0,MIA,37.0,0.0,7.0,0.6,1.6,0.377,0.0,0.2,0.111,0.6,1.4,0.423,0.385,0.3,0.4,0.75,0.3,1.8,2.0,0.4,0.1,0.1,0.1,0.7,1.6,False,2016
186,Spencer Hawes,PF,27.0,CHO,57.0,6.0,18.2,2.2,5.4,0.405,0.7,1.8,0.373,1.5,3.6,0.422,0.467,0.9,1.1,0.831,0.9,3.4,4.3,1.9,0.4,0.5,1.0,1.9,6.0,False,2016
187,Chuck Hayes,C,32.0,HOU,2.0,0.0,12.0,0.5,1.0,0.5,0.0,0.0,,0.5,1.0,0.5,0.5,1.0,1.0,1.0,0.0,4.0,4.0,1.0,0.0,0.0,1.5,3.0,2.0,False,2016
188,Gordon Hayward,SF,25.0,UTA,80.0,80.0,36.2,6.5,15.0,0.433,1.8,5.1,0.349,4.7,9.9,0.477,0.493,4.9,6.0,0.824,0.8,4.2,5.0,3.7,1.2,0.3,2.5,2.3,19.7,False,2016
189,Gerald Henderson,SG,28.0,POR,72.0,0.0,19.9,3.2,7.3,0.439,0.7,1.9,0.353,2.6,5.5,0.468,0.484,1.6,2.0,0.767,0.4,2.5,2.9,1.0,0.5,0.3,0.9,1.2,8.7,False,2016
190,John Henson,C,25.0,MIL,57.0,1.0,16.8,2.9,5.1,0.564,0.0,0.0,0.0,2.9,5.1,0.566,0.564,1.2,2.1,0.59,1.5,2.4,3.9,0.9,0.3,1.9,1.1,2.3,7.0,False,2016
191,Mario Hezonja,SF,20.0,ORL,79.0,9.0,17.9,2.3,5.3,0.433,0.8,2.4,0.349,1.4,2.9,0.504,0.513,0.6,0.7,0.907,0.4,1.9,2.2,1.4,0.5,0.2,1.2,1.6,6.1,False,2016
192,Roy Hibbert,C,29.0,LAL,81.0,81.0,23.2,2.2,5.1,0.443,0.0,0.0,0.0,2.2,5.0,0.445,0.443,1.4,1.8,0.807,1.6,3.3,4.9,1.2,0.4,1.4,0.9,3.1,5.9,False,2016
193,J.J. Hickson,C,27.0,Traded,70.0,18.0,12.49,2.31,4.44,0.52,0.0,0.02,,2.31,4.41,0.52,0.52,1.33,2.93,0.45,1.1,2.7,3.8,0.69,0.41,0.39,0.71,1.34,5.91,False,2016
194,Nenê,PF,33.0,WAS,57.0,11.0,19.2,3.7,6.7,0.544,0.0,0.1,0.0,3.7,6.7,0.549,0.544,1.9,3.2,0.578,0.9,3.6,4.5,1.7,0.9,0.5,1.3,2.7,9.2,False,2016
195,George Hill,PG,29.0,IND,74.0,73.0,34.1,4.4,10.0,0.441,1.7,4.2,0.408,2.7,5.7,0.466,0.528,1.5,2.0,0.76,0.8,3.2,4.0,3.5,1.1,0.2,1.4,2.0,12.1,False,2016
196,Jordan Hill,C,28.0,IND,73.0,11.0,20.7,3.8,7.5,0.506,0.0,0.0,0.0,3.8,7.5,0.507,0.506,1.2,1.7,0.712,2.1,4.0,6.2,1.2,0.5,0.5,1.3,2.1,8.8,False,2016
197,Solomon Hill,SF,24.0,IND,59.0,3.0,14.7,1.6,3.5,0.447,0.4,1.3,0.324,1.2,2.3,0.515,0.505,0.6,0.7,0.857,0.7,2.2,2.8,1.0,0.6,0.2,0.6,1.2,4.2,False,2016
198,Darrun Hilliard,SG,22.0,DET,38.0,2.0,10.1,1.4,3.4,0.397,0.5,1.3,0.38,0.9,2.1,0.407,0.469,0.8,1.1,0.725,0.1,1.1,1.2,0.7,0.2,0.0,0.5,0.7,4.0,False,2016
199,Kirk Hinrich,PG,35.0,Traded,92.0,14.0,13.72,1.07,2.81,0.36,0.53,1.32,0.37,0.53,1.49,0.36,0.45,0.3,0.34,,0.19,1.34,1.53,1.6,0.33,0.01,0.69,1.4,3.01,False,2016
200,Jrue Holiday,PG,25.0,NOP,65.0,23.0,28.2,6.3,14.4,0.439,1.3,4.0,0.336,5.0,10.4,0.478,0.485,2.8,3.3,0.843,0.4,2.6,3.0,6.0,1.4,0.3,2.6,2.3,16.8,False,2016
201,Justin Holiday,SG,26.0,Traded,106.0,10.0,14.59,1.68,4.29,0.38,0.7,1.98,0.34,0.98,2.31,0.44,0.46,0.5,0.7,0.7,0.23,1.48,1.68,1.08,0.6,0.4,0.73,1.18,4.49,False,2016
202,Ryan Hollins,C,31.0,Traded,74.0,24.0,12.43,1.31,2.14,0.62,0.0,0.0,,1.31,2.14,0.62,0.62,0.7,1.11,,1.31,1.4,2.62,0.28,0.19,0.57,0.64,1.68,3.36,False,2016
203,Rondae Hollis-Jefferson,SF,21.0,BRK,29.0,17.0,21.2,2.2,4.8,0.457,0.1,0.5,0.286,2.0,4.3,0.476,0.471,1.3,1.8,0.712,1.3,4.0,5.3,1.5,1.3,0.6,0.9,2.1,5.8,False,2016
204,Richaun Holmes,PF,22.0,PHI,51.0,1.0,13.8,2.2,4.4,0.514,0.2,0.9,0.182,2.1,3.5,0.596,0.532,1.0,1.5,0.689,1.2,1.4,2.6,0.6,0.4,0.8,0.6,1.8,5.6,False,2016
205,Rodney Hood,SG,23.0,UTA,79.0,79.0,32.2,5.2,12.3,0.42,2.0,5.7,0.359,3.1,6.6,0.472,0.503,2.2,2.5,0.86,0.5,2.9,3.4,2.7,0.9,0.2,1.6,2.6,14.5,False,2016
206,Al Horford,C,29.0,ATL,82.0,82.0,32.1,6.5,12.8,0.505,1.1,3.1,0.344,5.4,9.7,0.557,0.547,1.3,1.6,0.798,1.8,5.5,7.3,3.2,0.8,1.5,1.3,2.0,15.2,False,2016
207,Dwight Howard,C,30.0,HOU,71.0,71.0,32.1,5.2,8.5,0.62,0.0,0.1,0.0,5.2,8.4,0.626,0.62,3.3,6.7,0.489,3.4,8.4,11.8,1.4,1.0,1.6,2.3,3.1,13.7,False,2016
208,Marcelo Huertas,PG,32.0,LAL,53.0,0.0,16.4,1.8,4.3,0.422,0.3,1.2,0.262,1.5,3.2,0.479,0.457,0.5,0.5,0.931,0.3,1.4,1.7,3.4,0.5,0.1,1.5,1.4,4.5,False,2016
209,Josh Huestis,PF,24.0,OKC,5.0,0.0,11.0,1.0,2.4,0.417,0.8,1.2,0.667,0.2,1.2,0.167,0.583,0.0,0.8,0.0,0.4,1.6,2.0,0.0,0.2,0.4,0.6,0.6,2.8,False,2016
210,Kris Humphries,PF,30.0,Traded,106.0,34.0,15.76,2.29,5.57,0.41,0.62,2.03,0.31,1.64,3.52,0.47,0.47,1.27,1.58,0.82,1.09,3.02,4.11,0.7,0.31,0.41,0.71,1.79,6.48,False,2016
211,R.J. Hunter,SG,22.0,BOS,36.0,0.0,8.8,1.0,2.7,0.367,0.5,1.8,0.302,0.5,1.0,0.486,0.464,0.2,0.2,0.857,0.1,1.0,1.0,0.4,0.4,0.1,0.3,0.8,2.7,False,2016
212,Serge Ibaka,PF,26.0,OKC,78.0,78.0,32.1,5.3,11.1,0.479,0.8,2.4,0.326,4.6,8.8,0.52,0.513,1.2,1.6,0.752,1.8,5.0,6.8,0.8,0.5,1.9,1.4,2.7,12.6,False,2016
213,Andre Iguodala,SF,32.0,GSW,65.0,1.0,26.6,2.7,5.7,0.478,0.8,2.4,0.351,1.9,3.3,0.57,0.552,0.8,1.3,0.614,0.8,3.2,4.0,3.4,1.1,0.3,1.2,1.6,7.0,False,2016
214,Ersan İlyasova,PF,28.0,Traded,148.0,112.0,25.41,3.81,8.93,0.42,1.3,3.49,0.37,2.51,5.41,0.46,0.5,1.5,2.09,0.72,1.91,3.5,5.41,0.91,0.69,0.42,0.96,2.3,10.37,False,2016
215,Joe Ingles,SF,28.0,UTA,81.0,2.0,15.3,1.5,3.6,0.426,1.0,2.6,0.386,0.5,1.0,0.531,0.565,0.2,0.2,0.722,0.2,1.6,1.9,1.2,0.7,0.0,0.8,1.2,4.2,False,2016
216,Damien Inglis,SF,20.0,MIL,20.0,1.0,7.8,0.7,1.9,0.351,0.2,0.7,0.231,0.5,1.2,0.417,0.392,0.4,0.4,0.875,0.1,1.5,1.6,0.5,0.3,0.2,0.6,0.6,1.8,False,2016
217,Kyrie Irving,PG,23.0,CLE,53.0,53.0,31.5,7.4,16.6,0.448,1.6,4.9,0.321,5.8,11.6,0.502,0.496,3.2,3.6,0.885,0.8,2.1,3.0,4.7,1.1,0.3,2.3,2.0,19.6,False,2016
218,Jarrett Jack,PG,32.0,BRK,32.0,32.0,32.1,4.4,11.2,0.391,1.0,3.2,0.304,3.4,8.0,0.426,0.434,3.1,3.5,0.893,0.3,4.0,4.3,7.4,1.1,0.2,2.9,2.4,12.8,False,2016
219,Reggie Jackson,PG,25.0,DET,79.0,79.0,30.7,6.8,15.7,0.434,1.5,4.2,0.353,5.3,11.5,0.464,0.482,3.7,4.3,0.864,0.7,2.5,3.2,6.2,0.7,0.1,2.8,2.4,18.8,False,2016
220,LeBron James,SF,31.0,CLE,76.0,76.0,35.6,9.7,18.6,0.52,1.1,3.7,0.309,8.6,14.9,0.573,0.551,4.7,6.5,0.731,1.5,6.0,7.4,6.8,1.4,0.6,3.3,1.9,25.3,False,2016
221,Al Jefferson,C,31.0,CHO,47.0,18.0,23.3,5.2,10.7,0.485,0.0,0.0,,5.2,10.7,0.485,0.485,1.5,2.4,0.649,1.2,5.2,6.4,1.5,0.6,0.9,0.7,2.5,12.0,False,2016
222,Cory Jefferson,PF,25.0,PHO,8.0,0.0,6.3,1.1,2.8,0.409,0.0,0.1,0.0,1.1,2.6,0.429,0.409,0.5,0.8,0.667,0.8,1.3,2.0,0.0,0.0,0.1,0.0,1.0,2.8,False,2016
223,Richard Jefferson,SF,35.0,CLE,74.0,5.0,17.9,1.9,4.2,0.458,0.9,2.3,0.382,1.0,1.9,0.554,0.564,0.8,1.2,0.667,0.2,1.5,1.7,0.8,0.4,0.2,0.6,1.7,5.5,False,2016
224,John Jenkins,SG,24.0,Traded,86.0,6.0,11.17,1.68,3.7,0.44,0.38,1.2,0.3,1.28,2.5,0.5,0.49,0.48,0.58,0.84,0.2,1.13,1.3,0.8,0.18,0.0,0.6,0.5,4.13,False,2016
225,Brandon Jennings,PG,26.0,Traded,96.0,14.0,18.1,2.33,6.3,0.37,1.08,3.2,0.33,1.3,3.1,0.41,0.45,1.2,1.62,0.73,0.3,1.7,2.0,3.51,0.6,0.13,1.2,1.18,6.9,False,2016
226,Jonas Jerebko,PF,28.0,BOS,78.0,0.0,15.1,1.5,3.7,0.413,0.6,1.4,0.398,1.0,2.3,0.421,0.488,0.8,1.0,0.782,1.0,2.7,3.7,0.8,0.3,0.3,0.7,1.8,4.4,False,2016
227,Amir Johnson,PF,28.0,BOS,79.0,76.0,22.8,3.2,5.4,0.585,0.1,0.5,0.233,3.0,4.8,0.624,0.596,0.9,1.5,0.57,2.3,4.1,6.4,1.7,0.7,1.1,1.2,2.7,7.3,False,2016
228,Chris Johnson,SF,25.0,UTA,70.0,2.0,12.2,1.0,2.8,0.371,0.4,1.4,0.273,0.6,1.4,0.474,0.441,0.5,0.6,0.81,0.4,1.5,1.9,0.6,0.5,0.3,0.6,1.4,2.9,False,2016
229,James Johnson,PF,28.0,TOR,57.0,32.0,16.2,2.0,4.2,0.475,0.4,1.2,0.303,1.6,3.1,0.54,0.517,0.7,1.2,0.574,0.5,1.7,2.2,1.2,0.5,0.6,0.9,1.5,5.0,False,2016
230,Joe Johnson,SF,34.0,Traded,162.0,162.0,33.37,4.66,10.62,0.44,1.5,3.88,0.38,3.18,6.71,0.47,0.51,1.48,1.78,0.83,0.6,2.99,3.59,3.93,0.78,0.01,1.97,1.81,12.24,False,2016
231,Orlando Johnson,SG,26.0,Traded,14.0,2.0,14.41,1.29,4.88,0.26,0.29,1.41,0.2,1.0,3.41,0.28,0.29,0.88,1.12,0.67,0.59,1.59,2.12,0.29,0.41,0.41,0.59,1.29,3.71,False,2016
232,Stanley Johnson,SF,19.0,DET,73.0,6.0,23.1,3.1,8.2,0.375,0.9,2.8,0.307,2.2,5.4,0.41,0.428,1.1,1.4,0.784,0.8,3.4,4.2,1.6,0.8,0.2,1.6,2.4,8.1,False,2016
233,Tyler Johnson,SG,23.0,MIA,36.0,5.0,24.0,3.3,6.8,0.486,0.8,2.0,0.38,2.5,4.8,0.529,0.541,1.4,1.8,0.797,0.8,2.3,3.0,2.2,0.7,0.4,1.3,1.8,8.7,False,2016
234,Wesley Johnson,SF,28.0,LAC,80.0,9.0,20.8,2.6,6.4,0.404,1.3,3.9,0.333,1.3,2.6,0.51,0.504,0.4,0.6,0.652,0.5,2.6,3.1,0.6,1.1,0.7,0.7,2.2,6.9,False,2016
235,Nikola Jokić,C,20.0,DEN,80.0,55.0,21.7,3.8,7.5,0.512,0.4,1.1,0.333,3.5,6.5,0.541,0.535,1.9,2.4,0.811,2.3,4.7,7.0,2.4,1.0,0.6,1.3,2.6,10.0,False,2016
236,Dahntay Jones,SF,35.0,CLE,1.0,0.0,42.0,6.0,14.0,0.429,1.0,2.0,0.5,5.0,12.0,0.417,0.464,0.0,0.0,,1.0,4.0,5.0,2.0,1.0,2.0,0.0,6.0,13.0,False,2016
237,James Jones,SF,35.0,CLE,48.0,0.0,9.6,1.2,3.0,0.408,0.9,2.2,0.394,0.4,0.8,0.447,0.553,0.4,0.5,0.808,0.2,0.9,1.0,0.3,0.2,0.2,0.3,1.0,3.7,False,2016
238,Terrence Jones,PF,24.0,HOU,50.0,11.0,20.9,3.3,7.3,0.452,0.5,1.6,0.316,2.8,5.8,0.49,0.486,1.5,2.3,0.664,1.2,3.0,4.2,0.8,0.5,0.8,1.0,1.7,8.7,False,2016
239,Tyus Jones,PG,19.0,MIN,37.0,0.0,15.5,1.5,4.2,0.359,0.4,1.4,0.302,1.1,2.8,0.388,0.41,0.8,1.1,0.718,0.2,1.1,1.3,2.9,0.8,0.1,0.9,0.9,4.2,False,2016
240,DeAndre Jordan,C,27.0,LAC,77.0,77.0,33.7,4.6,6.6,0.703,0.0,0.0,0.0,4.6,6.6,0.704,0.703,3.5,8.0,0.43,3.5,10.3,13.8,1.2,0.7,2.3,1.4,2.7,12.7,False,2016
241,Cory Joseph,SG,24.0,TOR,80.0,4.0,25.6,3.2,7.3,0.439,0.4,1.4,0.273,2.8,5.9,0.478,0.465,1.7,2.2,0.764,0.5,2.1,2.6,3.1,0.8,0.3,1.3,1.6,8.5,False,2016
242,Chris Kaman,C,33.0,POR,16.0,2.0,7.0,1.3,2.7,0.465,0.1,0.3,0.25,1.2,2.4,0.487,0.477,0.2,0.2,1.0,0.4,1.1,1.5,0.7,0.1,0.1,0.5,0.9,2.8,False,2016
243,Frank Kaminsky,C,22.0,CHO,81.0,3.0,21.1,2.7,6.5,0.41,0.8,2.5,0.337,1.8,4.0,0.455,0.474,1.3,1.8,0.73,0.9,3.3,4.1,1.2,0.5,0.5,0.7,1.6,7.5,False,2016
244,Enes Kanter,C,23.0,OKC,82.0,1.0,21.0,5.0,8.8,0.576,0.1,0.3,0.476,4.9,8.5,0.579,0.583,2.4,3.1,0.797,3.0,5.1,8.1,0.4,0.3,0.4,1.4,2.0,12.7,False,2016
245,Sergey Karasev,SF,22.0,BRK,40.0,5.0,10.0,0.8,1.9,0.405,0.3,0.9,0.297,0.5,0.9,0.514,0.48,0.7,0.7,0.929,0.2,1.3,1.5,0.9,0.2,0.1,0.6,0.7,2.4,False,2016
246,Sasha Kaun,C,30.0,CLE,25.0,0.0,3.8,0.4,0.7,0.529,0.0,0.0,,0.4,0.7,0.529,0.529,0.2,0.4,0.455,0.5,0.6,1.0,0.1,0.2,0.2,0.3,0.4,0.9,False,2016
247,Ryan Kelly,PF,24.0,LAL,36.0,0.0,13.1,1.5,4.1,0.369,0.1,1.0,0.135,1.4,3.1,0.446,0.386,1.0,1.5,0.685,0.6,2.8,3.4,0.6,0.4,0.3,0.5,1.1,4.2,False,2016
248,Michael Kidd-Gilchrist,SF,22.0,CHO,7.0,7.0,29.3,4.7,8.7,0.541,0.4,1.0,0.429,4.3,7.7,0.556,0.566,2.9,4.1,0.69,1.7,4.7,6.4,1.3,0.4,0.4,1.1,1.3,12.7,False,2016
249,Sean Kilpatrick,SG,26.0,Traded,62.0,0.0,19.89,3.98,8.69,0.45,1.27,3.68,0.34,2.71,5.01,0.59,0.52,1.92,2.19,0.89,0.39,1.4,1.82,0.91,0.39,0.09,1.01,1.2,11.11,False,2016
250,Brandon Knight,SG,24.0,PHO,52.0,50.0,36.0,7.1,17.2,0.415,2.3,6.8,0.342,4.8,10.5,0.461,0.482,3.0,3.5,0.852,0.7,3.2,3.9,5.1,1.2,0.4,3.4,2.4,19.6,False,2016
251,Kyle Korver,SG,34.0,ATL,80.0,80.0,30.0,3.4,7.7,0.435,2.0,5.0,0.398,1.4,2.7,0.502,0.563,0.6,0.7,0.833,0.2,3.1,3.3,2.1,0.8,0.4,1.2,2.0,9.2,False,2016
252,Kosta Koufos,C,26.0,SAC,78.0,14.0,19.0,3.0,5.7,0.532,0.0,0.0,,3.0,5.7,0.532,0.532,0.7,1.3,0.548,2.2,3.3,5.4,0.4,0.5,0.9,0.6,2.4,6.8,False,2016
253,Jeremy Lamb,SG,23.0,CHO,66.0,0.0,18.6,3.5,7.7,0.451,0.8,2.7,0.309,2.6,5.0,0.529,0.506,1.0,1.3,0.727,0.7,3.2,3.8,1.2,0.6,0.5,0.8,1.6,8.8,False,2016
254,Carl Landry,PF,32.0,PHI,36.0,12.0,15.8,3.9,6.9,0.556,0.2,0.4,0.462,3.7,6.6,0.561,0.568,1.9,2.5,0.736,1.4,2.7,4.1,0.9,0.3,0.3,0.6,1.9,9.8,False,2016
255,Shane Larkin,PG,23.0,BRK,78.0,17.0,22.4,2.8,6.4,0.442,0.5,1.4,0.361,2.3,5.1,0.464,0.481,1.1,1.4,0.776,0.4,1.9,2.3,4.4,1.2,0.2,1.9,1.6,7.3,False,2016
256,Joffrey Lauvergne,C,24.0,DEN,59.0,15.0,17.6,3.3,6.4,0.513,0.2,0.9,0.245,3.1,5.5,0.557,0.53,1.1,1.2,0.899,1.3,3.6,4.9,0.9,0.2,0.3,0.9,1.9,7.9,False,2016
257,Zach LaVine,SG,20.0,MIN,82.0,33.0,28.0,5.3,11.7,0.452,1.5,3.9,0.389,3.8,7.8,0.482,0.516,2.0,2.5,0.793,0.3,2.5,2.8,3.1,0.8,0.2,1.9,2.4,14.0,False,2016
258,Ty Lawson,PG,28.0,Traded,132.0,26.0,21.4,2.11,5.38,0.39,0.53,1.63,0.33,1.58,3.7,0.42,0.44,0.91,1.3,0.67,0.41,1.41,1.82,3.6,0.8,0.1,1.4,1.29,5.66,False,2016
259,Courtney Lee,SG,30.0,Traded,158.0,130.0,29.53,3.7,8.1,0.45,1.02,2.72,0.38,2.63,5.31,0.49,0.52,1.28,1.49,0.84,0.4,2.21,2.59,1.71,1.09,0.37,0.91,1.69,9.61,False,2016
260,David Lee,PF,32.0,Traded,110.0,10.0,16.41,3.21,6.09,0.53,0.0,0.0,,3.21,6.09,0.54,0.53,1.28,1.7,0.76,1.83,3.71,5.51,1.51,0.4,0.5,1.2,2.08,7.77,False,2016
261,Alex Len,C,22.0,PHO,78.0,46.0,23.3,3.4,8.0,0.423,0.0,0.1,0.143,3.4,7.9,0.426,0.424,2.2,3.1,0.728,2.3,5.3,7.6,1.2,0.5,0.8,1.9,2.9,9.0,False,2016
262,Kawhi Leonard,SF,24.0,SAS,72.0,72.0,33.1,7.7,15.1,0.506,1.8,4.0,0.443,5.9,11.1,0.528,0.565,4.1,4.6,0.874,1.3,5.5,6.8,2.6,1.8,1.0,1.5,1.8,21.2,False,2016
263,Meyers Leonard,PF,23.0,POR,61.0,10.0,21.9,3.2,7.1,0.448,1.4,3.7,0.377,1.8,3.4,0.527,0.547,0.6,0.8,0.761,0.8,4.3,5.1,1.5,0.1,0.3,1.3,3.0,8.4,False,2016
264,Jon Leuer,PF,26.0,PHO,67.0,27.0,18.7,3.3,7.0,0.481,0.6,1.6,0.382,2.7,5.3,0.511,0.526,1.1,1.5,0.762,1.1,4.4,5.6,1.1,0.6,0.4,1.1,1.9,8.5,False,2016
265,Damian Lillard,PG,25.0,POR,75.0,75.0,35.7,8.2,19.7,0.419,3.1,8.1,0.375,5.2,11.5,0.45,0.497,5.5,6.2,0.892,0.6,3.4,4.0,6.8,0.9,0.4,3.2,2.2,25.1,False,2016
266,Jeremy Lin,SG,27.0,CHO,78.0,13.0,26.3,3.8,9.3,0.412,1.0,2.9,0.336,2.9,6.4,0.446,0.464,3.1,3.7,0.815,0.5,2.7,3.2,3.0,0.7,0.5,1.9,2.1,11.7,False,2016
267,Shaun Livingston,PG,30.0,GSW,78.0,3.0,19.5,2.6,4.9,0.536,0.0,0.2,0.167,2.6,4.7,0.548,0.538,1.0,1.2,0.86,0.5,1.6,2.2,3.0,0.7,0.3,1.0,1.8,6.3,False,2016
268,Kevon Looney,PF,19.0,GSW,5.0,0.0,4.2,0.8,1.4,0.571,0.2,0.4,0.5,0.6,1.0,0.6,0.643,0.0,0.0,,0.8,1.2,2.0,0.0,0.0,0.0,0.2,0.4,1.8,False,2016
269,Brook Lopez,C,27.0,BRK,73.0,73.0,33.7,8.1,15.8,0.511,0.0,0.2,0.143,8.1,15.7,0.515,0.512,4.3,5.5,0.787,2.8,5.1,7.8,2.0,0.8,1.7,2.4,2.9,20.6,False,2016
270,Robin Lopez,C,27.0,NYK,82.0,82.0,27.1,4.4,8.1,0.539,0.0,0.0,0.0,4.4,8.1,0.54,0.539,1.6,2.0,0.795,3.3,4.1,7.3,1.4,0.2,1.6,1.6,2.2,10.3,False,2016
271,Kevin Love,PF,27.0,CLE,77.0,77.0,31.5,5.3,12.7,0.419,2.1,5.7,0.36,3.3,7.0,0.467,0.499,3.4,4.1,0.822,1.9,8.0,9.9,2.4,0.8,0.5,1.8,2.1,16.0,False,2016
272,Kyle Lowry,PG,29.0,TOR,77.0,77.0,37.0,6.6,15.6,0.427,2.8,7.1,0.388,3.9,8.5,0.461,0.516,5.2,6.4,0.811,0.7,4.0,4.7,6.4,2.1,0.4,2.9,2.7,21.2,False,2016
273,Trey Lyles,PF,20.0,UTA,80.0,33.0,17.3,2.4,5.5,0.438,0.6,1.6,0.383,1.8,3.9,0.461,0.494,0.7,1.0,0.695,0.7,3.0,3.7,0.7,0.3,0.2,0.8,1.4,6.1,False,2016
274,Shelvin Mack,PG,25.0,Traded,104.0,54.0,20.33,3.52,7.99,0.44,0.8,2.4,0.29,2.77,5.57,0.5,0.48,0.89,1.2,0.74,0.28,2.2,2.48,3.6,0.66,0.08,1.82,1.39,8.62,False,2016
275,Ian Mahinmi,C,29.0,IND,71.0,71.0,25.6,3.7,6.3,0.589,0.0,0.0,,3.7,6.3,0.589,0.589,1.9,3.2,0.587,1.9,5.2,7.1,1.5,0.9,1.1,1.4,3.1,9.3,False,2016
276,Devyn Marble,SG,23.0,ORL,28.0,0.0,8.9,0.8,2.5,0.296,0.3,1.1,0.25,0.5,1.4,0.333,0.352,0.4,0.9,0.417,0.2,1.1,1.4,0.4,0.5,0.0,0.3,0.9,2.1,False,2016
277,Boban Marjanović,C,27.0,SAS,54.0,4.0,9.4,1.9,3.2,0.603,0.0,0.0,,1.9,3.2,0.603,0.603,1.6,2.1,0.763,1.4,2.2,3.6,0.4,0.2,0.4,0.5,1.0,5.5,False,2016
278,Kendall Marshall,PG,24.0,PHI,30.0,6.0,13.3,1.4,3.9,0.364,0.5,1.6,0.327,0.9,2.3,0.391,0.432,0.3,0.4,0.692,0.1,0.9,0.9,2.4,0.5,0.1,1.4,1.0,3.7,False,2016
279,Jarell Martin,PF,21.0,MEM,27.0,0.0,14.1,2.0,4.3,0.466,0.0,0.1,0.0,2.0,4.2,0.474,0.466,1.7,2.3,0.726,1.4,1.7,3.2,0.6,0.3,0.3,0.7,2.1,5.7,False,2016
280,Kevin Martin,SG,32.0,Traded,110.0,26.0,19.91,2.81,7.62,0.37,0.91,2.48,0.36,1.94,5.12,0.38,0.43,2.8,3.1,0.89,0.3,1.72,2.01,1.09,0.48,0.06,1.01,1.48,9.31,False,2016
281,Wesley Matthews,SF,29.0,DAL,78.0,78.0,33.9,4.2,10.9,0.388,2.4,6.7,0.36,1.8,4.2,0.432,0.498,1.6,1.9,0.863,0.3,2.7,3.1,1.9,1.0,0.2,1.0,2.3,12.5,False,2016
282,O.J. Mayo,SG,28.0,MIL,41.0,24.0,26.6,2.9,7.8,0.371,1.3,4.0,0.321,1.6,3.9,0.421,0.452,0.8,1.0,0.775,0.3,2.2,2.6,2.9,1.2,0.2,1.8,3.1,7.8,False,2016
283,Luc Mbah a Moute,PF,29.0,LAC,75.0,61.0,17.0,1.3,2.8,0.454,0.2,0.5,0.325,1.1,2.2,0.485,0.486,0.4,0.8,0.526,0.8,1.5,2.3,0.4,0.6,0.3,0.5,1.3,3.1,False,2016
284,James Michael McAdoo,PF,23.0,GSW,41.0,1.0,6.4,1.1,2.0,0.536,0.0,0.0,0.5,1.1,2.0,0.537,0.542,0.6,1.2,0.531,0.7,0.7,1.4,0.4,0.2,0.2,0.4,1.0,2.9,False,2016
285,Ray McCallum,PG,24.0,Traded,82.0,12.0,11.61,1.33,3.6,0.38,0.4,1.01,0.34,0.98,2.5,0.4,0.43,0.3,0.37,0.81,0.2,0.97,1.12,1.5,0.31,0.17,0.61,0.72,3.32,False,2016
286,CJ McCollum,SG,24.0,POR,80.0,80.0,34.8,8.0,17.9,0.448,2.5,5.9,0.417,5.6,12.0,0.463,0.517,2.3,2.8,0.827,0.6,2.7,3.2,4.3,1.2,0.3,2.5,2.3,20.8,False,2016
287,T.J. McConnell,PG,23.0,PHI,81.0,17.0,19.8,2.7,5.7,0.47,0.4,1.1,0.348,2.3,4.6,0.499,0.503,0.3,0.5,0.634,0.5,2.6,3.1,4.5,1.2,0.1,1.7,1.4,6.1,False,2016
288,Chris McCullough,PF,20.0,BRK,24.0,4.0,15.1,1.8,4.5,0.404,0.5,1.4,0.382,1.3,3.1,0.413,0.463,0.5,1.0,0.478,1.0,1.8,2.8,0.4,1.2,0.5,0.6,1.6,4.7,False,2016
289,K.J. McDaniels,SF,22.0,HOU,37.0,1.0,6.4,0.8,1.9,0.403,0.2,0.7,0.28,0.6,1.3,0.468,0.451,0.6,0.8,0.8,0.4,0.7,1.1,0.3,0.2,0.2,0.5,0.8,2.4,False,2016
290,Doug McDermott,SF,24.0,CHI,81.0,4.0,23.0,3.6,8.0,0.452,1.4,3.2,0.425,2.2,4.8,0.47,0.537,0.9,1.0,0.857,0.5,2.0,2.4,0.7,0.2,0.1,0.7,1.6,9.4,False,2016
291,Mitch McGary,PF,23.0,OKC,20.0,0.0,3.6,0.6,1.2,0.478,0.0,0.2,0.0,0.6,1.0,0.579,0.478,0.2,0.5,0.4,0.2,0.7,0.9,0.2,0.1,0.1,0.4,0.5,1.3,False,2016
292,JaVale McGee,C,28.0,DAL,34.0,2.0,10.9,2.3,3.9,0.575,0.0,0.0,0.0,2.3,3.9,0.579,0.575,0.5,1.1,0.5,1.6,2.4,3.9,0.1,0.1,0.8,0.6,1.4,5.1,False,2016
293,Ben McLemore,SG,22.0,SAC,68.0,53.0,21.2,2.9,6.7,0.429,1.0,2.7,0.362,1.9,4.0,0.474,0.502,1.1,1.5,0.718,0.5,1.7,2.2,1.2,0.8,0.1,1.5,2.1,7.8,False,2016
294,Jordan McRae,PG,24.0,Traded,44.0,2.0,8.87,1.52,3.53,0.44,0.48,0.99,0.49,1.1,2.5,0.43,0.5,0.98,1.29,0.74,0.18,0.73,0.9,1.11,0.11,0.03,0.7,0.8,4.49,False,2016
295,Josh McRoberts,PF,28.0,MIA,42.0,1.0,14.2,1.3,3.5,0.372,0.3,1.2,0.245,1.0,2.4,0.434,0.412,0.7,1.0,0.7,0.5,2.0,2.5,1.9,0.4,0.2,0.7,1.6,3.6,False,2016
296,Jodie Meeks,SG,28.0,DET,3.0,0.0,14.3,2.3,6.7,0.35,1.3,3.0,0.444,1.0,3.7,0.273,0.45,1.3,1.3,1.0,0.3,1.3,1.7,1.0,0.0,0.0,0.3,0.7,7.3,False,2016
297,Salah Mejri,C,29.0,DAL,34.0,6.0,11.7,1.4,2.3,0.628,0.0,0.0,0.0,1.4,2.3,0.636,0.628,0.8,1.4,0.587,1.2,2.4,3.6,0.3,0.2,1.1,0.7,1.6,3.7,False,2016
298,Jordan Mickey,PF,21.0,BOS,16.0,0.0,3.6,0.5,1.4,0.364,0.0,0.0,,0.5,1.4,0.364,0.364,0.3,0.6,0.5,0.4,0.4,0.8,0.1,0.0,0.7,0.1,0.3,1.3,False,2016
299,Khris Middleton,SG,24.0,MIL,79.0,79.0,36.1,6.4,14.5,0.444,1.8,4.6,0.396,4.6,9.9,0.466,0.507,3.5,3.9,0.888,0.6,3.3,3.8,4.2,1.7,0.2,2.3,2.6,18.2,False,2016
300,C.J. Miles,SF,28.0,IND,64.0,24.0,22.9,4.0,9.9,0.409,2.2,6.0,0.367,1.8,3.9,0.474,0.521,1.5,1.9,0.75,0.4,2.3,2.7,1.0,0.8,0.5,1.1,2.2,11.8,False,2016
301,Andre Miller,PG,39.0,Traded,78.0,8.0,11.82,1.52,2.7,0.57,0.07,0.22,0.25,1.47,2.52,0.59,0.57,0.62,0.8,0.75,0.3,1.0,1.3,2.2,0.38,0.0,0.93,1.18,3.7,False,2016
302,Mike Miller,SF,35.0,DEN,47.0,2.0,7.9,0.5,1.3,0.355,0.4,1.1,0.365,0.1,0.2,0.3,0.508,0.0,0.0,,0.1,1.0,1.1,0.9,0.3,0.1,0.4,1.1,1.3,False,2016
303,Patty Mills,PG,27.0,SAS,81.0,3.0,20.5,3.2,7.6,0.425,1.5,4.0,0.384,1.7,3.6,0.469,0.525,0.6,0.7,0.81,0.3,1.6,2.0,2.8,0.7,0.1,0.9,1.3,8.5,False,2016
304,Elijah Millsap,SG,28.0,UTA,20.0,0.0,8.7,0.6,2.0,0.282,0.1,0.6,0.083,0.5,1.4,0.37,0.295,0.7,0.9,0.722,0.3,1.5,1.8,1.0,0.4,0.2,0.5,1.7,1.8,False,2016
305,Paul Millsap,PF,30.0,ATL,81.0,81.0,32.7,6.2,13.2,0.47,0.9,2.9,0.319,5.3,10.3,0.512,0.505,3.8,5.0,0.757,2.4,6.6,9.0,3.3,1.8,1.7,2.4,2.9,17.1,False,2016
306,Nikola Mirotić,PF,24.0,CHI,66.0,38.0,24.9,3.8,9.2,0.407,2.0,5.2,0.39,1.7,4.0,0.43,0.518,2.2,2.7,0.807,0.9,4.6,5.5,1.5,0.9,0.7,1.5,2.3,11.8,False,2016
307,Nazr Mohammed,C,38.0,OKC,5.0,0.0,3.8,0.6,1.0,0.6,0.0,0.0,,0.6,1.0,0.6,0.6,0.4,0.4,1.0,0.2,0.6,0.8,0.0,0.0,0.0,0.6,0.8,1.6,False,2016
308,Greg Monroe,C,25.0,MIL,79.0,67.0,29.3,6.2,11.9,0.522,0.0,0.0,0.0,6.2,11.9,0.522,0.522,2.9,3.9,0.74,2.8,6.1,8.8,2.3,0.9,0.8,1.6,2.1,15.3,False,2016
309,Luis Montero,SG,22.0,POR,12.0,0.0,3.5,0.4,1.6,0.263,0.1,0.8,0.111,0.3,0.8,0.4,0.289,0.3,0.3,0.75,0.0,0.3,0.3,0.1,0.0,0.0,0.3,0.1,1.2,False,2016
310,E'Twaun Moore,SG,26.0,CHI,59.0,22.0,21.4,3.2,6.6,0.481,0.8,1.8,0.452,2.4,4.8,0.491,0.541,0.4,0.6,0.629,0.3,1.9,2.3,1.7,0.6,0.3,0.9,1.7,7.5,False,2016
311,Eric Moreland,PF,24.0,SAC,8.0,0.0,6.0,0.4,0.8,0.5,0.0,0.0,,0.4,0.8,0.5,0.5,0.3,0.5,0.5,0.4,1.0,1.4,0.1,0.0,0.5,0.4,0.5,1.0,False,2016
312,Marcus Morris,SF,26.0,DET,80.0,80.0,35.7,5.1,11.8,0.434,1.4,3.7,0.362,3.8,8.1,0.467,0.491,2.5,3.4,0.749,1.1,3.9,5.1,2.5,0.8,0.3,1.8,2.1,14.1,False,2016
313,Markieff Morris,PF,26.0,Traded,128.0,90.0,25.49,4.78,11.19,0.43,0.71,2.42,0.3,4.0,8.8,0.46,0.46,1.71,2.29,0.74,1.13,4.38,5.5,1.94,0.9,0.52,2.1,2.89,11.97,False,2016
314,Anthony Morrow,SG,30.0,OKC,68.0,6.0,13.6,2.0,4.9,0.408,1.2,3.0,0.387,0.8,1.9,0.442,0.527,0.4,0.6,0.744,0.1,0.8,0.9,0.4,0.3,0.1,0.3,0.9,5.6,False,2016
315,Donatas Motiejūnas,PF,25.0,HOU,37.0,22.0,14.8,2.4,5.5,0.439,0.4,1.5,0.281,2.0,4.0,0.5,0.478,0.9,1.4,0.642,1.0,1.9,2.9,1.1,0.5,0.1,1.2,1.9,6.2,False,2016
316,Timofey Mozgov,C,29.0,CLE,76.0,48.0,17.4,2.7,4.7,0.565,0.0,0.1,0.143,2.7,4.6,0.574,0.567,0.9,1.3,0.716,1.4,3.0,4.4,0.4,0.3,0.8,0.9,2.1,6.3,False,2016
317,Emmanuel Mudiay,PG,19.0,DEN,68.0,66.0,30.4,4.8,13.3,0.364,1.1,3.4,0.319,3.8,9.9,0.379,0.404,2.1,3.1,0.67,0.5,2.9,3.4,5.5,1.0,0.5,3.2,2.1,12.8,False,2016
318,Shabazz Muhammad,SF,23.0,MIN,82.0,0.0,20.5,3.9,8.3,0.465,0.5,1.9,0.289,3.3,6.5,0.516,0.498,2.3,3.0,0.764,1.2,2.0,3.3,0.6,0.3,0.1,0.9,1.1,10.5,False,2016
319,Xavier Munford,SG,23.0,MEM,14.0,0.0,17.4,2.3,5.5,0.416,0.6,1.6,0.391,1.6,3.9,0.426,0.474,0.5,1.0,0.5,0.2,2.0,2.2,1.6,0.9,0.2,1.1,1.8,5.7,False,2016
320,Mike Muscala,C,24.0,ATL,60.0,0.0,9.4,1.3,2.5,0.5,0.2,0.7,0.308,1.1,1.9,0.566,0.539,0.5,0.7,0.795,0.6,1.3,2.0,0.6,0.2,0.5,0.5,1.2,3.3,False,2016
321,Larry Nance Jr.,PF,23.0,LAL,63.0,22.0,20.1,2.5,4.8,0.527,0.0,0.2,0.1,2.5,4.6,0.541,0.528,0.5,0.7,0.681,1.6,3.3,5.0,0.7,0.9,0.4,0.7,2.0,5.5,False,2016
322,Shabazz Napier,PG,24.0,ORL,55.0,0.0,10.9,1.2,3.7,0.338,0.6,1.9,0.327,0.6,1.8,0.351,0.423,0.6,0.8,0.733,0.2,0.8,1.0,1.8,0.4,0.0,0.8,0.7,3.7,False,2016
323,Gary Neal,SG,31.0,WAS,40.0,2.0,20.2,3.8,8.1,0.465,1.0,2.5,0.41,2.8,5.6,0.489,0.528,1.2,1.4,0.855,0.3,1.8,2.1,1.2,0.5,0.0,0.7,1.4,9.8,False,2016
324,Jameer Nelson,PG,33.0,DEN,39.0,15.0,26.6,2.9,7.9,0.368,1.1,3.7,0.299,1.8,4.2,0.429,0.438,0.8,0.9,0.857,0.5,2.5,2.9,4.9,0.6,0.1,1.7,2.6,7.7,False,2016
325,Raul Neto,PG,23.0,UTA,81.0,53.0,18.5,2.2,5.2,0.431,0.8,2.0,0.395,1.4,3.2,0.453,0.507,0.6,0.9,0.743,0.2,1.3,1.5,2.1,0.8,0.0,1.3,1.5,5.9,False,2016
326,Andrew Nicholson,PF,26.0,ORL,56.0,0.0,14.7,2.6,5.5,0.471,0.7,2.0,0.36,1.9,3.5,0.536,0.537,0.9,1.2,0.785,0.6,3.0,3.6,0.4,0.2,0.4,0.7,1.2,6.9,False,2016
327,Joakim Noah,C,30.0,CHI,29.0,2.0,21.9,1.8,4.6,0.383,0.0,0.0,0.0,1.8,4.6,0.386,0.383,0.8,1.6,0.489,3.0,5.8,8.8,3.8,0.6,1.0,1.8,2.7,4.3,False,2016
328,Nerlens Noel,C,21.0,PHI,67.0,62.0,29.3,4.6,8.8,0.521,0.0,0.0,0.5,4.6,8.7,0.521,0.522,2.0,3.4,0.59,2.3,5.8,8.1,1.8,1.8,1.5,2.4,2.9,11.1,False,2016
329,Lucas Nogueira,C,23.0,TOR,29.0,1.0,7.8,1.0,1.5,0.636,0.0,0.1,0.333,0.9,1.4,0.659,0.648,0.3,0.5,0.533,0.6,1.0,1.6,0.2,0.4,0.4,0.4,1.0,2.2,False,2016
330,Steve Novak,PF,32.0,Traded,20.0,0.0,4.39,0.82,1.8,0.45,0.7,1.5,0.48,0.08,0.29,,0.64,0.1,0.1,,0.0,0.5,0.5,0.0,0.0,0.0,0.08,0.29,2.38,False,2016
331,Dirk Nowitzki,PF,37.0,DAL,75.0,75.0,31.5,6.6,14.8,0.448,1.7,4.6,0.368,5.0,10.3,0.483,0.504,3.3,3.7,0.893,0.7,5.8,6.5,1.8,0.7,0.7,1.1,2.1,18.3,False,2016
332,Jusuf Nurkić,C,21.0,DEN,32.0,3.0,17.1,3.2,7.6,0.417,0.0,0.1,0.0,3.2,7.5,0.423,0.417,1.9,3.1,0.616,2.0,3.4,5.5,1.3,0.8,1.4,1.7,2.8,8.2,False,2016
333,J.J. O'Brien,SF,23.0,UTA,2.0,0.0,3.0,0.0,0.5,0.0,0.0,0.0,,0.0,0.5,0.0,0.0,0.0,0.0,,0.0,0.5,0.5,0.0,0.5,0.0,0.0,0.5,0.0,False,2016
334,Johnny O'Bryant,PF,22.0,MIL,66.0,4.0,13.0,1.3,3.2,0.411,0.0,0.0,1.0,1.3,3.2,0.409,0.414,0.4,0.6,0.675,1.0,1.7,2.7,0.5,0.3,0.1,0.5,1.5,3.0,False,2016
335,Kyle O'Quinn,PF,25.0,NYK,65.0,1.0,11.8,2.0,4.2,0.476,0.1,0.3,0.227,1.9,3.8,0.498,0.485,0.7,0.9,0.767,1.2,2.7,3.8,1.1,0.3,0.8,0.9,1.6,4.8,False,2016
336,Jahlil Okafor,C,20.0,PHI,53.0,48.0,30.0,7.5,14.7,0.508,0.0,0.1,0.167,7.5,14.6,0.511,0.509,2.5,3.7,0.686,2.3,4.7,7.0,1.2,0.4,1.2,2.3,2.6,17.5,False,2016
337,Victor Oladipo,SG,23.0,ORL,72.0,52.0,33.0,5.9,13.5,0.438,1.4,3.9,0.348,4.5,9.6,0.475,0.489,2.8,3.4,0.83,0.7,4.1,4.8,3.9,1.6,0.8,2.1,2.4,16.0,False,2016
338,Kelly Olynyk,C,24.0,BOS,69.0,8.0,20.2,3.7,8.1,0.455,1.2,3.0,0.405,2.4,5.0,0.486,0.531,1.4,1.9,0.75,1.0,3.0,4.1,1.5,0.8,0.5,1.1,2.4,10.0,False,2016
339,Kelly Oubre Jr.,SF,20.0,WAS,63.0,9.0,10.7,1.4,3.3,0.427,0.4,1.3,0.316,1.0,2.1,0.492,0.486,0.5,0.8,0.633,0.4,1.7,2.1,0.2,0.3,0.1,0.5,1.6,3.7,False,2016
340,Zaza Pachulia,C,31.0,DAL,76.0,69.0,26.4,2.9,6.2,0.466,0.0,0.0,0.0,2.9,6.1,0.469,0.466,2.8,3.6,0.768,3.3,6.2,9.4,1.7,0.8,0.3,1.6,2.4,8.6,False,2016
341,Kostas Papanikolaou,SF,25.0,DEN,26.0,6.0,11.3,0.9,2.5,0.364,0.4,1.2,0.313,0.5,1.3,0.412,0.439,0.3,0.5,0.643,0.3,1.2,1.5,0.6,0.5,0.2,0.8,0.9,2.6,False,2016
342,Jabari Parker,PF,20.0,MIL,76.0,72.0,31.7,5.8,11.8,0.493,0.1,0.5,0.257,5.7,11.4,0.502,0.498,2.3,3.0,0.768,1.6,3.6,5.2,1.7,0.9,0.4,1.5,2.0,14.1,False,2016
343,Tony Parker,PG,33.0,SAS,72.0,72.0,27.5,4.9,9.9,0.493,0.4,0.9,0.415,4.5,9.0,0.501,0.512,1.8,2.4,0.76,0.2,2.2,2.4,5.3,0.8,0.2,1.8,1.6,11.9,False,2016
344,Chandler Parsons,SF,27.0,DAL,61.0,51.0,29.5,5.2,10.7,0.492,1.7,4.1,0.414,3.5,6.6,0.54,0.571,1.5,2.2,0.684,0.5,4.2,4.7,2.8,0.8,0.3,1.6,1.9,13.7,False,2016
345,Lamar Patterson,SG,24.0,ATL,35.0,0.0,11.3,0.8,2.3,0.35,0.3,1.4,0.245,0.5,0.9,0.516,0.425,0.5,0.6,0.727,0.1,1.3,1.4,1.1,0.3,0.1,0.7,1.3,2.4,False,2016
346,Patrick Patterson,PF,26.0,TOR,79.0,0.0,25.6,2.6,6.2,0.414,1.3,3.7,0.362,1.2,2.5,0.49,0.521,0.4,0.4,0.853,1.0,3.4,4.3,1.2,0.7,0.4,0.8,1.6,6.9,False,2016
347,Chris Paul,PG,30.0,LAC,74.0,74.0,32.7,7.0,15.1,0.462,1.6,4.4,0.371,5.3,10.6,0.501,0.517,4.0,4.4,0.896,0.5,3.7,4.2,10.0,2.1,0.2,2.6,2.5,19.5,False,2016
348,Adreian Payne,PF,24.0,MIN,52.0,2.0,9.3,1.0,2.8,0.366,0.2,0.6,0.281,0.8,2.2,0.389,0.397,0.3,0.5,0.654,0.4,1.8,2.1,0.6,0.3,0.2,0.7,1.5,2.5,False,2016
349,Cameron Payne,PG,21.0,OKC,57.0,1.0,12.2,2.0,4.9,0.41,0.6,1.9,0.324,1.4,2.9,0.467,0.475,0.3,0.4,0.792,0.2,1.3,1.5,1.9,0.6,0.1,0.8,1.4,5.0,False,2016
350,Elfrid Payton,PG,21.0,ORL,73.0,69.0,29.4,4.4,10.0,0.436,0.4,1.3,0.326,3.9,8.7,0.451,0.456,1.5,2.6,0.589,1.1,2.5,3.6,6.4,1.2,0.3,2.4,2.2,10.7,False,2016
351,Nikola Peković,C,30.0,MIN,12.0,3.0,13.0,1.6,4.2,0.38,0.0,0.0,,1.6,4.2,0.38,0.38,1.3,1.7,0.8,0.6,1.2,1.8,0.9,0.1,0.0,0.8,1.8,4.5,False,2016
352,Kendrick Perkins,C,31.0,NOP,37.0,5.0,14.6,1.1,2.0,0.533,0.0,0.0,,1.1,2.0,0.533,0.533,0.3,0.7,0.44,0.7,2.8,3.5,0.8,0.3,0.3,1.1,1.7,2.5,False,2016
353,Paul Pierce,SF,38.0,LAC,68.0,38.0,18.1,2.1,5.8,0.363,1.1,3.6,0.31,1.0,2.3,0.445,0.457,0.8,1.0,0.818,0.2,2.6,2.7,1.0,0.5,0.3,0.9,1.9,6.1,False,2016
354,Tibor Pleiß,C,26.0,UTA,12.0,0.0,6.8,0.9,2.1,0.44,0.0,0.2,0.0,0.9,1.9,0.478,0.44,0.2,0.2,1.0,0.5,0.8,1.3,0.2,0.1,0.2,0.7,1.6,2.0,False,2016
355,Mason Plumlee,C,25.0,POR,82.0,82.0,25.4,3.3,6.3,0.516,0.0,0.0,0.0,3.3,6.3,0.52,0.516,2.6,4.1,0.642,2.5,5.2,7.7,2.8,0.8,1.0,1.9,3.1,9.1,False,2016
356,Miles Plumlee,C,27.0,MIL,61.0,14.0,14.3,2.3,3.8,0.601,0.0,0.0,,2.3,3.8,0.601,0.601,0.6,1.0,0.576,1.5,2.3,3.8,0.3,0.3,0.8,0.7,1.2,5.1,False,2016
357,Otto Porter,SF,22.0,WAS,75.0,73.0,30.3,4.5,9.6,0.473,1.3,3.6,0.367,3.2,6.0,0.536,0.541,1.3,1.7,0.754,1.3,3.9,5.2,1.6,1.4,0.4,0.9,2.2,11.6,False,2016
358,Bobby Portis,PF,20.0,CHI,62.0,4.0,17.8,3.0,7.0,0.427,0.3,0.8,0.308,2.7,6.2,0.443,0.445,0.8,1.1,0.727,2.0,3.5,5.4,0.8,0.4,0.4,0.9,1.6,7.0,False,2016
359,Kristaps Porziņģis,PF,20.0,NYK,72.0,72.0,28.4,5.2,12.3,0.421,1.1,3.4,0.333,4.1,8.9,0.454,0.467,2.8,3.3,0.838,1.8,5.5,7.3,1.3,0.7,1.9,1.7,2.8,14.3,False,2016
360,Dwight Powell,PF,24.0,DAL,69.0,2.0,14.4,2.1,4.3,0.493,0.0,0.2,0.125,2.1,4.1,0.514,0.497,1.5,2.1,0.739,1.2,2.7,4.0,0.6,0.5,0.3,0.6,1.7,5.8,False,2016
361,Norman Powell,SG,22.0,TOR,49.0,24.0,14.8,2.0,4.7,0.424,0.7,1.8,0.404,1.2,2.9,0.436,0.502,0.9,1.1,0.811,0.3,1.9,2.3,1.0,0.6,0.2,0.7,1.2,5.6,False,2016
362,Phil Pressey,PG,24.0,Traded,46.0,0.0,12.3,1.3,3.4,0.39,0.19,0.79,0.2,1.11,2.6,0.44,0.41,0.56,1.1,0.52,0.11,1.2,1.31,3.28,0.8,0.19,1.44,1.22,3.31,False,2016
363,Ronnie Price,PG,32.0,PHO,62.0,18.0,19.5,1.9,4.9,0.384,1.1,3.2,0.347,0.8,1.7,0.453,0.497,0.5,0.7,0.756,0.4,1.2,1.6,2.4,1.2,0.2,1.1,2.6,5.3,False,2016
364,Pablo Prigioni,PG,38.0,LAC,59.0,3.0,13.9,0.9,2.5,0.374,0.5,1.6,0.295,0.5,0.9,0.519,0.469,0.1,0.1,0.875,0.6,1.3,1.9,2.2,0.9,0.0,0.8,1.4,2.5,False,2016
365,Tayshaun Prince,SF,35.0,MIN,77.0,44.0,19.0,1.3,3.0,0.445,0.1,0.3,0.174,1.3,2.7,0.476,0.454,0.2,0.2,0.684,0.4,1.5,1.9,0.9,0.5,0.2,0.4,0.8,2.9,False,2016
366,Julius Randle,PF,21.0,LAL,81.0,60.0,28.2,4.4,10.3,0.429,0.1,0.4,0.278,4.3,9.9,0.436,0.435,2.4,3.3,0.715,2.1,8.1,10.2,1.8,0.7,0.4,1.8,3.0,11.3,False,2016
367,Zach Randolph,PF,34.0,MEM,68.0,53.0,29.6,6.3,13.3,0.475,0.1,0.4,0.231,6.3,13.0,0.482,0.479,2.5,3.2,0.796,2.6,5.1,7.8,2.1,0.6,0.2,1.5,2.1,15.3,False,2016
368,J.J. Redick,SG,31.0,LAC,75.0,75.0,28.0,5.6,11.7,0.48,2.7,5.6,0.475,3.0,6.1,0.484,0.593,2.4,2.7,0.888,0.1,1.7,1.9,1.4,0.6,0.1,1.0,1.8,16.3,False,2016
369,Willie Reed,C,25.0,BRK,39.0,2.0,10.9,1.9,3.4,0.571,0.0,0.0,,1.9,3.4,0.571,0.571,0.8,1.4,0.545,1.3,1.9,3.1,0.3,0.2,0.8,0.4,1.2,4.7,False,2016
370,Josh Richardson,SG,22.0,MIA,52.0,2.0,21.3,2.4,5.2,0.452,1.0,2.2,0.461,1.3,3.0,0.446,0.55,0.8,1.2,0.667,0.4,1.7,2.1,1.4,0.7,0.5,0.7,2.1,6.6,False,2016
371,Austin Rivers,SG,23.0,LAC,67.0,7.0,21.9,3.4,7.7,0.438,0.9,2.8,0.335,2.4,4.9,0.495,0.498,1.2,1.7,0.681,0.3,1.6,1.9,1.5,0.7,0.1,0.9,2.0,8.9,False,2016
372,Andre Roberson,SG,24.0,OKC,70.0,70.0,22.2,1.9,3.9,0.496,0.5,1.5,0.311,1.5,2.4,0.608,0.555,0.5,0.8,0.611,1.1,2.5,3.6,0.7,0.8,0.6,0.5,1.9,4.8,False,2016
373,Brian Roberts,PG,30.0,Traded,102.0,0.0,9.2,1.48,3.21,0.45,0.3,0.81,0.36,1.18,2.4,0.48,0.5,0.81,0.91,0.88,0.1,0.69,0.82,1.1,0.18,0.0,0.46,0.71,4.01,False,2016
374,Glenn Robinson III,SF,22.0,IND,45.0,4.0,11.3,1.4,3.4,0.43,0.3,0.8,0.378,1.1,2.5,0.447,0.477,0.6,0.9,0.692,0.3,1.2,1.5,0.6,0.4,0.2,0.4,0.5,3.8,False,2016
375,Nate Robinson,PG,31.0,NOP,2.0,1.0,11.5,0.0,0.5,0.0,0.0,0.5,0.0,0.0,0.0,,0.0,0.0,0.0,,0.0,0.0,0.0,2.0,0.5,0.0,0.0,2.5,0.0,False,2016
376,Thomas Robinson,PF,24.0,BRK,71.0,7.0,12.9,1.8,4.1,0.447,0.0,0.0,0.0,1.8,4.1,0.448,0.447,0.7,1.5,0.431,1.9,3.1,5.1,0.6,0.5,0.5,1.0,1.6,4.3,False,2016
377,Rajon Rondo,PG,29.0,SAC,72.0,72.0,35.2,4.9,10.9,0.454,0.9,2.4,0.365,4.1,8.5,0.479,0.494,1.2,2.1,0.58,1.1,5.0,6.0,11.7,2.0,0.1,3.9,2.4,11.9,False,2016
378,Derrick Rose,PG,27.0,CHI,66.0,66.0,31.8,6.8,15.9,0.427,0.7,2.3,0.293,6.1,13.6,0.449,0.448,2.2,2.7,0.793,0.7,2.7,3.4,4.7,0.7,0.2,2.7,1.3,16.4,False,2016
379,Terrence Ross,SF,24.0,TOR,73.0,7.0,23.9,3.7,8.6,0.431,1.8,4.6,0.386,1.9,3.9,0.484,0.536,0.7,0.8,0.79,0.3,2.2,2.5,0.8,0.7,0.3,0.6,1.6,9.9,False,2016
380,Terry Rozier,PG,21.0,BOS,39.0,0.0,8.0,0.7,2.7,0.274,0.2,0.7,0.222,0.6,2.0,0.291,0.302,0.2,0.3,0.8,0.6,1.0,1.6,0.9,0.2,0.0,0.5,0.6,1.8,False,2016
381,Ricky Rubio,PG,25.0,MIN,76.0,76.0,30.6,2.9,7.7,0.374,0.8,2.5,0.326,2.1,5.2,0.396,0.427,3.5,4.1,0.847,0.5,3.8,4.3,8.7,2.1,0.1,2.5,2.6,10.1,False,2016
382,Damjan Rudež,SF,29.0,MIN,33.0,0.0,8.4,0.8,1.9,0.403,0.5,1.5,0.34,0.2,0.4,0.667,0.54,0.2,0.2,1.0,0.2,0.5,0.6,0.3,0.1,0.0,0.4,1.0,2.3,False,2016
383,Brandon Rush,SG,30.0,GSW,72.0,25.0,14.7,1.5,3.6,0.427,0.9,2.2,0.414,0.6,1.4,0.447,0.552,0.3,0.4,0.643,0.3,2.2,2.5,0.8,0.3,0.3,0.5,0.8,4.2,False,2016
384,D'Angelo Russell,PG,19.0,LAL,80.0,48.0,28.2,4.9,12.0,0.41,1.6,4.6,0.351,3.3,7.3,0.447,0.478,1.8,2.4,0.737,0.6,2.8,3.4,3.3,1.2,0.2,2.5,1.8,13.2,False,2016
385,Robert Sacre,C,26.0,LAL,25.0,1.0,12.8,1.2,3.0,0.413,0.0,0.0,,1.2,3.0,0.413,0.413,1.0,1.5,0.658,1.3,1.6,2.9,0.6,0.2,0.4,0.5,1.7,3.5,False,2016
386,JaKarr Sampson,SF,22.0,Traded,146.0,80.0,15.89,1.9,4.32,0.44,0.19,0.87,0.22,1.72,3.5,0.5,0.46,1.09,1.7,0.66,0.6,1.98,2.58,0.6,0.3,0.47,0.98,1.92,5.12,False,2016
387,Dennis Schröder,PG,22.0,ATL,80.0,6.0,20.3,4.1,9.8,0.421,1.0,3.0,0.322,3.2,6.8,0.465,0.471,1.8,2.3,0.791,0.3,2.2,2.6,4.4,0.9,0.1,2.3,1.7,11.0,False,2016
388,Luis Scola,PF,35.0,TOR,76.0,76.0,21.5,3.5,7.9,0.45,0.9,2.1,0.404,2.7,5.8,0.467,0.504,0.8,1.1,0.726,1.1,3.6,4.7,0.9,0.6,0.4,0.9,2.3,8.7,False,2016
389,Mike Scott,PF,27.0,ATL,75.0,0.0,15.3,2.3,5.0,0.468,0.8,2.1,0.392,1.5,2.9,0.523,0.551,0.7,0.8,0.794,0.7,2.0,2.7,1.0,0.3,0.2,0.6,1.4,6.2,False,2016
390,Thabo Sefolosha,SF,31.0,ATL,75.0,11.0,23.4,2.5,5.0,0.505,0.6,1.7,0.339,1.9,3.3,0.589,0.562,0.8,1.3,0.626,0.7,3.8,4.5,1.4,1.1,0.5,0.9,1.5,6.4,False,2016
391,Kevin Séraphin,C,26.0,NYK,48.0,0.0,11.0,1.8,4.3,0.41,0.0,0.0,0.0,1.8,4.2,0.414,0.41,0.4,0.5,0.826,0.6,2.0,2.6,1.0,0.2,0.8,0.9,1.4,3.9,False,2016
392,Ramon Sessions,PG,29.0,WAS,82.0,5.0,20.3,3.4,7.2,0.473,0.4,1.4,0.324,3.0,5.9,0.507,0.503,2.6,3.5,0.756,0.3,2.2,2.5,2.9,0.6,0.1,1.4,1.2,9.9,False,2016
393,Iman Shumpert,SG,25.0,CLE,54.0,5.0,24.4,2.1,5.6,0.374,0.8,2.7,0.295,1.3,2.9,0.447,0.444,0.7,0.9,0.784,0.6,3.2,3.8,1.7,1.0,0.4,1.1,2.2,5.8,False,2016
394,Jonathon Simmons,SG,26.0,SAS,55.0,2.0,14.8,2.2,4.4,0.504,0.3,0.9,0.383,1.9,3.5,0.533,0.541,1.3,1.7,0.75,0.3,1.5,1.7,1.1,0.4,0.1,1.0,1.9,6.0,False,2016
395,Henry Sims,C,25.0,BRK,14.0,4.0,18.8,2.4,5.5,0.429,0.0,0.0,,2.4,5.5,0.429,0.429,1.8,2.1,0.833,1.5,3.6,5.1,0.6,0.6,1.0,0.9,2.6,6.5,False,2016
396,Kyle Singler,SF,27.0,OKC,68.0,2.0,14.4,1.3,3.3,0.389,0.4,1.4,0.309,0.8,1.8,0.452,0.457,0.4,0.6,0.659,0.7,1.3,2.1,0.4,0.4,0.1,0.5,1.8,3.4,False,2016
397,Donald Sloan,PG,28.0,BRK,61.0,33.0,21.6,2.5,5.7,0.44,0.6,1.6,0.384,1.9,4.1,0.462,0.494,1.3,1.7,0.75,0.3,2.6,2.8,4.4,0.5,0.1,1.3,1.2,7.0,False,2016
398,Marcus Smart,PG,21.0,BOS,61.0,10.0,27.3,3.0,8.7,0.348,1.0,4.0,0.253,2.0,4.7,0.427,0.405,2.1,2.7,0.777,1.2,2.9,4.2,3.0,1.5,0.3,1.3,3.0,9.1,False,2016
399,Greg Smith,PF,25.0,MIN,18.0,0.0,10.7,1.0,1.8,0.563,0.0,0.0,,1.0,1.8,0.563,0.563,0.4,0.9,0.412,0.7,1.7,2.3,0.3,0.2,0.1,0.4,1.6,2.4,False,2016
400,Ish Smith,PG,27.0,Traded,154.0,106.0,29.08,5.18,12.58,0.41,0.71,2.19,0.33,4.43,10.36,0.43,0.44,1.59,2.31,0.7,0.58,3.41,3.99,6.52,1.13,0.31,2.29,1.71,12.63,False,2016
401,J.R. Smith,SG,30.0,CLE,77.0,77.0,30.7,4.6,11.0,0.415,2.6,6.6,0.4,1.9,4.4,0.438,0.535,0.6,0.9,0.634,0.6,2.3,2.8,1.7,1.1,0.3,0.8,2.6,12.4,False,2016
402,Jason Smith,C,29.0,ORL,76.0,2.0,15.5,3.2,6.6,0.485,0.1,0.2,0.25,3.2,6.4,0.493,0.489,0.7,0.9,0.806,0.7,2.2,2.9,0.8,0.4,0.9,0.8,2.1,7.2,False,2016
403,Josh Smith,PF,30.0,Traded,110.0,14.0,15.99,2.31,6.31,0.37,0.73,2.6,0.29,1.58,3.73,0.42,0.42,0.69,1.21,0.55,0.91,2.58,3.49,1.62,0.62,0.9,1.41,2.1,6.04,False,2016
404,Russ Smith,PG,24.0,MEM,15.0,0.0,4.4,0.5,1.5,0.318,0.1,0.3,0.2,0.4,1.1,0.353,0.341,0.5,0.9,0.615,0.1,0.5,0.6,0.7,0.3,0.1,0.5,0.3,1.5,False,2016
405,Tony Snell,SF,24.0,CHI,64.0,33.0,20.3,2.0,5.3,0.372,0.9,2.4,0.361,1.1,2.9,0.38,0.454,0.5,0.5,0.909,0.3,2.8,3.1,1.0,0.3,0.3,0.8,1.6,5.3,False,2016
406,Marreese Speights,C,28.0,GSW,72.0,0.0,11.6,2.7,6.3,0.432,0.3,0.9,0.387,2.4,5.5,0.439,0.458,1.3,1.6,0.825,1.1,2.3,3.3,0.8,0.3,0.5,0.9,1.6,7.1,False,2016
407,Tiago Splitter,C,31.0,ATL,36.0,2.0,16.1,2.3,4.3,0.523,0.0,0.1,0.0,2.3,4.3,0.529,0.523,1.1,1.3,0.813,1.3,2.1,3.3,0.8,0.6,0.3,0.7,2.0,5.6,False,2016
408,Nik Stauskas,SG,22.0,PHI,73.0,35.0,24.8,2.9,7.5,0.385,1.5,4.5,0.326,1.4,3.0,0.473,0.483,1.2,1.6,0.771,0.3,2.2,2.5,1.9,0.6,0.3,1.3,1.6,8.5,False,2016
409,Lance Stephenson,SF,25.0,Traded,138.0,26.0,19.88,3.3,6.89,0.48,0.4,1.12,0.39,2.9,5.74,0.51,0.52,1.28,1.6,0.76,0.58,2.68,3.21,1.91,0.62,0.12,1.38,1.98,8.29,False,2016
410,Alex Stepheson,PF,28.0,Traded,16.0,0.0,9.12,1.12,3.4,0.49,0.0,0.0,,1.12,3.4,0.49,0.49,0.5,1.5,0.27,2.4,1.12,3.5,0.28,0.12,0.62,0.0,1.5,2.78,False,2016
411,Jarnell Stokes,C,22.0,Traded,14.0,0.0,2.59,0.41,0.71,,0.0,0.0,,0.41,0.71,,,0.12,0.29,,0.12,0.41,0.59,0.12,0.12,0.0,0.0,0.12,1.0,False,2016
412,Amar'e Stoudemire,C,33.0,MIA,52.0,36.0,14.7,2.4,4.3,0.566,0.0,0.0,,2.4,4.3,0.566,0.566,1.0,1.3,0.746,1.3,3.0,4.3,0.5,0.3,0.8,0.9,1.8,5.8,False,2016
413,Rodney Stuckey,PG,29.0,IND,58.0,1.0,22.0,3.2,7.6,0.413,0.3,1.4,0.241,2.8,6.2,0.453,0.436,2.3,2.7,0.829,0.3,2.4,2.7,2.4,0.7,0.1,1.3,1.3,8.9,False,2016
414,Jared Sullinger,PF,23.0,BOS,81.0,73.0,23.6,4.3,10.0,0.435,0.4,1.3,0.282,4.0,8.7,0.458,0.453,1.3,2.0,0.64,2.4,5.9,8.3,2.3,0.9,0.6,1.3,2.6,10.3,False,2016
415,Edy Tavares,C,23.0,ATL,11.0,0.0,6.6,1.0,1.7,0.579,0.0,0.0,,1.0,1.7,0.579,0.579,0.3,0.7,0.375,0.6,1.3,1.9,0.3,0.1,0.5,0.5,0.7,2.3,False,2016
416,Jeff Teague,PG,27.0,ATL,79.0,78.0,28.5,5.5,12.5,0.439,1.4,3.5,0.4,4.1,9.0,0.454,0.495,3.3,3.9,0.837,0.4,2.3,2.7,5.9,1.2,0.3,2.8,2.1,15.7,False,2016
417,Mirza Teletović,PF,30.0,PHO,79.0,1.0,21.3,4.2,9.8,0.427,2.3,5.8,0.393,1.9,4.0,0.476,0.544,1.5,2.0,0.774,0.7,3.1,3.8,1.1,0.4,0.3,1.1,2.0,12.2,False,2016
418,Garrett Temple,SF,29.0,WAS,80.0,43.0,24.4,2.5,6.3,0.398,1.1,3.2,0.345,1.4,3.1,0.453,0.486,1.1,1.6,0.728,0.5,2.2,2.7,1.8,0.9,0.2,0.8,2.4,7.3,False,2016
419,Jason Terry,SG,38.0,HOU,72.0,7.0,17.5,2.1,5.2,0.402,1.3,3.6,0.356,0.8,1.6,0.504,0.525,0.4,0.5,0.818,0.2,0.9,1.1,1.4,0.7,0.1,0.7,1.3,5.9,False,2016
420,Isaiah Thomas,PG,26.0,BOS,82.0,79.0,32.2,7.2,16.9,0.428,2.0,5.7,0.359,5.2,11.2,0.462,0.488,5.8,6.6,0.871,0.6,2.4,3.0,6.2,1.1,0.1,2.7,2.0,22.2,False,2016
421,Lance Thomas,PF,27.0,NYK,59.0,5.0,22.3,2.9,6.5,0.442,0.7,1.8,0.404,2.1,4.6,0.458,0.5,1.7,2.0,0.857,0.6,1.6,2.2,0.9,0.4,0.1,1.0,1.8,8.2,False,2016
422,Hollis Thompson,SG,24.0,PHI,77.0,17.0,28.0,3.5,8.8,0.397,1.9,5.1,0.38,1.6,3.7,0.42,0.507,0.9,1.2,0.719,0.7,2.8,3.5,1.3,0.5,0.3,1.0,2.4,9.8,False,2016
423,Jason Thompson,C,29.0,Traded,94.0,14.0,10.02,1.1,2.3,0.48,0.11,0.31,,0.99,1.99,0.5,0.5,0.79,1.12,0.7,0.71,2.2,2.86,0.61,0.26,0.41,0.32,1.69,3.11,False,2016
424,Klay Thompson,SG,25.0,GSW,80.0,80.0,33.3,8.1,17.3,0.47,3.5,8.1,0.425,4.7,9.2,0.51,0.569,2.4,2.8,0.873,0.4,3.4,3.8,2.1,0.8,0.6,1.7,1.9,22.1,False,2016
425,Tristan Thompson,PF,24.0,CLE,82.0,34.0,27.7,3.0,5.1,0.588,0.0,0.0,,3.0,5.1,0.588,0.588,1.8,3.0,0.616,3.3,5.7,9.0,0.8,0.5,0.6,0.7,2.5,7.8,False,2016
426,Marcus Thornton,SG,28.0,Traded,122.0,16.0,18.18,3.52,8.9,0.4,1.52,4.42,0.34,2.0,4.5,0.46,0.48,1.1,1.28,0.85,0.63,1.82,2.46,1.4,0.77,0.1,0.84,1.5,9.67,False,2016
427,Anthony Tolliver,PF,30.0,DET,72.0,5.0,18.6,1.8,4.6,0.386,1.4,3.8,0.36,0.4,0.8,0.5,0.533,0.4,0.7,0.617,0.5,2.6,3.2,0.7,0.4,0.2,0.4,1.2,5.3,False,2016
428,Axel Toupane,SF,23.0,DEN,21.0,0.0,14.5,1.2,3.3,0.357,0.6,1.9,0.325,0.6,1.4,0.4,0.45,0.6,0.8,0.765,0.4,1.1,1.5,0.7,0.3,0.3,0.3,1.9,3.6,False,2016
429,Karl-Anthony Towns,C,20.0,MIN,82.0,82.0,32.0,7.6,14.1,0.542,0.4,1.1,0.341,7.3,13.0,0.559,0.555,2.7,3.4,0.811,2.8,7.7,10.5,2.0,0.7,1.7,2.2,3.0,18.3,False,2016
430,P.J. Tucker,SF,30.0,PHO,82.0,80.0,31.0,2.9,7.1,0.411,0.8,2.5,0.33,2.1,4.6,0.455,0.469,1.3,1.7,0.746,2.0,4.2,6.2,2.2,1.3,0.2,1.4,2.5,8.0,False,2016
431,Evan Turner,SG,27.0,BOS,81.0,12.0,28.0,4.2,9.3,0.456,0.2,1.0,0.241,4.0,8.3,0.482,0.469,1.8,2.2,0.827,0.6,4.3,4.9,4.4,1.0,0.3,2.1,1.7,10.5,False,2016
432,Myles Turner,C,19.0,IND,60.0,30.0,22.8,4.4,8.8,0.498,0.1,0.2,0.214,4.4,8.6,0.506,0.501,1.5,2.0,0.727,1.1,4.4,5.5,0.7,0.4,1.4,1.1,2.6,10.3,False,2016
433,Beno Udrih,PG,33.0,Traded,88.0,10.0,16.08,1.96,4.5,0.43,0.32,1.0,0.34,1.6,3.5,0.46,0.47,0.4,0.49,0.9,0.21,1.49,1.64,2.62,0.31,0.01,1.22,1.18,4.69,False,2016
434,Jonas Valančiūnas,C,23.0,TOR,60.0,59.0,26.0,5.1,8.9,0.565,0.0,0.0,,5.1,8.9,0.565,0.565,2.7,3.6,0.761,3.1,6.1,9.1,0.7,0.4,1.3,1.4,2.6,12.8,False,2016
435,Anderson Varejão,C,33.0,Traded,106.0,0.0,9.39,1.0,2.34,0.43,0.0,0.0,,1.0,2.31,0.43,0.43,0.59,0.92,0.66,0.71,2.0,2.68,0.67,0.31,0.2,0.41,1.3,2.6,False,2016
436,Greivis Vásquez,PG,29.0,MIL,23.0,0.0,20.0,2.0,6.0,0.326,0.8,3.2,0.247,1.2,2.8,0.415,0.391,1.0,1.1,0.846,0.2,1.8,2.0,4.0,0.4,0.0,1.7,1.8,5.7,False,2016
437,Rashad Vaughn,SG,19.0,MIL,70.0,6.0,14.3,1.2,3.8,0.305,0.6,2.1,0.293,0.5,1.7,0.319,0.385,0.2,0.2,0.8,0.2,1.1,1.3,0.6,0.4,0.2,0.4,1.0,3.1,False,2016
438,Charlie Villanueva,PF,31.0,DAL,62.0,4.0,10.7,2.0,5.3,0.382,0.8,2.8,0.273,1.3,2.5,0.503,0.454,0.4,0.4,0.917,0.4,2.1,2.5,0.4,0.3,0.2,0.5,1.1,5.1,False,2016
439,Noah Vonleh,PF,20.0,POR,78.0,56.0,15.1,1.5,3.6,0.421,0.1,0.6,0.239,1.4,3.0,0.457,0.441,0.5,0.7,0.745,1.2,2.7,3.9,0.4,0.3,0.3,0.6,1.9,3.6,False,2016
440,Nikola Vučević,C,25.0,ORL,65.0,60.0,31.3,8.2,16.1,0.51,0.0,0.1,0.222,8.2,16.0,0.512,0.511,1.7,2.3,0.753,2.7,6.2,8.9,2.8,0.8,1.1,1.9,2.7,18.2,False,2016
441,Sasha Vujačić,SG,31.0,NYK,61.0,25.0,14.9,1.7,4.5,0.383,0.9,2.3,0.364,0.9,2.2,0.403,0.477,0.5,0.6,0.821,0.4,2.0,2.4,1.4,0.6,0.1,0.7,1.4,4.9,False,2016
442,Dwyane Wade,SG,34.0,MIA,74.0,73.0,30.5,7.3,16.0,0.456,0.1,0.6,0.159,7.2,15.4,0.468,0.459,4.4,5.5,0.793,1.1,3.0,4.1,4.6,1.1,0.6,2.7,1.6,19.0,False,2016
443,Dion Waiters,SG,24.0,OKC,78.0,15.0,27.6,3.6,9.1,0.399,1.1,3.1,0.358,2.5,6.0,0.421,0.46,1.4,2.0,0.713,0.5,2.1,2.6,2.0,1.0,0.2,1.5,1.8,9.8,False,2016
444,Kemba Walker,PG,25.0,CHO,81.0,81.0,35.6,7.0,16.4,0.427,2.2,6.0,0.371,4.8,10.4,0.459,0.495,4.6,5.4,0.847,0.7,3.7,4.4,5.2,1.6,0.5,2.1,1.4,20.9,False,2016
445,John Wall,PG,25.0,WAS,77.0,77.0,36.2,7.4,17.5,0.424,1.5,4.3,0.351,5.9,13.3,0.448,0.467,3.5,4.5,0.791,0.5,4.4,4.9,10.2,1.9,0.8,4.1,2.1,19.9,False,2016
446,T.J. Warren,SF,22.0,PHO,47.0,4.0,22.8,4.7,9.4,0.501,0.6,1.5,0.4,4.1,7.9,0.52,0.533,1.0,1.4,0.703,1.2,1.9,3.1,0.9,0.8,0.3,0.7,2.0,11.0,False,2016
447,C.J. Watson,PG,31.0,ORL,33.0,2.0,19.9,1.4,4.2,0.343,0.4,1.5,0.292,1.0,2.7,0.371,0.394,1.0,1.2,0.872,0.3,1.7,2.0,2.7,0.6,0.2,0.8,1.5,4.3,False,2016
448,Briante Weber,PG,23.0,Traded,14.0,8.0,24.14,2.01,5.57,0.4,0.0,0.69,,2.01,4.88,0.45,0.4,0.41,0.6,,1.11,2.43,3.59,2.99,1.29,0.41,1.29,1.69,4.4,False,2016
449,Sonny Weems,SG-SF,29.0,Traded,86.0,0.0,11.6,1.0,2.59,0.38,0.34,0.98,0.37,0.61,1.61,0.39,0.45,0.19,0.34,0.53,0.19,1.1,1.2,1.12,0.23,0.0,0.97,1.09,2.49,False,2016
450,David West,PF,35.0,SAS,78.0,19.0,18.0,3.1,5.7,0.545,0.0,0.1,0.429,3.1,5.7,0.546,0.548,0.8,1.0,0.788,0.9,3.0,4.0,1.8,0.6,0.7,0.9,1.8,7.1,False,2016
451,Russell Westbrook,PG,27.0,OKC,80.0,80.0,34.4,8.2,18.1,0.454,1.3,4.3,0.296,6.9,13.8,0.503,0.489,5.8,7.2,0.812,1.8,6.0,7.8,10.4,2.0,0.3,4.3,2.5,23.5,False,2016
452,Hassan Whiteside,C,26.0,MIA,73.0,43.0,29.1,5.7,9.3,0.606,0.0,0.0,,5.7,9.3,0.606,0.606,2.9,4.5,0.65,3.3,8.6,11.8,0.4,0.6,3.7,1.9,2.8,14.2,False,2016
453,Shayne Whittington,PF,24.0,IND,7.0,0.0,5.9,0.7,1.6,0.455,0.0,0.3,0.0,0.7,1.3,0.556,0.455,0.1,0.3,0.5,0.7,1.0,1.7,0.4,0.1,0.1,0.7,1.0,1.6,False,2016
454,Andrew Wiggins,SF,20.0,MIN,81.0,81.0,35.1,7.3,16.0,0.459,0.7,2.3,0.3,6.6,13.6,0.486,0.481,5.3,7.0,0.761,1.3,2.3,3.6,2.0,1.0,0.6,2.2,2.0,20.7,False,2016
455,C.J. Wilcox,SG,25.0,LAC,23.0,0.0,7.3,1.1,2.9,0.394,0.4,1.0,0.391,0.7,1.9,0.395,0.462,0.4,0.5,0.75,0.0,0.5,0.5,0.4,0.4,0.1,0.1,0.7,3.0,False,2016
456,Alan Williams,PF,23.0,PHO,10.0,0.0,6.8,1.0,2.4,0.417,0.0,0.0,,1.0,2.4,0.417,0.417,0.9,1.4,0.643,1.4,2.4,3.8,0.5,0.4,0.5,0.6,1.5,2.9,False,2016
457,Deron Williams,PG,31.0,DAL,65.0,63.0,32.4,4.9,11.9,0.414,1.5,4.3,0.344,3.4,7.6,0.454,0.477,2.8,3.2,0.869,0.3,2.6,2.9,5.8,0.9,0.2,2.3,2.4,14.1,False,2016
458,Derrick Williams,SF,24.0,NYK,80.0,9.0,17.9,3.2,7.1,0.45,0.6,1.9,0.293,2.6,5.2,0.506,0.488,2.4,3.2,0.758,0.6,3.1,3.7,0.9,0.4,0.1,0.8,0.9,9.3,False,2016
459,Elliot Williams,PG,26.0,MEM,5.0,0.0,9.0,0.4,2.0,0.2,0.2,0.8,0.25,0.2,1.2,0.167,0.25,0.6,0.8,0.75,0.2,0.6,0.8,0.8,0.0,0.0,0.2,0.4,1.6,False,2016
460,Lou Williams,SG,29.0,LAL,67.0,35.0,28.5,4.2,10.3,0.408,1.6,4.8,0.344,2.6,5.6,0.464,0.488,5.3,6.3,0.83,0.5,2.1,2.5,2.5,0.9,0.3,1.6,1.6,15.3,False,2016
461,Marvin Williams,PF,29.0,CHO,81.0,81.0,28.9,4.2,9.2,0.452,1.9,4.7,0.402,2.3,4.6,0.504,0.554,1.5,1.8,0.833,1.6,4.9,6.4,1.4,0.7,1.0,0.8,1.6,11.7,False,2016
462,Mo Williams,PG,33.0,CLE,41.0,14.0,18.2,3.2,7.4,0.437,0.9,2.5,0.353,2.3,4.9,0.48,0.497,0.9,1.0,0.905,0.1,1.6,1.8,2.4,0.3,0.1,1.4,1.5,8.2,False,2016
463,Justise Winslow,SF,19.0,MIA,78.0,8.0,28.6,2.5,5.9,0.422,0.4,1.5,0.276,2.1,4.4,0.471,0.457,1.0,1.5,0.684,1.0,4.1,5.2,1.5,0.9,0.3,1.2,2.4,6.4,False,2016
464,Jeff Withey,C,25.0,UTA,51.0,10.0,12.9,1.7,3.2,0.537,0.0,0.0,0.0,1.7,3.1,0.544,0.537,0.8,1.2,0.729,1.1,2.3,3.4,0.4,0.4,1.0,0.5,1.5,4.3,False,2016
465,Christian Wood,PF,20.0,PHI,17.0,0.0,8.5,1.3,3.1,0.415,0.2,0.6,0.364,1.1,2.5,0.429,0.453,0.8,1.2,0.619,0.8,1.5,2.2,0.2,0.3,0.4,0.1,0.6,3.6,False,2016
466,Metta World Peace,SF,36.0,LAL,35.0,5.0,16.9,1.6,5.1,0.311,0.7,2.4,0.31,0.8,2.7,0.312,0.384,1.1,1.6,0.702,0.5,2.0,2.5,0.8,0.6,0.3,0.4,1.9,5.0,False,2016
467,Brandan Wright,PF,28.0,MEM,12.0,2.0,17.7,2.9,4.3,0.673,0.0,0.0,,2.9,4.3,0.673,0.673,1.1,2.0,0.542,1.2,2.4,3.6,0.5,0.4,1.3,0.8,1.8,6.9,False,2016
468,Delon Wright,PG,23.0,TOR,27.0,1.0,8.5,1.3,3.0,0.45,0.2,0.5,0.385,1.1,2.5,0.463,0.481,1.0,1.3,0.743,0.3,1.1,1.4,1.1,0.3,0.1,0.6,0.3,3.8,False,2016
469,Tony Wroten,PG,22.0,PHI,8.0,3.0,18.0,2.8,8.1,0.338,0.4,2.1,0.176,2.4,6.0,0.396,0.362,2.5,4.6,0.541,0.3,2.4,2.6,2.5,0.4,0.0,3.6,1.4,8.4,False,2016
470,James Young,SG,20.0,BOS,29.0,0.0,6.9,0.4,1.2,0.306,0.2,0.9,0.231,0.2,0.3,0.5,0.389,0.0,0.1,0.25,0.1,0.8,0.9,0.3,0.2,0.0,0.2,0.6,1.0,False,2016
471,Joe Young,PG,23.0,IND,41.0,0.0,9.4,1.5,4.1,0.367,0.2,1.1,0.217,1.3,3.0,0.423,0.396,0.5,0.6,0.8,0.1,1.1,1.2,1.6,0.4,0.0,0.8,0.7,3.8,False,2016
472,Nick Young,SG,30.0,LAL,54.0,2.0,19.1,2.3,6.9,0.339,1.4,4.4,0.325,0.9,2.5,0.363,0.442,1.2,1.4,0.829,0.3,1.5,1.8,0.6,0.4,0.1,0.6,0.9,7.3,False,2016
473,Thaddeus Young,PF,27.0,BRK,73.0,73.0,33.0,6.8,13.2,0.514,0.1,0.4,0.233,6.7,12.8,0.523,0.518,1.4,2.2,0.644,2.4,6.6,9.0,1.9,1.5,0.5,1.9,2.5,15.1,False,2016
474,Cody Zeller,C,23.0,CHO,73.0,60.0,24.3,3.2,6.0,0.529,0.0,0.1,0.1,3.2,5.8,0.539,0.53,2.4,3.2,0.754,1.9,4.3,6.2,1.0,0.8,0.9,0.9,2.8,8.7,False,2016
475,Tyler Zeller,C,26.0,BOS,60.0,3.0,11.8,2.3,4.8,0.476,0.0,0.0,,2.3,4.8,0.476,0.476,1.5,1.8,0.815,1.0,1.9,3.0,0.5,0.2,0.4,0.8,1.6,6.1,False,2016
