,Player,Pos,Age,Tm,G,GS,MP,FG,FGA,FG%,3P,3PA,3P%,2P,2PA,2P%,eFG%,FT,FTA,FT%,ORB,DRB,TRB,AST,STL,BLK,TOV,PF,PTS,PER,TS%,3PAr,FTr,ORB%,DRB%,TRB%,AST%,STL%,BLK%,TOV%,USG%,OWS,DWS,WS,WS/48,OBPM,DBPM,BPM,VORP,Year
0,Kareem Abdul-Jabbar*,C,38,LAL,14,14,34.9,11.2,20.1,.557,0.0,0.0,0,11.2,20.1,.557,.557,3.4,4.4,.787,1.9,4.1,5.9,3.5,1.1,1.7,3.0,3.9,25.9,21.2,.586,.000,.216,6.8,13.2,10.2,15.0,1.5,2.8,12.0,29.8,0.9,0.7,1.6,.156,3.9,1.0,4.9,0.8,1986
1,Mark Aguirre,SF,26,DAL,10,10,34.5,10.5,21.4,.491,0.2,0.6,.333,10.3,20.8,.495,.495,3.5,5.5,.636,2.1,5.0,7.1,5.4,0.9,0.0,2.3,2.8,24.7,21.4,.518,.028,.257,6.9,16.8,11.8,26.8,1.3,0.0,8.8,31.9,0.6,0.1,0.7,.100,4.1,-1.3,2.8,0.4,1986
2,Danny Ainge,SG,26,BOS,18,18,36.2,5.9,10.7,.554,0.8,1.9,.412,5.2,8.8,.585,.591,2.9,3.3,.867,1.2,3.0,4.2,5.2,2.3,0.1,1.7,3.2,15.6,17.3,.638,.176,.311,4.1,8.5,6.5,19.3,3.1,0.1,12.4,16.2,1.6,1.1,2.7,.201,2.4,2.9,5.3,1.2,1986
3,Thurl Bailey,PF,24,UTA,4,4,36.8,7.0,19.3,.364,0.0,0.3,.000,7.0,19.0,.368,.364,2.0,2.8,.727,2.8,5.3,8.0,3.3,0.5,0.5,1.3,3.3,16.0,11.0,.391,.013,.143,7.6,16.5,11.8,12.4,0.7,0.8,5.8,25.7,-0.2,0.1,-0.1,-0.030,-3.5,-2.1,-5.7,-0.1,1986
4,Gene Banks,SF,26,CHI,3,0,23.0,3.3,6.0,.556,0.0,0.7,.000,3.3,5.3,.625,.556,0.7,1.3,.500,1.3,2.0,3.3,1.7,0.3,0.0,1.3,3.3,7.3,9.4,.557,.111,.222,6.3,11.4,8.7,10.6,0.7,0.0,16.8,14.4,0.0,0.0,0.0,-0.006,-0.4,-1.6,-1.9,0.0,1986
5,Charles Barkley*,PF,22,PHI,12,12,41.4,8.7,15.0,.578,0.1,1.3,.067,8.6,13.8,.624,.581,7.6,10.9,.695,5.0,10.8,15.8,5.6,2.3,1.3,5.4,4.3,25.0,23.8,.631,.083,.728,14.2,29.0,21.8,21.0,2.7,1.8,21.5,25.0,0.9,1.0,2.0,.189,4.7,2.5,7.2,1.2,1986
6,John Battle,SG,23,ATL,6,0,4.5,0.7,1.8,.364,0.0,0.2,.000,0.7,1.7,.400,.364,0.5,0.7,.750,0.0,0.7,0.7,0.3,0.3,0.0,0.5,0.8,1.8,6.3,.431,.091,.364,0.0,16.3,8.2,10.1,3.6,0.0,19.0,24.5,-0.1,0.0,0.0,-0.080,-7.3,2.0,-5.3,0.0,1986
7,Kent Benson,C,31,DET,4,0,13.8,1.0,2.5,.400,0.0,0.0,0,1.0,2.5,.400,.400,0.0,0.0,0,0.8,2.5,3.3,0.0,0.0,0.5,0.3,2.8,2.0,3.7,.400,.000,.000,5.6,21.4,12.9,0.0,0.0,2.1,9.1,7.9,0.0,0.0,0.0,.011,-5.2,-0.8,-6.0,-0.1,1986
8,Larry Bird*,SF,29,BOS,18,18,42.8,9.5,18.4,.517,1.3,3.1,.411,8.2,15.3,.538,.551,5.6,6.1,.927,1.9,7.4,9.3,8.2,2.1,0.6,2.6,3.1,25.9,23.9,.615,.169,.329,5.3,18.0,12.1,28.1,2.3,0.8,11.0,23.3,2.7,1.5,4.2,.263,7.2,2.6,9.9,2.3,1986
9,Otis Birdsong,SG,30,NJN,3,3,44.0,9.7,18.3,.527,0.0,1.0,.000,9.7,17.3,.558,.527,3.7,6.3,.579,1.7,2.3,4.0,3.3,2.0,1.0,3.0,4.7,23.0,14.4,.545,.055,.345,4.2,6.9,5.4,12.6,2.2,1.4,12.4,22.4,0.1,0.0,0.1,.040,0.9,-0.1,0.8,0.1,1986
10,Uwe Blab,C,23,DAL,1,0,6.0,2.0,3.0,.667,0.0,0.0,0,2.0,3.0,.667,.667,0.0,0.0,0,0.0,1.0,1.0,0.0,0.0,0.0,0.0,1.0,4.0,19.4,.667,.000,.000,0.0,19.4,9.6,0.0,0.0,0.0,0.0,21.0,0.0,0.0,0.0,.146,0.8,-1.2,-0.5,0.0,1986
11,Rolando Blackman,SG,26,DAL,10,10,37.1,8.3,16.7,.497,0.0,0.1,.000,8.3,16.6,.500,.497,4.2,5.3,.792,1.5,2.0,3.5,3.2,0.8,0.1,2.0,2.6,20.8,15.5,.546,.006,.317,4.6,6.3,5.4,13.0,1.1,0.2,9.5,23.9,0.6,0.0,0.6,.076,1.4,-2.2,-0.9,0.1,1986
12,Manute Bol,C,23,WSB,5,5,30.4,2.0,3.4,.588,0.0,0.0,0,2.0,3.4,.588,.588,0.6,1.6,.375,3.2,4.4,7.6,0.2,0.6,5.8,0.8,3.0,4.6,13.9,.560,.000,.471,10.8,16.3,13.4,0.9,1.0,10.9,16.3,6.8,0.1,0.2,0.3,.101,-1.1,4.3,3.2,0.2,1986
13,Dudley Bradley,SG,28,WSB,5,0,16.4,2.4,5.8,.414,0.6,2.0,.300,1.8,3.8,.474,.466,1.2,1.8,.667,0.4,0.6,1.0,1.4,1.0,0.0,1.4,2.8,6.6,8.6,.501,.345,.310,2.5,4.1,3.3,12.4,3.0,0.0,17.5,20.6,-0.1,0.1,0.0,-0.006,-4.5,0.3,-4.2,0.0,1986
14,Mike Bratz,PG,30,SAC,3,0,5.0,1.0,2.0,.500,0.0,0.0,0,1.0,2.0,.500,.500,0.3,0.3,1.000,0.7,0.7,1.3,0.3,0.0,0.0,0.7,0.0,2.3,13.7,.543,.000,.167,12.9,16.1,14.3,12.0,0.0,0.0,23.7,22.6,0.0,0.0,0.0,-0.031,1.0,-1.8,-0.8,0.0,1986
15,Randy Breuer,C,25,MIL,14,14,22.7,3.3,6.1,.535,0.0,0.0,0,3.3,6.1,.535,.535,1.9,2.7,.684,1.4,2.9,4.3,0.8,0.8,1.3,0.9,2.7,8.4,13.6,.574,.000,.442,7.3,14.9,11.1,4.7,1.7,3.5,11.2,15.1,0.4,0.3,0.7,.103,0.3,0.9,1.2,0.3,1986
16,Mike Brittain,C,22,SAS,1,0,2.0,1.0,2.0,.500,0.0,0.0,0,1.0,2.0,.500,.500,0.0,0.0,0,1.0,0.0,1.0,0.0,0.0,1.0,0.0,0.0,2.0,50.0,.500,.000,.000,57.1,0.0,31.7,0.0,0.0,28.7,0.0,43.4,0.0,0.0,0.0,.164,17.5,5.8,23.3,0.0,1986
17,Tony Campbell,SF,23,DET,2,0,8.0,2.0,5.0,.400,0.0,0.0,0,2.0,5.0,.400,.400,0.5,1.0,.500,0.0,1.0,1.0,0.0,0.0,0.0,0.5,2.5,4.5,2.4,.414,.000,.200,0.0,14.7,6.8,0.0,0.0,0.0,8.4,29.5,0.0,0.0,0.0,-0.118,-10.0,-5.1,-15.1,-0.1,1986
18,Rick Carlisle,SG,26,BOS,10,0,5.4,0.8,1.5,.533,0.0,0.0,0,0.8,1.5,.533,.533,0.3,0.4,.750,0.3,0.2,0.5,0.8,0.2,0.0,0.3,0.9,1.9,11.6,.567,.000,.267,6.7,3.8,5.1,19.6,1.8,0.0,15.2,15.4,0.1,0.1,0.1,.128,-0.9,1.3,0.4,0.0,1986
19,Kenny Carr,PF,30,POR,4,4,35.8,6.0,10.5,.571,0.0,0.3,.000,6.0,10.3,.585,.571,2.8,3.8,.733,2.3,11.0,13.3,1.8,1.3,0.3,2.0,4.5,14.8,15.3,.607,.024,.357,7.3,30.0,19.7,6.6,1.6,0.4,14.1,15.8,0.2,0.2,0.4,.127,0.7,0.1,0.9,0.1,1986
20,Terry Catledge,PF,22,PHI,11,10,26.6,4.2,10.6,.393,0.0,0.0,0,4.2,10.6,.393,.393,2.0,3.5,.579,3.4,3.5,6.8,0.5,0.5,0.7,1.3,3.1,10.4,10.1,.426,.000,.325,14.9,14.5,14.7,2.5,1.0,1.6,9.5,20.7,-0.1,0.3,0.2,.038,-2.7,-3.0,-5.7,-0.3,1986
21,Lorenzo Charles,SF,22,ATL,4,0,3.8,0.8,1.0,.750,0.0,0.0,0,0.8,1.0,.750,.750,0.3,0.3,1.000,0.0,0.5,0.5,0.5,0.0,0.0,0.0,0.3,1.8,19.8,.788,.000,.250,0.0,14.7,7.3,19.5,0.0,0.0,0.0,12.4,0.1,0.0,0.1,.241,6.1,1.4,7.5,0.0,1986
22,Maurice Cheeks*,PG,29,PHI,12,12,43.3,7.8,15.2,.516,0.0,0.6,.000,7.8,14.6,.537,.516,5.2,6.1,.849,1.1,3.6,4.7,7.1,1.1,0.3,2.7,1.5,20.8,16.9,.584,.038,.401,3.0,9.3,6.2,24.4,1.2,0.3,13.0,19.5,1.2,0.5,1.6,.150,2.8,-1.3,1.5,0.5,1986
23,Steve Colter,PG,23,POR,4,4,26.0,3.0,6.5,.462,0.0,0.3,.000,3.0,6.3,.480,.462,0.5,0.5,1.000,0.8,3.0,3.8,5.8,1.3,0.3,1.5,3.3,6.5,11.3,.484,.038,.077,3.4,11.2,7.6,28.0,2.2,0.5,18.2,12.6,0.0,0.1,0.1,.058,-0.9,0.9,0.1,0.1,1986
24,Darwin Cook,PG,27,NJN,3,0,25.7,4.3,9.7,.448,0.0,1.3,.000,4.3,8.3,.520,.448,0.7,2.0,.333,1.0,1.3,2.3,5.7,1.7,0.7,2.0,3.7,9.3,12.5,.442,.138,.207,4.3,6.7,5.4,33.9,3.2,1.6,15.9,20.0,0.0,0.0,0.0,-0.009,-0.3,1.0,0.7,0.1,1986
25,Jeff Cook,PF,29,UTA,4,0,5.3,0.3,1.0,.250,0.0,0.0,0,0.3,1.0,.250,.250,0.8,1.0,.750,0.3,1.0,1.3,0.5,0.0,0.0,0.0,1.0,1.3,8.7,.434,.000,1.000,4.8,22.0,12.9,11.2,0.0,0.0,0.0,11.9,0.0,0.0,0.0,.082,-4.1,0.6,-3.5,0.0,1986
26,Michael Cooper,SG,29,LAL,14,0,30.1,3.9,8.2,.470,1.4,2.9,.463,2.5,5.3,.473,.552,0.6,0.8,.818,1.1,2.1,3.3,4.9,1.3,0.3,1.5,1.7,9.7,13.1,.567,.357,.096,4.8,8.1,6.5,18.8,2.1,0.5,14.9,13.9,0.6,0.5,1.1,.121,2.2,0.7,2.9,0.5,1986
27,Wayne Cooper,C,29,DEN,8,4,19.3,3.0,7.0,.429,0.0,0.1,.000,3.0,6.9,.436,.429,1.9,2.8,.682,1.4,3.6,5.0,0.9,0.3,0.6,1.4,3.9,7.9,9.4,.480,.018,.393,6.9,20.7,13.4,6.2,0.6,1.8,14.3,19.8,-0.1,0.2,0.1,.027,-5.1,-0.7,-5.8,-0.1,1986
28,Tyrone Corbin,SF,23,SAS,1,0,14.0,0.0,4.0,.000,0.0,0.0,0,0.0,4.0,.000,.000,0.0,0.0,0,0.0,1.0,1.0,1.0,0.0,0.0,0.0,0.0,0.0,-5.6,.000,.000,.000,0.0,10.2,4.5,8.9,0.0,0.0,0.0,12.4,-0.1,0.0,-0.1,-0.339,-8.4,-6.1,-14.5,0.0,1986
29,Dave Corzine,C,29,CHI,3,3,34.3,5.3,9.7,.552,0.0,0.0,0,5.3,9.7,.552,.552,1.3,1.3,1.000,2.0,7.0,9.0,2.0,0.3,0.7,2.0,4.0,12.0,13.0,.585,.000,.138,6.4,26.8,15.6,8.6,0.5,1.2,16.3,15.0,0.1,0.0,0.1,.037,1.3,-0.1,1.1,0.1,1986
30,Terry Cummings,PF,24,MIL,14,14,36.4,9.3,18.1,.514,0.0,0.0,0,9.3,18.1,.514,.514,3.1,4.4,.694,2.4,7.5,9.9,3.0,1.4,1.1,2.8,3.7,21.6,18.8,.541,.000,.245,7.5,24.4,15.9,13.2,1.9,1.9,12.2,26.0,0.4,0.6,1.0,.096,2.2,0.9,3.1,0.7,1986
31,Earl Cureton,PF,28,DET,4,4,31.5,4.3,7.8,.548,0.0,0.3,.000,4.3,7.5,.567,.548,0.5,2.0,.250,3.0,4.5,7.5,2.3,0.8,0.0,1.3,3.5,9.0,10.9,.521,.032,.258,9.7,16.8,13.0,9.0,1.1,0.0,12.7,12.4,0.1,0.1,0.1,.057,0.0,0.0,0.0,0.1,1986
32,Brad Davis,PG,30,DAL,10,0,16.3,2.4,4.4,.545,1.0,1.5,.667,1.4,2.9,.483,.659,1.9,2.4,.792,0.1,1.8,1.9,2.3,0.3,0.0,1.5,2.2,7.7,14.4,.706,.341,.545,0.7,12.8,6.7,19.1,0.9,0.0,21.6,18.0,0.3,0.0,0.4,.105,0.9,-1.5,-0.6,0.1,1986
33,Charles Davis,SF,27,MIL,12,0,12.1,1.8,4.8,.362,0.0,0.1,.000,1.8,4.8,.368,.362,1.5,1.7,.900,0.8,1.3,2.1,0.5,0.3,0.0,1.0,2.3,5.0,6.6,.449,.017,.345,7.2,13.1,10.1,5.7,1.3,0.0,15.2,22.5,-0.2,0.1,-0.1,-0.034,-5.2,-2.8,-8.0,-0.2,1986
34,Johnny Davis,SG,30,ATL,8,0,8.1,1.1,3.1,.360,0.0,0.0,0,1.1,3.1,.360,.360,0.5,0.5,1.000,0.3,0.5,0.8,1.9,0.3,0.0,0.6,0.8,2.8,9.8,.411,.000,.160,3.4,6.8,5.1,30.9,1.5,0.0,15.7,20.5,-0.1,0.0,0.0,-0.022,-1.2,-1.7,-2.9,0.0,1986
35,Darryl Dawkins,C,29,NJN,1,0,17.0,4.0,6.0,.667,0.0,0.0,0,4.0,6.0,.667,.667,2.0,3.0,.667,1.0,2.0,3.0,3.0,0.0,2.0,2.0,4.0,10.0,20.6,.683,.000,.500,6.5,15.3,10.5,30.2,0.0,7.4,21.5,22.4,0.0,0.0,0.0,.125,3.8,5.5,9.3,0.0,1986
36,Darren Daye,SF,25,WSB,4,0,8.0,1.0,3.0,.333,0.0,0.0,0,1.0,3.0,.333,.333,0.0,0.5,.000,0.8,1.3,2.0,0.0,0.0,0.0,1.3,0.8,2.0,-3.0,.311,.000,.167,9.6,17.6,13.4,0.0,0.0,0.0,28.0,23.6,-0.2,0.0,-0.2,-0.284,-10.2,-6.8,-17.1,-0.1,1986
37,James Donaldson,C,28,DAL,10,10,41.0,3.6,4.8,.750,0.0,0.0,0,3.6,4.8,.750,.750,3.7,4.0,.925,3.0,8.7,11.7,1.0,0.6,1.2,1.0,2.6,10.9,15.0,.831,.000,.833,8.3,24.7,16.4,3.0,0.7,1.6,13.2,7.8,1.1,0.3,1.4,.161,2.5,0.4,2.9,0.5,1986
38,Larry Drew,PG,27,SAC,3,0,18.7,4.7,8.3,.560,0.3,1.0,.333,4.3,7.3,.591,.580,0.7,0.7,1.000,0.0,0.3,0.3,4.7,1.7,0.0,0.0,0.7,10.3,26.9,.599,.120,.080,0.0,2.2,1.0,49.3,4.6,0.0,0.0,18.5,0.3,0.0,0.3,.271,8.2,4.5,12.6,0.2,1986
39,Clyde Drexler*,SG,23,POR,4,4,36.3,6.5,14.3,.456,0.5,1.3,.400,6.0,13.0,.462,.474,4.5,5.8,.783,2.3,4.0,6.3,6.5,1.5,0.8,4.8,4.8,18.0,13.6,.536,.088,.404,7.2,10.8,9.1,24.7,1.9,1.1,22.1,23.7,0.0,0.1,0.1,.026,0.6,-1.3,-0.7,0.0,1986
40,Joe Dumars*,SG,22,DET,4,4,36.8,6.3,10.3,.610,0.0,0.0,0,6.3,10.3,.610,.610,2.5,3.8,.667,1.5,1.8,3.3,6.3,1.0,0.0,1.8,4.0,15.0,15.2,.630,.000,.366,4.2,5.6,4.8,22.5,1.3,0.0,12.8,14.7,0.3,0.0,0.4,.126,2.3,1.1,3.5,0.2,1986
41,T.R. Dunn,SG,30,DEN,10,10,27.6,2.0,4.6,.435,0.0,0.0,0,2.0,4.6,.435,.435,0.9,1.4,.643,2.2,3.1,5.3,1.3,1.6,0.0,0.3,3.4,4.9,9.0,.470,.000,.304,7.7,12.3,9.9,5.8,2.7,0.0,5.4,8.0,0.2,0.3,0.5,.094,-2.6,1.7,-1.0,0.1,1986
42,Mark Eaton,C,29,UTA,4,4,39.3,7.0,14.3,.491,0.0,0.0,0,7.0,14.3,.491,.491,0.5,0.8,.667,3.3,5.8,9.0,2.5,0.3,4.5,1.0,3.0,14.5,16.6,.497,.000,.053,8.4,16.9,12.4,8.8,0.3,7.1,6.4,17.3,0.1,0.1,0.3,.088,-0.9,2.6,1.7,0.1,1986
43,Craig Ehlo,SG,24,HOU,10,0,3.8,0.8,1.6,.500,0.0,0.1,.000,0.8,1.5,.533,.500,0.4,0.5,.800,0.1,0.2,0.3,0.6,0.4,0.1,0.3,0.4,2.0,18.6,.549,.063,.313,2.8,5.6,4.2,22.4,5.1,1.5,14.2,22.6,0.0,0.1,0.1,.149,2.5,4.5,7.1,0.1,1986
44,Dale Ellis,SF,25,DAL,7,0,9.6,1.3,3.1,.409,1.0,1.7,.583,0.3,1.4,.200,.568,0.7,0.7,1.000,0.4,0.6,1.0,0.3,0.3,0.3,0.6,0.9,4.3,12.8,.620,.545,.227,5.1,6.9,6.0,4.0,1.5,1.7,14.2,17.7,0.1,0.0,0.1,.086,2.6,-0.7,1.9,0.1,1986
45,Alex English*,SF,32,DEN,10,10,39.4,10.6,22.9,.463,0.0,0.1,.000,10.6,22.8,.465,.463,6.1,7.1,.859,1.8,1.7,3.5,5.2,0.4,0.4,2.8,2.9,27.3,17.1,.525,.004,.310,4.4,4.7,4.6,21.4,0.5,0.6,9.7,29.1,0.5,0.2,0.7,.086,3.2,-2.2,1.0,0.3,1986
46,Julius Erving*,SF,35,PHI,12,12,36.1,6.8,15.0,.450,0.2,0.9,.182,6.6,14.1,.467,.456,4.0,5.4,.738,2.2,3.7,5.8,4.2,0.9,1.3,3.3,2.7,17.7,14.1,.508,.061,.361,7.1,11.4,9.3,17.4,1.2,2.2,15.8,23.5,0.1,0.5,0.6,.068,1.0,-0.9,0.1,0.2,1986
47,Mike Evans,PG,30,DEN,10,0,20.4,3.0,8.2,.366,0.7,2.9,.241,2.3,5.3,.434,.409,2.5,3.0,.833,0.6,1.4,2.0,2.5,1.0,0.3,1.3,1.9,9.2,12.1,.483,.354,.366,2.8,7.5,5.0,16.6,2.3,0.8,12.0,21.1,0.0,0.2,0.2,.052,-0.9,-0.1,-1.0,0.1,1986
48,Kenny Fields,SF,23,MIL,12,4,13.2,3.2,5.8,.551,0.1,0.3,.333,3.1,5.5,.561,.558,1.0,1.9,.522,0.6,1.8,2.3,0.8,0.7,0.0,1.3,1.9,7.4,14.0,.562,.043,.333,5.2,15.8,10.4,10.0,2.4,0.0,16.8,25.0,0.0,0.2,0.1,.032,-0.8,-0.2,-1.0,0.0,1986
49,George Gervin*,SG,33,CHI,2,0,5.5,0.0,0.5,.000,0.0,0.0,0,0.0,0.5,.000,.000,0.0,0.0,0,0.0,0.5,0.5,0.5,0.0,0.0,1.0,1.5,0.0,-11.3,.000,.000,.000,0.0,12.0,5.4,10.9,0.0,0.0,66.7,11.4,-0.1,0.0,-0.1,-0.347,-13.7,-4.4,-18.0,0.0,1986
50,Artis Gilmore*,C,36,SAS,3,3,35.7,5.3,8.0,.667,0.0,0.0,0,5.3,8.0,.667,.667,2.7,4.7,.571,2.3,3.7,6.0,1.0,2.3,0.3,3.3,3.7,13.3,11.9,.663,.000,.583,7.5,14.7,10.7,4.3,3.1,0.5,24.9,16.3,0.0,0.0,0.0,-0.005,-1.2,-0.6,-1.8,0.0,1986
51,Mike Glenn,SG,30,MIL,10,0,11.4,1.3,3.6,.361,0.0,0.1,.000,1.3,3.5,.371,.361,1.0,1.2,.833,0.3,0.8,1.1,0.8,0.1,0.0,0.5,0.6,3.6,6.6,.436,.028,.333,3.1,8.3,5.7,9.2,0.4,0.0,10.8,16.8,-0.1,0.0,0.0,-0.019,-1.9,-2.7,-4.6,-0.1,1986
52,Mike Gminski,C,26,NJN,3,3,36.3,5.3,14.3,.372,0.0,0.0,0,5.3,14.3,.372,.372,8.7,9.0,.963,3.7,6.3,10.0,1.7,1.3,0.7,3.0,3.7,19.3,16.4,.528,.000,.628,11.2,22.6,16.4,6.8,1.8,1.1,14.1,24.0,0.1,0.1,0.2,.079,1.5,-1.6,-0.1,0.1,1986
53,A.C. Green,PF,22,LAL,9,0,11.8,1.0,1.9,.529,0.0,0.0,0,1.0,1.9,.529,.529,0.4,1.0,.444,0.3,1.4,1.8,0.0,0.1,0.3,0.4,1.4,2.4,4.7,.525,.000,.529,3.6,13.9,9.0,0.0,0.5,1.6,16.0,9.8,0.0,0.1,0.1,.033,-4.5,-0.6,-5.1,-0.1,1986
54,Rickey Green,PG,31,UTA,4,4,29.8,5.3,10.8,.488,0.3,0.5,.500,5.0,10.3,.488,.500,2.5,2.8,.909,0.0,2.3,2.3,9.5,0.5,0.0,1.3,0.3,13.3,20.7,.554,.047,.256,0.0,8.7,4.1,44.1,0.9,0.0,9.5,19.3,0.3,0.0,0.4,.147,4.2,-0.2,3.9,0.2,1986
55,Sidney Green,PF,25,CHI,3,0,17.7,2.0,6.7,.300,0.0,0.0,0,2.0,6.7,.300,.300,2.0,4.0,.500,2.3,1.7,4.0,0.0,0.3,0.3,1.0,3.0,6.0,5.1,.356,.000,.600,14.4,12.4,13.5,0.0,0.9,1.2,10.6,22.4,-0.1,0.0,-0.2,-0.138,-4.2,-4.9,-9.1,-0.1,1986
56,Dave Greenwood,PF,28,SAS,3,3,33.7,4.0,7.7,.522,0.0,0.0,0,4.0,7.7,.522,.522,2.0,2.7,.750,0.3,5.7,6.0,1.0,1.0,0.3,0.3,4.0,10.0,10.1,.566,.000,.348,1.1,24.0,11.3,4.3,1.4,0.6,3.6,11.8,0.1,0.0,0.1,.027,-1.5,-0.3,-1.8,0.0,1986
57,Pétur Guðmundsson,C,27,LAL,12,0,9.3,1.3,2.3,.593,0.0,0.2,.000,1.3,2.1,.640,.593,0.8,1.3,.667,0.7,1.5,2.2,0.3,0.3,0.3,0.8,1.9,3.5,10.3,.625,.074,.556,9.2,18.4,14.0,3.2,1.3,2.1,22.9,16.3,0.0,0.2,0.2,.083,-4.4,0.6,-3.8,-0.1,1986
58,Bob Hansen,SG,25,UTA,4,4,35.0,6.8,9.3,.730,0.5,0.8,.667,6.3,8.5,.735,.757,2.0,2.3,.889,2.5,2.0,4.5,2.8,0.8,0.3,1.8,4.0,16.0,18.0,.781,.081,.243,7.3,6.6,7.0,11.1,1.1,0.4,14.6,14.9,0.5,0.0,0.5,.165,1.6,1.4,3.0,0.2,1986
59,Bill Hanzlik,SF,28,DEN,6,0,17.0,2.5,4.7,.536,0.2,0.2,1.000,2.3,4.5,.519,.554,2.2,2.7,.813,0.3,0.7,1.0,3.2,0.2,0.2,1.2,2.0,7.3,13.6,.628,.036,.571,1.9,4.3,3.0,25.2,0.5,0.5,16.7,16.4,0.2,0.0,0.2,.116,1.1,-0.3,0.8,0.1,1986
60,Derek Harper,PG,24,DAL,10,10,34.8,5.7,10.7,.533,0.8,1.4,.571,4.9,9.3,.527,.570,1.2,1.6,.750,1.3,0.6,1.9,7.6,2.3,0.0,2.3,2.7,13.4,16.4,.588,.131,.150,4.2,2.0,3.1,30.2,3.3,0.0,16.8,16.6,0.6,0.1,0.8,.109,3.1,0.5,3.7,0.5,1986
61,Steve Harris,SG,22,HOU,15,0,5.5,0.9,1.9,.483,0.0,0.0,0,0.9,1.9,.483,.483,0.1,0.3,.400,0.3,0.3,0.7,0.1,0.3,0.2,0.1,0.2,2.0,11.8,.481,.000,.172,6.5,6.5,6.5,3.2,2.3,2.1,6.0,16.2,0.0,0.1,0.1,.078,-0.1,0.2,0.1,0.1,1986
62,Scott Hastings,PF,25,ATL,9,0,5.4,1.2,1.6,.786,0.1,0.4,.250,1.1,1.1,1.000,.821,0.6,1.2,.455,0.3,0.8,1.1,0.2,0.2,0.0,0.6,1.2,3.1,16.2,.743,.286,.786,6.8,15.7,11.2,6.2,2.0,0.0,21.0,20.4,0.1,0.1,0.1,.110,0.1,2.9,3.0,0.1,1986
63,Steve Hayes,C,30,UTA,1,0,1.0,1.0,1.0,1.000,0.0,0.0,0,1.0,1.0,1.000,1.000,0.0,0.0,0,0.0,1.0,1.0,0.0,0.0,0.0,0.0,0.0,2.0,92.5,1.000,.000,.000,0.0,100.0,54.1,0.0,0.0,0.0,0.0,43.5,0.0,0.0,0.0,1.488,32.6,11.5,44.1,0.0,1986
64,Carl Henry,SG,25,SAC,1,0,2.0,1.0,1.0,1.000,1.0,1.0,1.000,0.0,0.0,0,1.500,0.0,0.0,0,0.0,0.0,0.0,0.0,0.0,0.0,0.0,0.0,3.0,61.3,1.500,1.000,.000,0.0,0.0,0.0,0.0,0.0,0.0,0.0,20.0,0.0,0.0,0.0,.296,46.5,10.0,56.4,0.0,1986
65,Craig Hodges,SG,25,MIL,14,14,32.9,5.3,10.4,.510,1.0,2.2,.452,4.3,8.1,.526,.559,1.9,2.4,.794,0.6,1.1,1.8,4.5,2.3,0.1,1.7,3.1,13.5,14.7,.591,.214,.234,2.3,4.1,3.2,19.1,3.3,0.3,13.0,16.6,0.7,0.4,1.1,.113,1.8,1.7,3.5,0.6,1986
66,Alfredrick Hughes,SG,23,SAS,3,0,6.0,1.3,3.0,.444,0.0,0.0,0,1.3,3.0,.444,.444,0.0,0.0,0,0.0,0.0,0.0,0.3,0.3,0.0,0.3,1.0,2.7,6.1,.444,.000,.000,0.0,0.0,0.0,9.5,2.6,0.0,10.0,24.1,-0.1,0.0,-0.1,-0.163,-5.6,-1.0,-6.6,0.0,1986
67,Marc Iavaroni,PF,29,UTA,4,0,18.3,1.3,4.0,.313,0.0,0.0,0,1.3,4.0,.313,.313,0.8,1.0,.750,1.0,1.3,2.3,1.5,0.3,0.0,1.0,2.3,3.3,3.2,.366,.000,.250,5.6,7.9,6.7,9.9,0.7,0.0,18.4,13.0,-0.1,0.0,-0.1,-0.064,-6.9,-1.7,-8.6,-0.1,1986
68,Clemon Johnson,C,29,PHI,12,2,25.3,2.4,4.4,.547,0.0,0.0,0,2.4,4.4,.547,.547,1.3,2.1,.640,1.9,3.1,5.0,0.7,0.9,1.3,0.8,2.9,6.2,11.1,.578,.000,.472,8.9,13.7,11.4,3.5,1.8,3.0,13.5,10.0,0.3,0.4,0.7,.114,-0.9,0.9,0.0,0.2,1986
69,Dennis Johnson*,PG,31,BOS,18,18,39.7,6.1,13.6,.445,0.3,0.9,.375,5.7,12.7,.450,.457,3.7,4.7,.798,1.3,2.9,4.2,5.9,2.2,0.3,2.8,3.2,16.2,13.2,.516,.065,.343,3.9,7.6,5.9,19.9,2.7,0.4,15.3,19.6,0.4,1.1,1.5,.102,-0.4,0.9,0.5,0.4,1986
70,Eddie Johnson,SF,26,SAC,3,1,32.0,8.0,18.3,.436,0.0,1.0,.000,8.0,17.3,.462,.436,2.7,3.0,.889,3.3,3.7,7.0,1.3,1.0,0.3,2.0,2.3,18.7,16.3,.475,.055,.164,10.1,13.9,11.8,8.2,1.6,0.6,9.2,27.1,0.1,0.0,0.1,.048,1.4,-2.1,-0.8,0.0,1986
71,Ken Johnson,PF,23,POR,2,0,5.5,0.0,0.0,0,0.0,0.0,0,0.0,0.0,0,0,0.0,0.0,0,0.0,1.0,1.0,0.0,1.0,0.0,0.5,0.5,0.0,5.5,0,0,0,0.0,17.7,9.6,0.0,8.4,0.0,100.0,3.6,0.0,0.0,0.0,.000,-4.6,3.8,-0.8,0.0,1986
72,Magic Johnson*,PG,26,LAL,14,14,38.6,7.9,14.6,.537,0.0,0.8,.000,7.9,13.9,.567,.537,5.9,7.6,.766,1.5,5.6,7.1,15.1,1.9,0.1,3.2,3.1,21.6,25.6,.599,.054,.522,4.9,16.5,11.1,49.7,2.4,0.1,15.1,22.8,2.2,0.8,3.0,.267,7.3,2.0,9.3,1.5,1986
73,Mickey Johnson,PF,33,NJN,3,0,18.0,1.7,6.3,.263,0.0,0.7,.000,1.7,5.7,.294,.263,2.3,3.7,.636,0.7,3.0,3.7,0.7,0.7,0.0,1.0,2.3,5.7,4.6,.357,.105,.579,4.1,21.6,12.2,5.1,1.8,0.0,11.2,20.3,-0.1,0.0,-0.1,-0.095,-5.4,-2.8,-8.2,-0.1,1986
74,Steve Johnson,C,28,SAS,3,0,17.7,1.7,5.0,.333,0.0,0.0,0,1.7,5.0,.333,.333,1.7,3.7,.455,0.7,1.3,2.0,0.7,0.0,0.3,2.0,4.7,5.0,-2.5,.378,.000,.733,4.3,10.8,7.2,5.3,0.0,1.1,23.2,21.2,-0.2,0.0,-0.3,-0.255,-11.2,-4.4,-15.6,-0.2,1986
75,Vinnie Johnson,SG,29,DET,4,0,21.3,5.5,12.3,.449,0.0,0.3,.000,5.5,12.0,.458,.449,1.8,3.3,.538,2.0,2.3,4.3,2.8,0.8,0.0,1.3,2.3,12.8,16.4,.466,.020,.265,9.6,12.4,10.9,19.4,1.7,0.0,8.4,27.9,0.0,0.0,0.1,.045,1.3,-1.5,-0.2,0.0,1986
76,Bobby Jones*,PF,34,PHI,12,5,27.4,3.3,6.2,.527,0.0,0.1,.000,3.3,6.1,.534,.527,3.2,4.2,.760,0.8,1.9,2.7,2.8,0.8,1.2,1.3,3.3,9.7,13.0,.604,.014,.676,3.2,7.8,5.6,14.1,1.5,2.5,13.5,13.9,0.6,0.4,0.9,.135,0.7,1.7,2.3,0.4,1986
77,Caldwell Jones,C,35,POR,4,0,18.3,1.5,4.3,.353,0.0,0.0,0,1.5,4.3,.353,.353,0.5,1.0,.500,2.3,2.5,4.8,0.8,0.0,0.5,1.0,3.3,3.5,4.4,.373,.000,.235,14.3,13.4,13.8,5.0,0.0,1.4,17.6,12.4,-0.1,0.0,0.0,-0.029,-4.6,-3.1,-7.7,-0.1,1986
78,Charles Jones,C,28,WSB,5,5,14.4,0.8,2.2,.364,0.0,0.0,0,0.8,2.2,.364,.364,0.8,0.8,1.000,1.2,0.6,1.8,0.6,0.4,0.4,1.0,2.6,2.4,4.1,.470,.000,.364,8.5,4.7,6.7,5.4,1.4,1.6,28.2,10.4,-0.1,0.0,0.0,-0.014,-5.9,-0.4,-6.3,-0.1,1986
79,Michael Jordan*,SG,22,CHI,3,3,45.0,16.0,31.7,.505,0.3,0.3,1.000,15.7,31.3,.500,.511,11.3,13.0,.872,1.7,4.7,6.3,5.7,2.3,1.3,4.7,4.3,43.7,30.1,.584,.011,.411,4.0,13.6,8.4,26.5,2.5,1.9,11.1,39.2,0.4,0.0,0.5,.161,10.1,1.7,11.9,0.4,1986
80,Harold Keeling,SG,22,DAL,1,0,1.0,0.0,0.0,0,0.0,0.0,0,0.0,0.0,0,0,0.0,0.0,0,0.0,0.0,0.0,0.0,0.0,0.0,0.0,0.0,0.0,0.0,0,0,0,0.0,0.0,0.0,0.0,0.0,0.0,0,0.0,0.0,0.0,0.0,-0.021,-4.7,-1.7,-6.4,0.0,1986
81,Rich Kelley,C,32,SAC,3,0,11.7,1.0,3.0,.333,0.0,0.0,0,1.0,3.0,.333,.333,1.7,2.0,.833,2.0,2.0,4.0,1.3,0.7,0.0,0.7,1.7,3.7,16.1,.473,.000,.667,16.6,20.7,18.4,17.0,2.9,0.0,14.7,15.6,0.0,0.0,0.1,.095,1.1,0.2,1.3,0.0,1986
82,Jerome Kersey,SF,23,POR,4,0,14.0,2.3,5.5,.409,0.0,0.3,.000,2.3,5.3,.429,.409,1.0,1.0,1.000,1.8,2.0,3.8,1.0,0.3,1.0,1.5,3.3,5.5,9.3,.463,.045,.182,14.5,13.9,14.2,9.6,0.8,3.7,20.2,21.2,-0.1,0.0,0.0,-0.017,-4.0,-1.5,-5.4,0.0,1986
83,Albert King,SF,26,NJN,3,3,32.7,6.0,14.0,.429,0.3,1.3,.250,5.7,12.7,.447,.440,1.3,1.3,1.000,2.7,1.7,4.3,3.3,0.7,0.3,1.7,5.0,13.7,10.7,.468,.095,.095,9.0,6.6,7.9,16.0,1.0,0.6,10.3,20.3,0.0,0.0,0.0,.010,0.0,-2.0,-1.9,0.0,1986
84,Greg Kite,C,24,BOS,13,0,6.0,0.5,0.8,.700,0.0,0.0,0,0.5,0.8,.700,.700,0.3,0.5,.571,0.4,1.1,1.5,0.2,0.2,0.3,0.2,1.5,1.4,9.7,.688,.000,.700,7.7,18.5,13.5,4.7,1.3,2.9,18.7,8.7,0.1,0.2,0.2,.152,-3.5,3.1,-0.4,0.0,1986
85,Joe Kleine,C,24,SAC,3,0,15.0,1.7,4.3,.385,0.0,0.0,0,1.7,4.3,.385,.385,1.7,2.0,.833,2.7,2.0,4.7,0.3,0.3,0.3,0.7,2.7,5.0,12.6,.480,.000,.462,17.2,16.1,16.7,3.4,1.1,1.3,11.3,15.7,0.0,0.0,0.1,.068,-2.1,-2.5,-4.6,0.0,1986
86,Jon Koncak,C,22,ATL,9,0,21.4,1.6,3.2,.483,0.0,0.0,0,1.6,3.2,.483,.483,2.9,5.1,.565,1.2,2.6,3.8,0.6,0.7,1.1,0.8,3.0,6.0,10.0,.548,.000,1.586,6.3,13.1,9.7,3.2,1.5,2.9,12.4,12.2,0.1,0.2,0.3,.081,-2.3,1.1,-1.2,0.0,1986
87,Mitch Kupchak,PF,31,LAL,5,0,11.2,1.6,3.0,.533,0.0,0.0,0,1.6,3.0,.533,.533,0.8,1.2,.667,1.0,2.0,3.0,0.4,0.4,0.0,0.6,1.2,4.0,12.3,.567,.000,.400,11.4,20.2,16.1,4.2,1.7,0.0,14.5,15.3,0.1,0.1,0.1,.112,-0.8,0.1,-0.7,0.0,1986
88,Bill Laimbeer,C,28,DET,4,4,42.0,8.5,17.0,.500,0.3,0.3,1.000,8.3,16.8,.493,.507,5.3,5.8,.913,5.0,9.0,14.0,0.3,0.5,0.8,2.0,4.8,22.5,17.6,.576,.015,.338,12.1,25.2,18.2,0.8,0.6,1.0,9.3,20.3,0.4,0.1,0.5,.140,2.1,-1.4,0.7,0.1,1986
89,Jeff Lamp,SF,26,SAS,3,0,15.0,2.3,6.0,.389,0.3,1.0,.333,2.0,5.0,.400,.417,0.0,0.0,0,0.3,0.0,0.3,2.3,0.3,0.0,1.3,2.0,5.0,4.4,.417,.167,.000,2.5,0.0,1.4,23.9,1.1,0.0,18.2,21.2,-0.1,0.0,-0.2,-0.184,-3.4,-3.1,-6.4,-0.1,1986
90,Allen Leavell,PG,28,HOU,15,0,11.3,1.6,5.3,.300,0.5,1.0,.467,1.1,4.3,.262,.344,1.3,1.5,.870,0.2,0.8,1.0,2.7,0.6,0.0,0.6,0.8,5.0,13.2,.416,.188,.288,1.9,7.6,4.7,30.3,2.6,0.0,9.1,23.6,0.0,0.2,0.3,.075,0.4,-0.6,-0.2,0.1,1986
91,Fat Lever,PG,25,DEN,10,10,34.7,5.9,13.1,.450,0.8,1.4,.571,5.1,11.7,.436,.481,1.7,2.4,.708,1.5,3.3,4.8,5.3,2.0,0.2,2.3,3.3,14.3,13.6,.505,.107,.183,4.2,10.4,7.1,21.4,2.7,0.3,14.0,18.9,0.1,0.4,0.5,.071,-0.2,0.9,0.7,0.2,1986
92,Cliff Levingston,PF,25,ATL,9,0,20.0,2.4,4.1,.595,0.1,0.1,1.000,2.3,4.0,.583,.608,0.8,1.0,.778,1.7,2.9,4.6,0.3,0.4,1.0,1.0,2.6,5.8,11.5,.635,.027,.243,9.2,15.9,12.6,2.2,1.1,2.8,18.0,11.6,0.2,0.2,0.3,.092,-0.8,1.1,0.3,0.1,1986
93,Alton Lister,C,27,MIL,14,1,23.9,4.7,7.4,.641,0.0,0.1,.000,4.7,7.3,.647,.641,2.5,4.1,.603,2.6,4.2,6.9,0.9,0.5,1.6,1.5,4.0,11.9,18.4,.650,.010,.563,12.9,20.9,16.8,5.3,1.0,4.0,14.0,18.5,0.7,0.4,1.1,.156,1.6,0.8,2.4,0.4,1986
94,Lewis Lloyd,SG,26,HOU,20,20,29.5,5.8,12.1,.481,0.1,0.3,.400,5.7,11.8,.483,.485,2.4,2.9,.810,1.7,1.6,3.3,4.3,0.8,0.3,2.4,2.4,14.1,13.8,.527,.021,.241,6.2,5.8,6.0,20.3,1.3,0.6,15.0,21.5,0.4,0.6,1.0,.082,0.8,-1.2,-0.4,0.2,1986
95,John Long,SG,29,DET,1,0,13.0,2.0,5.0,.400,0.0,0.0,0,2.0,5.0,.400,.400,3.0,3.0,1.000,0.0,1.0,1.0,0.0,1.0,0.0,2.0,1.0,7.0,9.5,.554,.000,.600,0.0,9.0,4.2,0.0,3.7,0.0,24.0,25.4,0.0,0.0,0.0,-0.033,-3.4,-0.8,-4.3,0.0,1986
96,Maurice Lucas,PF,33,LAL,14,0,22.8,4.2,8.0,.527,0.0,0.0,0,4.2,8.0,.527,.527,1.0,1.4,.737,2.1,4.4,6.5,0.7,0.4,0.4,0.9,3.8,9.4,12.8,.548,.000,.170,11.6,22.0,17.1,3.9,0.9,0.9,9.7,17.3,0.4,0.4,0.8,.121,-1.6,-1.0,-2.6,0.0,1986
97,Kyle Macy,PG,28,CHI,3,3,29.0,1.7,4.7,.357,0.3,1.3,.250,1.3,3.3,.400,.393,0.3,0.3,1.000,0.7,0.7,1.3,3.3,0.7,0.0,0.3,3.0,4.0,5.6,.416,.286,.071,2.5,3.0,2.7,14.9,1.1,0.0,6.5,7.4,0.0,-0.1,0.0,-0.016,-1.4,-1.4,-2.9,0.0,1986
98,Rick Mahorn,PF,27,DET,4,0,15.3,1.3,3.3,.385,0.0,0.0,0,1.3,3.3,.385,.385,0.5,0.5,1.000,0.8,2.3,3.0,0.0,0.3,0.0,0.8,3.5,3.0,2.1,.432,.000,.154,5.0,17.3,10.7,0.0,0.8,0.0,17.8,11.0,-0.1,0.0,0.0,-0.023,-7.1,-0.9,-7.9,-0.1,1986
99,Jeff Malone,SG,24,WSB,5,5,39.4,8.4,20.6,.408,0.0,0.4,.000,8.4,20.2,.416,.408,5.2,5.8,.897,0.8,2.4,3.2,3.4,1.4,0.6,2.2,2.6,22.0,14.0,.475,.019,.282,2.1,6.9,4.4,13.9,1.8,0.9,8.7,27.2,0.0,0.1,0.1,.025,-0.3,-1.4,-1.7,0.0,1986
100,Karl Malone*,PF,22,UTA,4,4,36.0,9.5,18.0,.528,0.0,0.0,0,9.5,18.0,.528,.528,2.8,6.5,.423,1.5,6.0,7.5,1.0,2.0,0.0,1.5,4.5,21.8,17.3,.521,.000,.361,4.2,19.3,11.3,4.4,2.9,0.0,6.7,27.0,0.1,0.2,0.2,.071,-1.4,0.2,-1.2,0.0,1986
101,Wes Matthews,PG,26,SAS,3,3,38.7,11.7,18.0,.648,0.0,0.3,.000,11.7,17.7,.660,.648,2.0,2.7,.750,0.3,2.0,2.3,8.0,2.0,0.0,3.7,2.3,25.3,21.7,.661,.019,.148,1.0,7.4,3.8,41.1,2.5,0.0,16.1,25.7,0.2,0.0,0.2,.071,5.7,0.1,5.8,0.2,1986
102,Bob McAdoo*,C,34,PHI,5,0,14.6,4.0,7.2,.556,0.0,0.0,0,4.0,7.2,.556,.556,2.8,3.2,.875,1.6,1.2,2.8,0.4,0.8,1.0,0.4,2.6,10.8,26.2,.627,.000,.444,12.9,9.2,11.0,4.7,2.7,4.1,4.4,25.4,0.3,0.1,0.5,.298,5.1,1.8,6.9,0.2,1986
103,Rodney McCray,SF,24,HOU,20,20,41.8,5.4,10.1,.535,0.0,0.2,.000,5.4,10.0,.543,.535,2.2,2.9,.741,1.2,4.8,5.9,6.3,0.9,1.0,1.9,2.3,13.0,13.1,.569,.015,.287,3.0,12.2,7.6,19.0,1.0,1.3,14.0,12.8,1.1,1.0,2.1,.121,1.2,1.3,2.5,0.9,1986
104,Hank McDowell,PF,26,HOU,13,0,2.5,0.2,0.5,.286,0.0,0.0,0,0.2,0.5,.286,.286,0.4,0.6,.625,0.3,0.3,0.6,0.2,0.0,0.0,0.2,0.5,0.7,5.9,.428,.000,1.143,13.0,13.0,13.0,7.1,0.0,0.0,16.0,15.4,0.0,0.0,0.0,.029,-3.4,-2.0,-5.4,0.0,1986
105,Mike McGee,SF,26,LAL,6,0,4.7,1.3,3.0,.444,0.0,0.5,.000,1.3,2.5,.533,.444,0.0,0.7,.000,0.5,0.3,0.8,0.3,0.0,0.0,0.3,0.5,2.7,7.9,.405,.167,.222,13.6,8.1,10.7,10.2,0.0,0.0,9.2,32.2,-0.1,0.0,-0.1,-0.103,-6.2,-5.7,-11.9,-0.1,1986
106,Kevin McHale*,PF,28,BOS,18,18,39.7,9.3,16.1,.579,0.0,0.1,.000,9.3,16.1,.581,.579,6.2,7.8,.794,2.8,5.8,8.6,2.7,0.4,2.4,2.7,3.6,24.9,21.1,.636,.003,.486,8.6,15.0,12.1,10.0,0.5,3.4,12.0,23.6,2.0,1.2,3.2,.215,4.1,1.0,5.1,1.3,1986
107,Kevin McKenna,SG,27,WSB,1,0,2.0,0.0,0.0,0,0.0,0.0,0,0.0,0.0,0,0,0.0,0.0,0,0.0,0.0,0.0,0.0,0.0,0.0,0.0,0.0,0.0,0.0,0,0,0,0.0,0.0,0.0,0.0,0.0,0.0,0,0.0,0.0,0.0,0.0,-0.008,-5.7,-4.0,-9.7,0.0,1986
108,Tom McMillen,C,33,WSB,4,0,13.5,2.0,4.0,.500,0.0,0.0,0,2.0,4.0,.500,.500,0.0,0.0,0,0.3,1.0,1.3,1.8,0.8,0.0,0.5,0.5,4.0,12.4,.500,.000,.000,1.9,8.3,5.0,18.9,2.8,0.0,11.1,14.1,0.0,0.0,0.1,.060,0.0,1.3,1.3,0.0,1986
109,Mike Mitchell,SF,30,SAS,3,3,35.7,7.0,17.3,.404,0.0,0.0,0,7.0,17.3,.404,.404,1.7,3.3,.500,1.0,2.0,3.0,3.3,1.0,1.0,3.3,2.7,15.7,6.9,.417,.000,.192,3.2,8.0,5.3,15.3,1.3,1.6,15.1,26.9,-0.4,-0.1,-0.5,-0.210,-2.8,-2.7,-5.5,-0.1,1986
110,Paul Mokeski,C,29,MIL,14,0,7.2,1.0,1.9,.519,0.0,0.0,0,1.0,1.9,.519,.519,0.4,0.6,.667,0.4,1.4,1.7,0.6,0.4,0.2,0.5,1.9,2.4,11.1,.549,.000,.333,5.8,22.3,14.0,10.7,2.9,1.8,18.4,15.6,0.0,0.1,0.2,.077,-3.6,3.4,-0.1,0.0,1986
111,Sidney Moncrief*,PG,28,MIL,9,9,36.3,5.8,13.6,.426,0.4,1.6,.286,5.3,12.0,.444,.443,4.9,7.0,.698,1.7,2.9,4.6,4.9,0.6,0.6,2.3,3.3,16.9,13.0,.508,.115,.516,5.3,9.4,7.4,18.8,0.7,0.9,12.3,21.6,0.2,0.1,0.4,.054,1.7,-1.6,0.1,0.2,1986
112,Perry Moss,PG,27,PHI,7,0,4.0,0.3,1.1,.250,0.0,0.1,.000,0.3,1.0,.286,.250,0.1,0.1,1.000,0.0,0.4,0.4,0.3,0.0,0.1,0.6,0.9,0.7,-5.2,.296,.125,.125,0.0,12.0,6.1,9.1,0.0,2.1,32.2,18.3,-0.1,0.0,-0.1,-0.199,-12.2,-3.1,-15.4,-0.1,1986
113,Calvin Natt,PF,29,DEN,10,6,29.3,6.6,14.2,.465,0.1,0.2,.500,6.5,14.0,.464,.468,4.6,5.9,.780,1.7,6.2,7.9,2.8,0.2,0.3,2.2,2.5,17.9,17.0,.533,.014,.415,5.6,23.2,13.9,14.5,0.3,0.6,11.6,25.8,0.3,0.3,0.6,.096,1.1,-1.2,-0.1,0.1,1986
114,Chuck Nevitt,C,26,DET,1,0,1.0,0.0,0.0,0,0.0,0.0,0,0.0,0.0,0,0,0.0,0.0,0,0.0,0.0,0.0,0.0,0.0,0.0,0.0,0.0,0.0,0.0,0,0,0,0.0,0.0,0.0,0.0,0.0,0.0,0,0.0,0.0,0.0,0.0,-0.011,-1.6,-2.6,-4.2,0.0,1986
115,Mike O'Koren,SF,27,NJN,2,0,10.5,0.5,3.0,.167,0.0,0.5,.000,0.5,2.5,.200,.167,0.0,0.0,0,0.5,0.5,1.0,1.0,1.0,0.5,1.5,2.5,1.0,-3.2,.167,.167,.000,5.3,6.2,5.7,12.3,4.6,3.0,33.3,17.5,-0.1,0.0,-0.1,-0.258,-10.7,0.1,-10.6,0.0,1986
116,Charles Oakley,PF,22,CHI,3,3,29.3,3.7,7.0,.524,0.0,0.0,0,3.7,7.0,.524,.524,2.7,4.3,.615,3.3,6.7,10.0,1.0,2.0,0.7,1.7,4.3,10.0,16.1,.561,.000,.619,12.4,29.9,20.3,4.8,3.3,1.4,15.8,15.1,0.1,0.1,0.1,.082,1.8,0.5,2.4,0.1,1986
117,Hakeem Olajuwon*,C,23,HOU,20,20,38.3,10.3,19.4,.530,0.0,0.1,.000,10.3,19.3,.531,.530,6.4,10.0,.638,5.1,6.8,11.8,2.0,2.0,3.5,2.2,4.4,26.9,25.6,.566,.003,.514,14.2,18.9,16.5,7.8,2.5,5.2,8.3,27.3,2.0,1.7,3.7,.231,4.3,1.6,5.9,1.5,1986
118,Mark Olberding,PF,29,SAC,3,3,24.7,1.0,3.0,.333,0.0,0.0,0,1.0,3.0,.333,.333,3.0,4.0,.750,1.3,3.0,4.3,1.0,0.7,0.3,2.3,3.0,5.0,5.1,.525,.000,1.333,5.2,14.7,9.4,5.7,1.4,0.8,32.9,11.5,-0.1,0.0,-0.1,-0.042,-5.7,-0.8,-6.5,-0.1,1986
119,Jawann Oldham,C,28,CHI,1,0,4.0,0.0,1.0,.000,0.0,0.0,0,0.0,1.0,.000,.000,0.0,0.0,0,1.0,1.0,2.0,0.0,0.0,0.0,1.0,0.0,0.0,-7.8,.000,.000,.000,27.3,32.9,29.8,0.0,0.0,0.0,50.0,21.0,0.0,0.0,0.0,-0.488,-11.6,-8.7,-20.3,0.0,1986
120,Robert Parish*,C,32,BOS,18,18,32.8,5.9,12.5,.471,0.0,0.0,0,5.9,12.5,.471,.471,3.2,4.9,.652,2.9,5.9,8.8,1.4,0.5,1.7,2.4,2.6,15.0,13.8,.511,.000,.396,10.6,18.5,14.9,5.8,0.7,2.8,14.3,22.0,0.0,1.1,1.0,.085,-0.8,-1.0,-1.8,0.0,1986
121,Jim Paxson,SG,28,POR,4,0,17.8,3.5,9.3,.378,0.5,1.5,.333,3.0,7.8,.387,.405,3.0,3.8,.800,0.3,0.8,1.0,3.8,0.8,0.0,1.5,3.0,10.5,13.1,.482,.162,.405,1.6,4.1,3.0,29.8,2.0,0.0,12.1,27.8,0.0,0.0,0.0,.032,-0.2,-1.8,-2.1,0.0,1986
122,John Paxson,PG,25,CHI,3,0,26.7,2.3,5.0,.467,0.0,0.0,0,2.3,5.0,.467,.467,4.3,5.7,.765,0.0,0.0,0.0,1.7,1.0,0.0,1.0,3.0,9.0,9.6,.601,.000,1.133,0.0,0.0,0.0,8.4,1.8,0.0,11.8,13.4,0.1,0.0,0.1,.035,-0.8,-0.2,-1.0,0.0,1986
123,Sam Perkins,PF,24,DAL,10,10,34.7,5.7,13.3,.429,0.2,0.8,.250,5.5,12.5,.440,.436,3.3,4.3,.767,3.0,5.3,8.3,2.4,0.9,1.4,1.6,3.2,14.9,14.9,.490,.060,.323,9.8,17.8,13.7,9.6,1.3,2.3,9.5,20.4,0.3,0.2,0.5,.071,0.4,-1.0,-0.6,0.1,1986
124,Jim Petersen,PF,23,HOU,20,0,18.9,2.2,5.4,.407,0.0,0.0,0,2.2,5.4,.407,.407,1.2,1.7,.697,2.4,3.2,5.6,1.1,0.5,0.5,0.8,2.9,5.6,10.6,.453,.000,.306,13.4,18.1,15.7,6.9,1.2,1.4,11.6,14.8,0.1,0.6,0.7,.089,-2.3,-0.6,-2.9,-0.1,1986
125,Ricky Pierce,SG,26,MIL,13,0,24.8,4.0,8.7,.460,0.0,0.2,.000,4.0,8.5,.468,.460,3.1,3.5,.889,1.5,1.2,2.8,1.5,0.6,0.2,1.2,3.2,11.1,12.2,.542,.018,.398,7.2,5.9,6.6,8.7,1.2,0.6,10.1,19.0,0.4,0.1,0.5,.082,0.4,-1.2,-0.9,0.1,1986
126,Terry Porter,PG,22,POR,4,0,17.0,3.0,6.8,.444,0.3,1.5,.167,2.8,5.3,.524,.463,0.5,1.0,.500,0.3,1.0,1.3,3.0,0.8,0.5,1.5,2.5,6.8,9.6,.469,.222,.148,1.7,5.7,3.9,24.2,2.0,1.5,17.3,20.4,-0.1,0.0,0.0,-0.019,-2.0,-0.9,-2.9,0.0,1986
127,Paul Pressey,SF,27,MIL,14,14,37.9,5.4,11.2,.484,0.4,1.3,.333,5.0,9.9,.504,.503,4.8,6.3,.761,1.4,2.9,4.3,7.9,1.3,0.9,3.6,3.4,16.1,15.2,.575,.115,.561,4.2,9.2,6.7,28.3,1.6,1.5,20.3,19.2,0.6,0.3,1.0,.086,3.1,0.2,3.3,0.7,1986
128,Kurt Rambis,PF,27,LAL,14,14,19.1,1.9,3.2,.600,0.0,0.0,0,1.9,3.2,.600,.600,0.9,1.3,.722,1.9,4.1,5.9,1.0,0.7,0.5,1.3,2.8,4.8,11.6,.633,.000,.400,12.4,24.2,18.6,5.9,1.8,1.5,25.4,11.0,0.2,0.5,0.6,.116,-1.2,1.6,0.4,0.2,1986
129,Kelvin Ransey,PG,27,NJN,3,3,22.7,3.3,7.3,.455,0.3,1.0,.333,3.0,6.3,.474,.477,2.0,2.7,.750,1.0,1.3,2.3,4.0,0.3,0.0,1.3,3.0,9.0,12.2,.529,.136,.364,4.9,7.6,6.2,26.2,0.7,0.0,13.6,17.7,0.1,0.0,0.1,.048,0.9,-1.7,-0.8,0.0,1986
130,Blair Rasmussen,C,23,DEN,10,4,17.5,3.9,9.6,.406,0.0,0.0,0,3.9,9.6,.406,.406,3.3,4.1,.805,2.7,3.3,6.0,1.0,0.5,0.9,0.7,2.8,11.1,20.1,.487,.000,.427,14.9,20.7,17.6,8.6,1.3,2.8,5.8,27.5,0.3,0.2,0.5,.147,0.6,-0.7,-0.1,0.1,1986
131,Robert Reid,SF,30,HOU,20,20,38.7,6.2,14.4,.431,0.2,1.1,.143,6.1,13.4,.453,.436,2.4,3.0,.797,0.7,3.5,4.2,6.9,1.4,0.1,2.1,3.7,14.9,11.8,.475,.073,.205,1.8,9.7,5.8,23.4,1.7,0.1,11.8,18.6,0.4,0.9,1.3,.079,-1.3,0.3,-1.0,0.2,1986
132,Jerry Reynolds,SF,23,MIL,7,0,5.7,1.0,2.4,.412,0.0,0.1,.000,1.0,2.3,.438,.412,0.9,1.6,.545,0.4,0.9,1.3,0.6,0.6,0.4,0.6,0.7,2.9,16.6,.458,.059,.647,8.7,17.8,13.2,14.3,4.8,4.6,15.5,26.8,-0.1,0.1,0.0,.026,0.8,3.1,3.9,0.1,1986
133,Doc Rivers,PG,24,ATL,9,9,29.1,4.4,10.2,.435,0.3,0.7,.500,4.1,9.6,.430,.451,3.4,4.7,.738,1.1,3.6,4.7,8.7,2.0,0.0,2.9,4.2,12.7,17.3,.516,.065,.457,4.2,13.4,8.8,40.7,3.3,0.0,19.1,21.8,0.2,0.3,0.5,.095,1.6,2.1,3.7,0.4,1986
134,Fred Roberts,PF,25,UTA,4,0,7.8,1.8,3.8,.467,0.0,0.0,0,1.8,3.8,.467,.467,2.0,2.3,.889,1.0,0.8,1.8,0.8,0.0,0.0,1.5,1.3,5.5,15.5,.580,.000,.600,13.1,11.2,12.2,14.3,0.0,0.0,24.0,35.0,0.0,0.0,0.0,-0.010,-2.7,-2.1,-4.7,0.0,1986
135,Alvin Robertson,SG,23,SAS,3,3,32.7,2.7,9.7,.276,0.0,0.0,0,2.7,9.7,.276,.276,3.7,4.3,.846,1.7,3.0,4.7,6.3,2.3,0.3,1.7,3.3,9.0,11.3,.389,.000,.448,5.8,13.1,9.1,26.8,3.4,0.6,12.6,17.6,-0.1,0.0,-0.1,-0.055,-1.0,0.6,-0.4,0.0,1986
136,Cliff Robinson,SF,25,WSB,5,5,35.4,9.2,18.6,.495,0.0,0.0,0,9.2,18.6,.495,.495,3.0,6.2,.484,3.4,5.2,8.6,3.4,2.0,0.6,3.0,3.8,21.4,18.9,.502,.000,.333,9.9,16.6,13.0,16.7,2.8,1.0,12.3,29.0,0.0,0.2,0.2,.059,1.5,0.0,1.5,0.2,1986
137,Tree Rollins,C,30,ATL,9,9,27.6,2.9,5.2,.553,0.0,0.0,0,2.9,5.2,.553,.553,0.8,1.2,.636,2.0,6.7,8.7,0.3,0.2,1.7,1.3,3.6,6.6,10.2,.569,.000,.234,8.0,26.6,17.3,1.6,0.4,3.4,18.8,10.8,0.0,0.3,0.4,.068,-2.2,1.3,-0.9,0.1,1986
138,Dan Roundfield,PF,32,WSB,5,0,35.4,5.6,10.6,.528,0.0,0.2,.000,5.6,10.4,.538,.528,2.8,3.4,.824,2.8,6.4,9.2,2.0,0.4,0.8,2.6,3.4,14.0,13.8,.579,.019,.321,8.1,20.4,14.0,8.4,0.6,1.3,17.7,17.5,0.1,0.2,0.3,.081,-0.7,-1.0,-1.7,0.0,1986
139,Jeff Ruland,PF,27,WSB,2,0,27.0,3.5,7.0,.500,0.0,0.0,0,3.5,7.0,.500,.500,7.0,8.5,.824,2.5,3.5,6.0,5.0,0.0,1.0,3.0,3.0,14.0,20.0,.652,.000,1.214,9.5,14.6,11.9,26.3,0.0,2.1,21.8,21.5,0.1,0.0,0.2,.159,3.7,0.1,3.8,0.1,1986
140,Ralph Sampson*,PF,25,HOU,20,20,37.1,7.8,15.1,.518,0.1,0.1,1.000,7.8,15.0,.517,.520,4.3,5.9,.729,3.3,7.5,10.8,4.0,1.5,1.8,3.6,4.0,20.0,18.9,.565,.003,.392,9.6,21.5,15.6,15.3,2.0,2.7,16.7,23.2,0.8,1.4,2.2,.141,1.3,1.8,3.1,1.0,1986
141,Danny Schayes,C,26,DEN,10,6,29.5,4.6,8.6,.535,0.0,0.0,0,4.6,8.6,.535,.535,2.4,3.0,.800,3.4,4.8,8.2,0.9,0.4,1.7,2.1,3.7,11.6,13.7,.585,.000,.349,11.2,17.9,14.3,4.2,0.6,3.1,17.5,16.2,0.3,0.3,0.6,.097,-1.3,-0.5,-1.8,0.0,1986
142,Detlef Schrempf,SF,23,DAL,10,0,12.0,1.3,2.8,.464,0.0,0.1,.000,1.3,2.7,.481,.464,1.1,1.7,.647,0.7,1.6,2.3,1.4,0.2,0.1,1.0,2.4,3.7,8.3,.521,.036,.607,6.6,15.5,11.0,15.0,0.8,0.5,22.0,16.0,0.0,0.0,0.0,.012,-3.3,-0.1,-3.4,0.0,1986
143,Byron Scott,SG,24,LAL,14,14,33.6,6.4,12.9,.497,0.4,1.2,.353,6.0,11.7,.512,.514,2.7,3.0,.905,1.1,2.9,3.9,3.0,1.4,0.1,2.1,2.7,16.0,13.5,.561,.094,.232,4.1,9.6,7.0,11.2,1.9,0.2,13.1,20.3,0.5,0.5,1.0,.104,-0.5,0.0,-0.4,0.2,1986
144,Carey Scurry,SF,23,UTA,4,0,13.5,2.0,5.0,.400,0.0,0.5,.000,2.0,4.5,.444,.400,0.3,0.5,.500,2.5,1.5,4.0,0.8,0.3,1.0,0.5,3.0,4.3,12.1,.407,.100,.100,18.8,12.9,16.0,7.4,1.0,4.6,8.7,18.4,0.0,0.0,0.0,.037,-3.3,0.1,-3.2,0.0,1986
145,Jerry Sichting,PG,29,BOS,18,0,15.2,1.5,3.4,.443,0.0,0.1,.000,1.5,3.3,.450,.443,0.2,0.4,.429,0.3,0.6,0.9,2.2,0.3,0.0,0.4,1.0,3.2,7.2,.445,.016,.115,2.2,4.1,3.2,18.1,0.9,0.0,11.1,11.1,0.1,0.3,0.3,.060,-1.8,-0.8,-2.5,0.0,1986
146,Mike Smrek,C,23,CHI,3,0,1.7,0.0,0.3,.000,0.0,0.0,0,0.0,0.3,.000,.000,0.0,0.0,0,0.0,0.0,0.0,0.0,0.0,0.3,0.0,0.7,0.0,-5.9,.000,.000,.000,0.0,0.0,0.0,0.0,0.0,12.6,0.0,8.4,0.0,0.0,0.0,-0.191,-13.9,2.3,-11.5,0.0,1986
147,Larry Spriggs,SF,26,LAL,3,0,4.3,1.7,2.0,.833,0.0,0.0,0,1.7,2.0,.833,.833,3.3,3.3,1.000,0.3,2.0,2.3,0.7,0.3,0.0,0.0,0.0,6.7,70.9,.962,.000,1.667,9.8,52.3,32.3,25.5,3.7,0.0,0.0,33.2,0.2,0.0,0.3,1.028,25.5,12.7,38.1,0.1,1986
148,John Stockton*,PG,23,UTA,4,0,18.3,2.3,4.3,.529,0.3,0.3,1.000,2.0,4.0,.500,.559,2.0,2.3,.889,0.8,0.8,1.5,3.5,1.3,0.0,1.0,2.5,6.8,17.2,.644,.059,.529,4.2,4.8,4.4,24.7,3.5,0.0,16.0,14.9,0.2,0.0,0.2,.154,-0.1,1.8,1.8,0.1,1986
149,Greg Stokes,PF,22,PHI,7,7,12.9,1.1,4.0,.286,0.0,0.0,0,1.1,4.0,.286,.286,1.6,1.9,.846,0.9,1.0,1.9,0.6,0.3,0.9,0.6,1.7,3.9,7.6,.400,.000,.464,7.9,8.7,8.3,5.8,1.1,4.0,10.6,17.2,0.0,0.1,0.1,.032,-4.0,-0.8,-4.8,-0.1,1986
150,Jon Sundvold,PG,24,SAS,3,0,14.3,2.3,6.0,.389,0.3,2.0,.167,2.0,4.0,.500,.417,0.3,0.3,1.000,0.0,0.3,0.3,1.7,0.0,0.0,1.7,0.3,5.3,3.3,.434,.333,.056,0.0,3.3,1.5,18.1,0.0,0.0,21.3,23.7,-0.2,0.0,-0.2,-0.241,-3.4,-6.3,-9.7,-0.1,1986
151,Reggie Theus,SG,28,SAC,3,3,34.0,6.0,15.3,.391,0.0,0.3,.000,6.0,15.0,.400,.391,3.0,4.0,.750,1.0,1.7,2.7,6.3,1.0,0.7,4.7,3.0,15.0,9.2,.439,.022,.261,2.8,5.9,4.2,32.1,1.5,1.2,21.4,25.7,-0.2,0.0,-0.2,-0.091,-1.4,-2.9,-4.3,-0.1,1986
152,David Thirdkill,PF,25,BOS,13,0,3.6,0.5,1.4,.333,0.0,0.1,.000,0.5,1.3,.353,.333,0.4,0.8,.455,0.1,0.5,0.6,0.2,0.2,0.0,0.2,0.4,1.3,5.3,.372,.056,.611,2.6,15.4,9.5,8.2,2.1,0.0,11.6,23.2,-0.1,0.1,-0.1,-0.054,-6.1,-1.2,-7.3,-0.1,1986
153,Isiah Thomas*,PG,24,DET,4,4,40.8,10.3,22.8,.451,0.0,1.3,.000,10.3,21.5,.477,.451,6.0,9.0,.667,2.0,3.5,5.5,12.0,2.3,0.8,4.3,4.3,26.5,21.1,.496,.055,.396,5.0,10.1,7.4,43.7,2.6,1.1,13.7,30.2,0.2,0.1,0.3,.091,5.7,1.2,6.9,0.4,1986
154,LaSalle Thompson,C,24,SAC,3,3,33.0,3.7,10.7,.344,0.0,0.0,0,3.7,10.7,.344,.344,2.3,4.0,.583,4.7,7.0,11.7,0.7,0.7,2.0,1.3,2.7,9.7,12.2,.389,.000,.375,13.7,25.7,19.0,3.1,1.0,3.6,9.7,16.7,-0.1,0.1,0.0,.012,-1.6,-2.1,-3.8,0.0,1986
155,Mychal Thompson,C,31,POR,4,4,35.0,7.8,13.5,.574,0.0,0.0,0,7.8,13.5,.574,.574,3.5,6.5,.538,2.8,5.5,8.3,3.5,0.3,0.8,2.5,3.3,19.0,16.3,.581,.000,.481,9.1,15.3,12.5,14.6,0.3,1.1,13.3,21.5,0.2,0.1,0.3,.091,2.0,-0.9,1.2,0.1,1986
156,Otis Thorpe,PF,23,SAC,3,0,11.7,1.0,4.3,.231,0.0,0.0,0,1.0,4.3,.231,.231,2.0,4.3,.462,2.7,1.3,4.0,0.0,0.0,0.3,0.3,1.3,4.0,8.0,.321,.000,1.000,22.1,13.8,18.4,0.0,0.0,1.7,5.1,22.6,-0.1,0.0,-0.1,-0.079,-2.6,-6.5,-9.2,-0.1,1986
157,Sedale Threatt,SG,24,PHI,12,0,26.0,5.6,11.9,.469,0.0,0.2,.000,5.6,11.8,.475,.469,2.2,2.8,.788,0.5,1.6,2.1,3.5,1.9,0.2,1.3,2.9,13.3,15.9,.508,.014,.231,2.3,6.8,4.6,21.1,3.6,0.4,8.7,22.7,0.4,0.4,0.8,.128,-0.6,1.9,1.3,0.3,1986
158,Kelly Tripucka,SF,26,DET,4,4,43.8,8.3,17.8,.465,0.0,0.0,0,8.3,17.8,.465,.465,5.3,5.8,.913,2.5,3.3,5.8,2.3,0.8,0.5,4.0,3.5,21.8,11.5,.536,.000,.324,5.8,8.7,7.2,7.0,0.8,0.7,16.5,22.0,0.0,0.1,0.1,.020,-0.2,-1.7,-1.9,0.0,1986
159,Elston Turner,SG,26,DEN,10,0,19.6,2.9,5.4,.537,0.1,0.1,1.000,2.8,5.3,.528,.546,0.7,0.8,.875,1.2,1.7,2.9,2.2,0.7,0.0,0.5,1.9,6.6,13.4,.574,.019,.148,5.9,9.5,7.6,15.2,1.7,0.0,8.0,12.7,0.4,0.2,0.5,.127,0.6,1.2,1.8,0.2,1986
160,Jeff Turner,PF,23,NJN,3,0,6.0,0.3,1.0,.333,0.0,0.0,0,0.3,1.0,.333,.333,0.3,0.3,1.000,0.0,1.0,1.0,1.0,0.0,0.0,1.3,2.3,1.0,-5.9,.436,.000,.333,0.0,21.6,10.0,21.8,0.0,0.0,53.8,16.9,-0.1,0.0,-0.1,-0.247,-15.0,0.2,-14.8,-0.1,1986
161,Terry Tyler,SF,29,SAC,3,2,17.0,0.7,3.3,.200,0.0,0.0,0,0.7,3.3,.200,.200,1.3,1.3,1.000,1.0,1.7,2.7,1.3,0.7,1.0,0.3,1.7,2.7,8.5,.340,.000,.400,5.7,11.9,8.4,10.9,2.0,3.5,7.8,10.0,0.0,0.0,0.0,.021,-3.1,1.9,-1.2,0.0,1986
162,Kiki Vandeweghe,SF,27,POR,4,4,37.3,10.0,17.3,.580,0.0,0.5,.000,10.0,16.8,.597,.580,8.0,8.0,1.000,0.5,0.8,1.3,2.0,0.5,0.5,2.3,3.0,28.0,19.6,.674,.029,.464,1.6,2.0,1.8,8.4,0.6,0.7,9.8,24.6,0.5,0.0,0.6,.178,4.5,-1.8,2.8,0.2,1986
163,Jay Vincent,PF,26,DAL,10,0,20.4,3.8,9.9,.384,0.0,0.0,0,3.8,9.9,.384,.384,3.0,3.4,.882,1.5,2.4,3.9,1.5,0.4,0.1,1.7,1.9,10.6,11.9,.465,.000,.343,8.3,13.7,11.0,10.5,1.0,0.3,13.0,27.0,-0.1,0.1,-0.1,-0.013,-1.4,-3.1,-4.5,-0.1,1986
164,Sam Vincent,SG,22,BOS,9,0,4.6,0.9,3.1,.286,0.0,0.1,.000,0.9,3.0,.296,.286,0.7,0.7,1.000,0.1,0.7,0.8,0.6,0.2,0.0,0.4,1.0,2.4,5.3,.359,.036,.214,2.9,15.1,9.5,17.2,2.4,0.0,11.5,35.6,-0.2,0.1,-0.1,-0.109,-10.1,-2.3,-12.4,-0.1,1986
165,Granville Waiters,C,25,HOU,11,0,2.4,0.4,0.6,.571,0.0,0.0,0,0.4,0.6,.571,.571,0.0,0.0,0,0.2,0.3,0.5,0.0,0.1,0.3,0.1,0.3,0.7,13.3,.571,.000,.000,8.3,12.4,10.3,0.0,1.9,6.7,12.5,12.5,0.0,0.0,0.1,.116,-3.0,2.8,-0.3,0.0,1986
166,Bill Walton*,C,33,BOS,16,0,18.2,3.4,5.8,.581,0.0,0.1,.000,3.4,5.8,.587,.581,1.2,1.4,.826,1.6,4.9,6.4,1.7,0.4,0.8,1.4,2.8,7.9,17.3,.616,.011,.247,10.4,27.7,19.7,12.9,1.0,2.3,17.6,18.1,0.4,0.6,1.1,.175,1.0,2.1,3.1,0.4,1986
167,Spud Webb,PG,22,ATL,9,0,20.3,4.7,9.0,.519,0.0,0.2,.000,4.7,8.8,.532,.519,2.9,3.7,.788,0.7,2.8,3.4,7.2,0.4,0.1,1.1,1.4,12.2,25.7,.576,.025,.407,3.6,15.0,9.3,54.2,1.1,0.3,9.5,24.2,0.7,0.1,0.9,.226,7.4,1.0,8.4,0.5,1986
168,Scott Wedman,SF,33,BOS,12,0,11.8,1.7,4.3,.392,0.2,0.3,.500,1.5,3.9,.383,.412,0.3,0.3,.750,0.9,0.9,1.8,0.7,0.8,0.3,0.5,1.2,3.8,9.9,.426,.078,.078,9.3,8.0,8.6,7.4,3.1,1.2,10.2,17.4,-0.1,0.3,0.2,.060,-1.6,0.5,-1.1,0.0,1986
169,Bill Wennington,C,22,DAL,6,0,3.0,0.3,1.0,.333,0.2,0.2,1.000,0.2,0.8,.200,.417,0.3,0.3,1.000,0.7,0.2,0.8,0.0,0.0,0.0,0.0,0.7,1.2,12.7,.509,.167,.333,25.2,6.5,15.9,0.0,0.0,0.0,0.0,16.1,0.1,0.0,0.1,.153,0.6,-5.3,-4.7,0.0,1986
170,Willie White,SG,23,DEN,4,0,5.3,0.5,1.8,.286,0.3,1.0,.250,0.3,0.8,.333,.357,0.0,0.0,0,0.3,0.5,0.8,1.5,0.3,0.0,0.5,1.0,1.3,7.5,.357,.571,.000,4.6,10.5,7.4,36.2,2.2,0.0,22.2,17.1,0.0,0.0,0.0,-0.023,-3.5,-0.1,-3.6,0.0,1986
171,Mitchell Wiggins,SG,26,HOU,20,0,22.2,4.5,9.0,.497,0.0,0.2,.000,4.5,8.8,.506,.497,1.1,1.4,.750,1.9,1.9,3.8,1.6,0.7,0.2,1.4,2.2,10.0,12.8,.520,.017,.156,9.2,9.2,9.2,9.8,1.5,0.4,12.4,19.9,0.3,0.5,0.8,.083,-1.2,-0.7,-1.9,0.0,1986
172,Dominique Wilkins*,SF,26,ATL,9,9,40.0,10.4,24.1,.433,0.1,0.6,.200,10.3,23.6,.439,.435,7.6,8.8,.861,2.2,3.8,6.0,2.8,1.0,0.2,3.3,2.7,28.6,16.7,.510,.023,.364,6.1,10.4,8.3,11.1,1.2,0.3,10.6,32.8,0.1,0.2,0.3,.046,1.9,-1.8,0.1,0.2,1986
173,Jeff Wilkins,C,30,SAS,3,0,5.3,0.0,0.3,.000,0.0,0.0,0,0.0,0.3,.000,.000,0.0,0.0,0,0.0,1.0,1.0,0.0,0.0,0.7,0.0,2.0,0.0,-0.6,.000,.000,.000,0.0,26.7,11.9,0.0,0.0,7.2,0.0,2.7,0.0,0.0,0.0,-0.061,-10.7,1.9,-8.8,0.0,1986
174,Buck Williams,PF,25,NJN,3,3,42.0,7.0,9.7,.724,0.0,0.0,0,7.0,9.7,.724,.724,6.7,8.7,.769,4.0,6.3,10.3,0.7,2.0,0.3,2.0,5.0,20.7,19.9,.767,.000,.897,10.5,19.6,14.7,2.4,2.3,0.5,12.9,15.1,0.4,0.1,0.5,.192,4.0,0.3,4.3,0.2,1986
175,Gus Williams,PG,32,WSB,5,5,39.8,7.6,15.8,.481,0.2,2.0,.100,7.4,13.8,.536,.487,2.8,3.6,.778,0.8,1.2,2.0,6.6,2.2,0.0,1.4,2.2,18.2,16.8,.523,.127,.228,2.1,3.4,2.7,25.8,2.8,0.0,7.5,19.9,0.3,0.1,0.4,.108,2.1,0.3,2.3,0.2,1986
176,Pete Williams,PF,20,DEN,4,0,4.5,0.5,1.0,.500,0.0,0.3,.000,0.5,0.8,.667,.500,0.0,0.0,0,0.3,0.8,1.0,0.8,0.0,0.0,0.0,0.5,1.0,11.7,.500,.250,.000,5.4,18.3,11.4,21.5,0.0,0.0,0.0,8.8,0.0,0.0,0.0,.126,0.8,1.9,2.7,0.0,1986
177,Kevin Willis,PF,23,ATL,9,9,31.1,6.1,10.9,.561,0.0,0.0,0,6.1,10.9,.561,.561,1.7,2.6,.652,3.4,3.8,7.2,0.6,0.8,0.9,1.7,4.2,13.9,14.3,.578,.000,.235,12.2,13.4,12.8,2.6,1.2,1.6,12.2,18.4,0.3,0.2,0.6,.096,-0.1,-0.3,-0.4,0.1,1986
178,Randy Wittman,SG,26,ATL,9,9,38.7,7.9,15.0,.526,0.0,0.2,.000,7.9,14.8,.534,.526,2.0,2.9,.692,0.4,2.2,2.7,3.3,1.1,0.1,1.4,1.8,17.8,13.3,.546,.015,.193,1.3,6.3,3.8,12.7,1.4,0.2,8.2,19.2,0.3,0.2,0.5,.069,-0.1,0.1,0.0,0.2,1986
179,Leon Wood,PG,23,WSB,1,0,2.0,1.0,5.0,.200,1.0,1.0,1.000,0.0,4.0,.000,.300,2.0,2.0,1.000,0.0,0.0,0.0,0.0,0.0,0.0,0.0,0.0,5.0,36.9,.425,.200,.400,0.0,0.0,0.0,0.0,0.0,0.0,0.0,100.0,0.0,0.0,0.0,-0.074,22.4,-13.5,9.0,0.0,1986
180,Mike Woodson,SG,27,SAC,3,3,36.7,7.3,16.3,.449,0.0,0.7,.000,7.3,15.7,.468,.449,4.0,4.0,1.000,2.3,1.3,3.7,1.7,1.3,0.7,3.7,4.3,18.7,11.7,.516,.041,.245,6.2,4.4,5.4,8.2,1.9,1.1,16.9,23.8,0.0,0.0,0.0,.005,-1.9,-1.0,-2.9,0.0,1986
181,Orlando Woolridge,SF,26,CHI,3,3,45.0,8.3,20.7,.403,0.0,0.3,.000,8.3,20.3,.410,.403,4.3,5.0,.867,2.0,2.7,4.7,1.3,1.0,0.3,1.3,4.0,21.0,11.2,.459,.016,.242,4.9,7.8,6.2,4.6,1.1,0.5,5.5,22.6,0.0,-0.1,-0.1,-0.027,1.1,-3.3,-2.2,0.0,1986
182,James Worthy*,SF,24,LAL,14,14,38.5,8.6,15.5,.558,0.0,0.3,.000,8.6,15.2,.568,.558,2.3,3.4,.681,1.6,3.1,4.6,3.2,1.1,0.7,2.6,3.1,19.6,14.4,.576,.018,.217,5.2,9.0,7.2,10.9,1.4,1.1,13.2,21.1,0.6,0.6,1.1,.102,1.2,-0.6,0.7,0.4,1986
183,Michael Young,SF,25,PHI,3,0,1.0,0.3,1.3,.250,0.0,0.0,0,0.3,1.3,.250,.250,0.0,0.0,0,0.3,0.0,0.3,0.0,0.0,0.0,0.0,0.0,0.7,3.1,.250,.000,.000,39.3,0.0,19.1,0.0,0.0,0.0,0.0,54.8,0.0,0.0,0.0,-0.319,-10.5,-17.4,-28.0,0.0,1986
