,Player,Pos,Age,Tm,G,GS,MP,FG,FGA,FG%,3P,3PA,3P%,2P,2PA,2P%,eFG%,FT,FTA,FT%,ORB,DRB,TRB,AST,STL,BLK,TOV,PF,PTS
0,Mahmoud Abdul-Rauf,PG,26,DEN,57,53,35.6,7.3,16.8,.434,2.1,5.4,.392,5.1,11.3,.454,.497,2.6,2.8,.930,0.5,2.0,2.4,6.8,1.1,0.1,2.0,2.1,19.2
1,Michael Adams,PG,33,CHH,21,3,15.7,1.8,4.0,.446,0.7,2.0,.341,1.1,2.0,.548,.530,1.2,1.7,.743,0.2,0.8,1.0,3.2,1.0,0.2,1.2,1.2,5.4
2,Rafael Addison,SF,31,CHH,53,0,9.7,1.5,3.1,.467,0.0,0.2,.000,1.5,2.9,.494,.467,0.3,0.4,.773,0.5,1.2,1.7,0.6,0.2,0.2,0.5,1.4,3.2
3,Cory Alexander,PG,22,SAS,60,0,9.3,1.1,2.6,.406,0.4,1.1,.394,0.6,1.5,.416,.490,0.3,0.4,.640,0.2,0.6,0.7,2.0,0.5,0.0,1.1,1.6,2.8
4,Jerome Allen,SG,23,MIN,41,0,8.8,0.9,2.6,.343,0.2,0.8,.303,0.6,1.8,.361,.390,0.6,0.9,.722,0.1,0.5,0.6,1.2,0.5,0.1,0.8,1.0,2.6
5,Derrick Alston,C,23,PHI,73,41,22.1,2.7,5.3,.512,0.0,0.0,.333,2.7,5.3,.513,.513,0.8,1.5,.491,1.7,2.4,4.1,0.8,0.8,0.7,0.8,2.6,6.2
6,John Amaechi,PF,25,CLE,28,3,12.8,1.0,2.5,.414,0.0,0.0,,1.0,2.5,.414,.414,0.7,1.2,.576,0.5,1.4,1.9,0.3,0.2,0.4,1.2,1.8,2.8
7,Ashraf Amaya,PF,24,VAN,54,34,20.4,2.2,4.7,.480,0.0,0.0,.000,2.2,4.6,.482,.480,1.8,2.8,.651,2.1,3.5,5.6,0.6,0.4,0.2,1.1,2.8,6.3
8,Greg Anderson,PF,31,SAS,46,7,7.5,0.5,1.0,.511,0.0,0.0,.000,0.5,1.0,.522,.511,0.1,0.5,.240,0.6,1.5,2.2,0.2,0.2,0.5,0.5,1.4,1.2
9,Kenny Anderson,PG,25,TOT,69,64,34.0,5.1,12.1,.418,1.3,3.7,.359,3.7,8.4,.445,.474,3.8,4.9,.769,0.9,2.0,2.9,8.3,1.6,0.2,2.1,2.6,15.2
10,Kenny Anderson,PG,25,NJN,31,28,33.6,4.6,12.3,.376,1.2,3.2,.364,3.5,9.1,.381,.424,4.9,6.1,.803,1.2,2.1,3.3,8.0,1.7,0.3,1.9,2.4,15.3
11,Kenny Anderson,PG,25,CHH,38,36,34.3,5.4,11.9,.454,1.5,4.1,.357,3.9,7.8,.505,.515,2.9,3.9,.727,0.7,2.0,2.7,8.6,1.6,0.2,2.3,2.8,15.2
12,Nick Anderson,SG,28,ORL,77,77,35.3,5.2,11.7,.442,2.2,5.6,.391,3.0,6.2,.489,.535,2.2,3.1,.692,1.2,4.2,5.4,3.6,1.6,0.6,1.8,1.8,14.7
13,Willie Anderson,SG,29,TOT,76,44,27.1,3.8,8.7,.436,0.4,1.6,.283,3.3,7.1,.470,.462,1.7,2.1,.810,0.6,2.6,3.2,2.6,1.0,0.8,1.9,3.0,9.8
14,Willie Anderson,SG,29,TOR,49,42,31.9,4.7,10.8,.440,0.6,1.9,.305,4.1,8.8,.470,.468,2.3,2.7,.856,0.7,3.1,3.8,3.0,1.2,1.0,2.4,3.5,12.4
15,Willie Anderson,SG,29,NYK,27,2,18.4,2.1,4.9,.421,0.2,0.9,.200,1.9,4.0,.472,.440,0.7,1.1,.613,0.5,1.7,2.2,1.8,0.6,0.3,0.9,2.2,5.0
16,Greg Anthony,PG,28,VAN,69,68,30.4,4.7,11.3,.415,1.3,3.9,.332,3.4,7.4,.459,.472,3.3,4.3,.771,0.4,2.1,2.5,6.9,1.7,0.2,2.3,2.0,14.0
17,B.J. Armstrong,PG,28,GSW,82,64,27.6,4.1,8.9,.468,1.2,2.5,.473,3.0,6.3,.465,.535,2.9,3.4,.839,0.3,2.0,2.2,4.9,0.8,0.1,1.6,1.8,12.3
18,Darrell Armstrong,PG,27,ORL,13,0,3.2,1.2,2.5,.500,0.5,0.9,.500,0.8,1.5,.500,.594,0.3,0.3,1.000,0.0,0.2,0.2,0.4,0.5,0.0,0.5,0.3,3.2
19,Vincent Askew,SG,29,SEA,69,2,25.0,3.1,6.3,.493,0.4,1.2,.337,2.7,5.1,.531,.526,1.8,2.3,.764,0.9,2.2,3.2,2.4,0.7,0.2,1.4,2.6,8.4
20,Keith Askins,SF,28,MIA,75,14,25.3,2.1,5.2,.402,1.3,3.2,.418,0.8,2.1,.377,.528,0.6,0.8,.789,1.5,2.8,4.3,1.6,0.6,0.8,1.1,3.6,6.1
21,Stacey Augmon,SF,27,ATL,77,49,29.8,4.7,9.6,.491,0.0,0.1,.250,4.7,9.5,.492,.491,3.3,4.1,.792,1.8,2.2,3.9,1.8,1.4,0.4,1.8,2.4,12.7
22,Anthony Avent,PF,26,VAN,71,32,22.3,2.5,6.6,.384,0.0,0.0,,2.5,6.6,.384,.384,0.8,1.1,.740,1.5,3.5,5.0,1.0,0.4,0.6,1.5,2.8,5.8
23,Vin Baker,PF,24,MIL,82,82,40.5,8.5,17.4,.489,0.1,0.6,.208,8.4,16.8,.499,.493,3.9,5.8,.670,3.2,6.6,9.9,2.6,0.8,1.1,2.6,3.3,21.1
24,,,,,,,,,,,,,,,,,,,,,,,,,,,,,
25,Steve Bardo,SG,27,DET,9,0,13.7,1.0,2.6,.391,0.0,0.4,.000,1.0,2.1,.474,.391,0.4,0.7,.667,0.2,2.2,2.4,1.7,0.4,0.1,0.6,1.9,2.4
26,Charles Barkley*,PF,32,PHO,71,71,37.1,8.2,16.3,.500,0.7,2.5,.280,7.5,13.9,.539,.521,6.2,8.0,.777,3.4,8.1,11.6,3.7,1.6,0.8,3.1,2.9,23.2
27,Dana Barros,PG,28,BOS,80,25,29.1,4.7,10.1,.470,1.9,4.6,.408,2.9,5.5,.523,.563,1.6,1.8,.884,0.3,2.1,2.4,3.8,0.7,0.0,1.5,1.5,13.0
28,Brent Barry,SG,24,LAC,79,44,24.0,3.6,7.6,.474,1.6,3.7,.416,2.0,3.8,.532,.577,1.4,1.7,.810,0.5,1.6,2.1,2.9,1.2,0.3,1.5,2.5,10.1
29,Jon Barry,SG,26,GSW,68,0,10.5,1.3,2.7,.492,0.6,1.4,.473,0.7,1.4,.511,.611,0.5,0.5,.838,0.3,0.7,0.9,1.3,0.5,0.2,0.6,0.8,3.8
30,Corey Beck,PG,24,CHH,5,0,6.6,0.4,1.6,.250,0.0,0.0,,0.4,1.6,.250,.250,0.2,0.4,.500,0.6,0.8,1.4,1.0,0.2,0.0,0.8,1.6,1.0
31,Benoit Benjamin,C,31,TOT,83,71,22.8,3.5,7.1,.498,0.0,0.0,.000,3.5,7.1,.501,.498,1.7,2.3,.722,1.7,4.8,6.5,0.8,0.5,1.0,1.7,2.7,8.8
32,Benoit Benjamin,C,31,VAN,13,13,31.1,5.5,12.4,.441,0.0,0.0,,5.5,12.4,.441,.441,3.0,4.3,.696,2.4,5.5,7.9,1.2,0.8,1.2,2.6,3.1,13.9
33,Benoit Benjamin,C,31,MIL,70,58,21.3,3.2,6.1,.520,0.0,0.0,.000,3.2,6.1,.523,.520,1.4,2.0,.732,1.6,4.7,6.2,0.7,0.5,1.0,1.6,2.6,7.8
34,Elmer Bennett,PG,25,PHI,8,0,8.3,0.5,2.1,.235,0.0,0.0,,0.5,2.1,.235,.235,0.4,0.5,.750,0.1,0.5,0.6,1.0,0.1,0.1,0.9,0.8,1.4
35,Mario Bennett,SF,22,PHO,19,14,12.1,1.5,3.4,.453,0.0,0.1,.000,1.5,3.3,.460,.453,1.4,2.2,.643,1.1,1.5,2.6,0.3,0.6,0.6,0.6,2.4,4.5
36,David Benoit,SF,27,UTA,81,63,24.2,3.1,7.2,.439,0.8,2.4,.333,2.4,4.8,.491,.494,1.1,1.4,.777,1.1,3.6,4.7,1.0,0.5,0.6,0.9,2.0,8.2
37,Travis Best,PG,23,IND,59,1,9.7,1.2,2.8,.423,0.1,0.4,.320,1.0,2.3,.442,.448,1.3,1.5,.833,0.2,0.6,0.7,1.6,0.3,0.1,1.1,1.4,3.7
38,Mookie Blaylock,PG,28,ATL,81,81,35.7,5.6,13.9,.405,2.9,7.7,.371,2.8,6.2,.448,.508,1.6,2.1,.747,1.4,2.7,4.1,5.9,2.6,0.2,2.3,1.9,15.7
39,Corie Blount,PF,27,LAL,57,2,12.5,1.4,2.9,.473,0.0,0.0,.000,1.4,2.9,.479,.473,0.4,0.8,.568,1.2,1.8,3.0,0.7,0.4,0.6,0.8,1.9,3.2
40,Muggsy Bogues,PG,31,CHH,6,0,12.8,1.0,2.7,.375,0.0,0.2,.000,1.0,2.5,.400,.375,0.3,0.3,1.000,1.0,0.2,1.2,3.2,0.3,0.0,1.0,0.7,2.3
41,Anthony Bonner,PF,27,ORL,4,0,10.8,1.3,3.8,.333,0.0,0.0,,1.3,3.8,.333,.333,0.8,1.8,.429,1.5,3.3,4.8,1.0,0.8,0.0,0.8,2.8,3.3
42,Melvin Booker,PG,23,HOU,11,0,11.9,1.5,4.5,.320,0.3,1.7,.158,1.2,2.8,.419,.350,0.8,1.0,.818,0.1,0.7,0.8,1.9,0.5,0.1,1.1,1.6,4.0
43,Anthony Bowie,SG,32,ORL,74,4,14.6,1.7,3.7,.471,0.2,0.4,.387,1.6,3.3,.481,.493,0.5,0.6,.870,0.5,1.1,1.7,1.4,0.5,0.1,0.7,1.5,4.2
44,Donnie Boyce,SG,22,ATL,8,0,5.1,1.1,2.9,.391,0.5,1.0,.500,0.6,1.9,.333,.478,0.3,0.5,.500,0.6,0.6,1.3,0.4,0.4,0.1,0.8,0.3,3.0
45,Shawn Bradley,C,23,TOT,79,68,29.5,4.9,11.1,.443,0.0,0.1,.250,4.9,11.0,.444,.444,2.1,3.1,.687,2.8,5.3,8.1,0.8,0.6,3.6,2.3,3.6,11.9
46,Shawn Bradley,C,23,PHI,12,11,27.8,3.6,8.1,.443,0.0,0.0,,3.6,8.1,.443,.443,1.6,2.1,.760,2.8,6.0,8.8,0.7,0.7,3.2,2.6,3.5,8.8
47,Shawn Bradley,C,23,NJN,67,57,29.8,5.1,11.6,.443,0.0,0.1,.250,5.1,11.5,.444,.444,2.2,3.3,.679,2.8,5.1,7.9,0.8,0.6,3.7,2.2,3.6,12.5
48,Marques Bragg,PF,25,MIN,53,0,7.0,1.0,2.3,.450,0.0,0.0,,1.0,2.3,.450,.450,0.4,0.8,.561,0.7,0.8,1.5,0.2,0.3,0.2,0.5,1.3,2.5
49,,,,,,,,,,,,,,,,,,,,,,,,,,,,,
50,Terrell Brandon,PG,25,CLE,75,75,34.3,6.8,14.6,.465,1.2,3.1,.387,5.6,11.5,.487,.507,4.5,5.1,.887,0.6,2.7,3.3,6.5,1.8,0.4,1.9,1.9,19.3
51,Tim Breaux,SF,25,HOU,54,4,10.6,1.1,3.0,.366,0.3,0.9,.326,0.8,2.1,.383,.413,0.5,0.8,.622,0.4,0.7,1.1,0.4,0.2,0.1,0.6,0.8,3.0
52,Frank Brickowski,C,36,SEA,63,8,15.7,2.0,4.0,.488,0.5,1.3,.405,1.4,2.7,.526,.552,1.0,1.4,.709,0.4,2.0,2.4,0.9,0.4,0.1,1.2,2.9,5.4
53,Scott Brooks,PG,30,DAL,69,0,10.4,1.9,4.2,.457,0.4,0.9,.403,1.6,3.3,.472,.500,0.9,1.0,.855,0.2,0.4,0.6,1.4,0.6,0.0,0.6,0.8,5.1
54,Chucky Brown,PF,27,HOU,82,82,24.6,3.7,6.8,.541,0.0,0.1,.125,3.6,6.7,.547,.541,1.3,1.8,.693,1.6,3.7,5.4,1.1,0.6,0.5,1.1,2.0,8.6
55,Dee Brown,PG,27,BOS,65,23,24.5,3.8,9.5,.399,1.0,3.4,.309,2.7,6.1,.449,.455,2.1,2.4,.854,0.6,1.5,2.1,2.2,1.2,0.2,1.1,1.8,10.7
56,Mike Brown,C,32,PHI,9,1,18.0,1.0,1.8,.563,0.0,0.0,,1.0,1.8,.563,.563,0.9,1.9,.471,1.6,2.6,4.1,0.3,0.3,0.2,0.7,2.7,2.9
57,P.J. Brown,C,26,NJN,81,81,36.3,4.4,9.9,.444,0.0,0.2,.200,4.3,9.7,.448,.445,2.5,3.3,.770,2.7,4.3,6.9,2.0,1.0,1.2,1.6,3.1,11.3
58,Randy Brown,PG,27,CHI,68,0,9.9,1.1,2.8,.406,0.0,0.2,.091,1.1,2.7,.425,.409,0.4,0.7,.609,0.3,0.7,1.0,1.1,0.8,0.2,0.5,1.3,2.7
59,Mark Bryant,PF,30,HOU,71,9,22.4,3.4,6.3,.543,0.0,0.0,.000,3.4,6.3,.545,.543,1.8,2.5,.718,1.8,3.1,4.9,0.7,0.4,0.3,1.2,3.3,8.6
60,Jud Buechler,SF,27,CHI,74,0,10.0,1.5,3.3,.463,0.5,1.2,.444,1.0,2.1,.474,.545,0.2,0.3,.636,0.6,0.9,1.5,0.8,0.5,0.1,0.5,0.9,3.8
61,Matt Bullard,PF,28,ATL,46,0,10.0,1.4,3.5,.407,0.6,1.6,.361,0.9,2.0,.444,.488,0.3,0.4,.800,0.4,0.9,1.3,0.4,0.4,0.2,0.5,1.1,3.8
62,Scott Burrell,SF,25,CHH,20,20,34.7,4.6,10.3,.447,1.9,4.9,.378,2.8,5.4,.509,.536,2.1,2.8,.750,1.3,3.6,4.9,2.4,1.4,0.7,2.2,3.8,13.2
63,Junior Burrough,PF,23,BOS,61,3,8.1,1.0,2.8,.376,0.0,0.0,,1.0,2.8,.376,.376,1.0,1.5,.656,0.7,1.0,1.8,0.2,0.2,0.2,0.7,1.2,3.1
64,Mitchell Butler,SG,25,WSB,61,3,14.1,1.4,3.8,.384,0.2,1.0,.217,1.2,2.8,.444,.413,0.8,1.4,.578,0.5,1.5,1.9,1.1,0.7,0.2,1.1,1.7,3.9
65,Jason Caffey,PF,22,CHI,57,0,9.6,1.2,2.8,.438,0.0,0.0,.000,1.2,2.8,.441,.438,0.7,1.2,.588,0.9,1.1,1.9,0.4,0.2,0.1,0.8,1.6,3.2
66,Michael Cage,C,34,CLE,82,80,32.1,2.7,4.8,.556,0.0,0.0,.000,2.7,4.8,.557,.556,0.6,1.1,.543,3.5,5.4,8.9,0.6,1.1,1.0,0.7,2.6,6.0
67,Adrian Caldwell,PF,29,IND,51,1,6.4,0.9,1.6,.554,0.0,0.0,,0.9,1.6,.554,.554,0.4,0.7,.500,0.8,1.3,2.2,0.1,0.2,0.1,0.7,1.4,2.2
68,Elden Campbell,PF,27,LAL,82,82,32.9,5.5,10.8,.503,0.0,0.1,.000,5.5,10.8,.506,.503,3.0,4.3,.713,2.0,5.6,7.6,2.2,1.1,2.6,1.7,3.7,13.9
69,Antoine Carr,SF,34,UTA,80,0,19.2,2.9,6.4,.457,0.0,0.0,.000,2.9,6.3,.460,.457,1.4,1.8,.792,0.9,1.6,2.5,0.9,0.4,0.8,1.0,3.2,7.3
70,,,,,,,,,,,,,,,,,,,,,,,,,,,,,
71,Chris Carr,SG,21,PHO,60,10,9.8,1.5,3.6,.415,0.2,0.7,.262,1.3,2.9,.451,.440,0.8,1.0,.817,0.5,1.3,1.7,0.7,0.2,0.1,0.7,1.3,4.0
72,Sam Cassell,PG,26,HOU,61,0,27.6,4.7,10.8,.439,1.2,3.4,.348,3.5,7.3,.482,.495,3.9,4.7,.825,0.8,2.2,3.1,4.6,0.9,0.1,2.6,2.7,14.5
73,Duane Causwell,C,27,SAC,73,26,14.3,1.2,3.0,.417,0.0,0.0,.000,1.2,2.9,.419,.417,1.0,1.3,.729,1.2,2.2,3.4,0.3,0.4,1.1,0.7,2.4,3.4
74,Cedric Ceballos,SF,26,LAL,78,71,33.7,8.2,15.4,.530,0.7,2.4,.277,7.5,13.1,.576,.552,4.2,5.2,.804,2.8,4.1,6.9,1.5,1.2,0.3,2.1,1.8,21.2
75,Rex Chapman,SG,28,MIA,56,50,33.3,5.2,12.1,.426,2.2,6.0,.371,2.9,6.1,.480,.518,1.5,2.0,.735,0.4,2.2,2.6,3.0,0.8,0.2,1.4,2.1,14.0
76,Calbert Cheaney,SF,24,WSB,70,70,33.2,6.1,12.9,.471,0.7,2.2,.338,5.3,10.7,.498,.499,2.2,3.1,.706,1.0,2.5,3.4,2.2,1.0,0.3,1.8,2.9,15.1
77,Pete Chilcutt,PF,27,HOU,74,0,8.8,1.0,2.4,.408,0.5,1.3,.378,0.5,1.1,.444,.511,0.2,0.4,.654,0.7,1.4,2.1,0.4,0.3,0.2,0.3,0.9,2.7
78,Randolph Childress,PG,23,POR,28,0,8.9,0.9,2.8,.316,0.5,1.7,.277,0.4,1.1,.375,.399,0.8,1.0,.815,0.0,0.6,0.7,1.1,0.3,0.0,1.0,0.8,3.0
79,Chris Childs,PG,28,NJN,78,54,30.9,4.2,10.0,.416,1.2,3.3,.367,2.9,6.7,.441,.478,3.3,3.9,.852,0.7,2.5,3.1,7.0,1.4,0.1,2.9,3.2,12.8
80,Doug Christie,SF,25,TOT,55,17,18.8,2.7,6.1,.445,0.8,1.9,.434,1.9,4.2,.450,.513,1.3,1.7,.742,0.6,2.2,2.8,2.1,1.3,0.3,1.7,2.6,7.5
81,Doug Christie,SF,25,NYK,23,0,9.5,1.5,3.2,.479,0.4,0.8,.526,1.1,2.3,.463,.548,0.6,1.0,.591,0.3,1.1,1.5,1.1,0.5,0.1,0.8,1.8,4.0
82,Doug Christie,SF,25,TOR,32,17,25.6,3.6,8.3,.436,1.1,2.7,.414,2.5,5.5,.446,.504,1.8,2.2,.789,0.8,2.9,3.8,2.9,1.8,0.5,2.4,3.1,10.1
83,Robert Churchwell,SG,23,GSW,4,0,5.0,0.8,2.0,.375,0.0,0.0,,0.8,2.0,.375,.375,0.0,0.0,,0.0,0.8,0.8,0.3,0.0,0.0,0.5,0.3,1.5
84,Charles Claxton,C,25,BOS,3,0,2.3,0.3,0.7,.500,0.0,0.0,,0.3,0.7,.500,.500,0.0,0.7,.000,0.7,0.0,0.7,0.0,0.0,0.3,0.3,1.3,0.7
85,John Coker,C,24,PHO,5,0,2.2,0.8,1.0,.800,0.0,0.0,,0.8,1.0,.800,.800,0.0,0.0,,0.4,0.0,0.4,0.2,0.0,0.2,0.0,0.2,1.6
86,Derrick Coleman,PF,28,PHI,11,11,26.7,4.4,10.7,.407,0.6,1.9,.333,3.7,8.8,.423,.436,1.8,2.9,.625,1.2,5.4,6.5,2.8,0.4,0.9,2.5,2.7,11.2
87,Bimbo Coles,PG,27,TOT,81,55,32.3,3.9,9.6,.409,1.1,3.1,.346,2.8,6.5,.440,.466,2.1,2.6,.796,0.6,2.6,3.2,5.2,1.2,0.2,2.1,3.1,11.0
88,Bimbo Coles,PG,27,MIA,52,52,36.2,4.4,10.8,.413,1.2,3.3,.366,3.2,7.4,.434,.470,2.7,3.3,.803,0.7,3.1,3.9,5.7,1.2,0.2,2.4,3.4,12.8
89,Bimbo Coles,PG,27,GSW,29,3,25.3,3.0,7.5,.399,0.9,2.8,.305,2.1,4.7,.456,.456,1.0,1.3,.763,0.4,1.7,2.0,4.3,1.1,0.2,1.7,2.7,7.9
90,Marty Conlon,C,28,MIL,74,1,12.9,2.1,4.4,.468,0.1,0.4,.167,2.0,4.0,.498,.476,1.1,1.5,.764,0.8,1.6,2.4,0.9,0.3,0.1,1.1,1.7,5.3
91,Anthony Cook,PF,28,POR,11,0,5.5,0.6,1.5,.438,0.0,0.2,.000,0.6,1.3,.500,.438,0.1,0.4,.250,0.5,0.6,1.1,0.2,0.0,0.1,0.1,0.7,1.4
92,Tyrone Corbin,SF,33,TOT,71,2,18.1,2.2,4.9,.442,0.0,0.3,.167,2.1,4.7,.456,.446,1.4,1.7,.833,1.1,2.3,3.4,1.2,0.9,0.3,0.9,2.1,5.8
93,Tyrone Corbin,SF,33,SAC,49,2,19.0,2.4,5.3,.452,0.0,0.2,.083,2.4,5.0,.470,.454,1.6,1.9,.837,1.1,2.5,3.7,1.2,1.0,0.3,1.0,2.0,6.4
94,Tyrone Corbin,SF,33,MIA,22,0,16.1,1.7,4.2,.413,0.1,0.3,.333,1.6,3.9,.419,.424,1.0,1.3,.821,1.2,1.8,3.0,1.0,0.7,0.1,0.8,2.3,4.6
95,Joe Courtney,PF,26,CLE,23,0,8.7,0.7,1.5,.429,0.0,0.0,,0.7,1.5,.429,.429,0.3,0.8,.444,1.0,1.1,2.1,0.4,0.2,0.3,0.7,1.5,1.7
96,John Crotty,PG,26,CLE,58,4,10.6,0.9,2.0,.447,0.1,0.5,.296,0.7,1.5,.494,.482,1.1,1.2,.861,0.3,0.6,0.9,1.8,0.4,0.1,0.9,1.0,3.0
97,,,,,,,,,,,,,,,,,,,,,,,,,,,,,
98,Terry Cummings,PF,34,MIL,81,13,21.9,3.3,7.2,.462,0.0,0.1,.143,3.3,7.1,.466,.463,1.3,2.0,.650,2.0,3.5,5.5,1.1,0.7,0.4,0.9,3.2,8.0
99,Dell Curry,SG,31,CHH,82,29,28.9,5.4,11.9,.453,2.0,5.0,.404,3.4,6.9,.488,.537,1.8,2.1,.854,0.8,2.4,3.2,2.1,1.3,0.3,1.6,2.1,14.5
100,Michael Curry,SG-SF,27,TOT,46,1,17.0,1.6,3.5,.453,0.4,1.2,.377,1.2,2.3,.491,.516,1.0,1.3,.726,0.6,1.3,1.8,0.6,0.5,0.0,0.5,2.0,4.6
101,Michael Curry,SF,27,WSB,5,0,6.8,0.6,2.0,.300,0.0,0.6,.000,0.6,1.4,.429,.300,0.8,0.8,1.000,0.4,0.6,1.0,0.2,0.2,0.0,0.2,0.6,2.0
102,Michael Curry,SG,27,DET,41,1,18.3,1.7,3.7,.464,0.5,1.2,.400,1.2,2.5,.495,.530,1.0,1.4,.707,0.6,1.3,2.0,0.6,0.6,0.0,0.6,2.2,4.9
103,Rastko Cvetković,C,25,DEN,14,0,3.4,0.4,1.1,.313,0.0,0.1,.000,0.4,1.1,.333,.313,0.0,0.3,.000,0.3,0.5,0.8,0.2,0.1,0.1,0.2,0.8,0.7
104,Sasha Danilović,SG,25,MIA,19,18,28.5,4.4,9.7,.451,1.8,4.1,.436,2.6,5.6,.462,.543,2.9,3.8,.764,0.6,1.8,2.4,2.5,0.8,0.2,1.9,2.6,13.4
105,Yinka Dare,C,23,NJN,58,23,10.8,1.1,2.5,.438,0.0,0.0,,1.1,2.5,.438,.438,0.7,1.1,.613,1.0,2.2,3.1,0.0,0.1,0.7,1.2,2.0,2.8
106,Antonio Davis,PF,27,IND,82,14,25.5,2.9,5.9,.490,0.0,0.0,.500,2.9,5.9,.490,.491,3.0,4.2,.713,2.3,3.8,6.1,0.5,0.4,0.8,1.1,3.0,8.8
107,Dale Davis,PF,26,IND,78,77,33.6,4.3,7.7,.558,0.0,0.0,,4.3,7.7,.558,.558,1.7,3.7,.467,3.2,5.9,9.1,1.0,0.7,1.4,1.5,3.1,10.3
108,Hubert Davis,SG,25,NYK,74,14,24.0,3.7,7.6,.486,1.7,3.6,.476,2.0,4.0,.495,.598,1.5,1.7,.868,0.5,1.2,1.7,1.4,0.4,0.1,0.9,1.6,10.7
109,Mark Davis,SF,22,MIN,57,0,10.0,1.0,2.6,.369,0.1,0.2,.308,0.9,2.4,.375,.383,1.3,2.0,.638,1.0,1.2,2.2,0.8,0.7,0.4,1.2,1.6,3.3
110,Terry Davis,PF,28,DAL,28,0,17.9,2.0,3.9,.509,0.0,0.0,,2.0,3.9,.509,.509,1.0,1.7,.574,1.5,2.6,4.2,0.8,0.4,0.1,0.9,2.4,4.9
111,Todd Day,SG,26,TOT,79,12,22.9,3.8,10.3,.366,1.3,3.8,.331,2.5,6.5,.386,.427,2.8,3.6,.780,0.9,1.9,2.8,1.4,1.0,0.6,1.4,2.8,11.7
112,Todd Day,SG,26,MIL,8,0,21.4,2.8,8.9,.310,0.6,3.1,.200,2.1,5.8,.370,.345,3.0,3.3,.923,1.0,1.8,2.8,0.6,0.5,0.4,1.4,3.4,9.1
113,Todd Day,SG,26,BOS,71,12,23.0,3.9,10.5,.371,1.3,3.9,.343,2.6,6.6,.388,.435,2.8,3.7,.766,0.9,2.0,2.8,1.4,1.1,0.7,1.4,2.8,12.0
114,Andrew DeClercq,C,22,GSW,22,1,9.2,1.1,2.3,.480,0.0,0.0,.000,1.1,2.2,.490,.480,0.5,0.9,.579,0.8,1.0,1.8,0.4,0.3,0.2,0.2,1.4,2.7
115,Terry Dehere,PG,24,LAC,82,10,24.6,3.8,8.4,.459,1.7,3.9,.440,2.1,4.5,.476,.560,3.0,4.0,.755,0.5,1.2,1.7,4.3,0.7,0.2,2.3,2.9,12.4
116,Vinny Del Negro,SG,29,SAS,82,82,33.7,5.8,11.7,.497,0.7,1.8,.380,5.1,9.9,.518,.527,2.2,2.6,.832,0.4,2.9,3.3,3.8,1.0,0.1,1.2,2.0,14.5
117,Bison Dele,C,26,LAC,65,65,33.2,6.4,11.8,.543,0.0,0.1,.167,6.4,11.7,.546,.544,3.0,4.1,.734,2.3,5.3,7.6,1.9,1.1,0.8,2.9,3.5,15.8
118,Dell Demps,SG,25,SAS,16,0,5.4,1.2,2.1,.576,0.1,0.1,.500,1.1,1.9,.581,.591,0.9,1.1,.824,0.1,0.4,0.6,0.5,0.2,0.1,0.8,0.6,3.3
119,Vlade Divac*,C,27,LAL,79,79,31.3,5.2,10.2,.513,0.0,0.2,.167,5.2,10.0,.521,.515,2.4,3.7,.641,2.5,6.1,8.6,3.3,1.0,1.7,2.5,3.5,12.9
120,Sherman Douglas,PG,29,TOT,79,66,29.6,4.4,8.7,.504,0.5,1.4,.364,3.9,7.3,.530,.533,2.0,2.8,.731,0.7,1.6,2.3,5.5,0.8,0.1,2.5,2.1,11.3
121,Sherman Douglas,PG,29,BOS,10,4,23.4,3.6,8.4,.429,0.1,0.7,.143,3.5,7.7,.455,.435,2.5,4.0,.625,0.6,1.7,2.3,3.9,0.2,0.0,2.9,1.6,9.8
122,Sherman Douglas,PG,29,MIL,69,62,30.4,4.5,8.7,.514,0.6,1.5,.379,3.9,7.2,.542,.547,2.0,2.6,.754,0.7,1.6,2.3,5.8,0.9,0.1,2.4,2.1,11.5
123,Clyde Drexler*,SG,33,HOU,52,51,38.4,6.4,14.7,.433,1.5,4.5,.332,4.9,10.2,.478,.484,5.1,6.5,.784,1.9,5.3,7.2,5.8,2.0,0.5,2.6,2.9,19.3
124,,,,,,,,,,,,,,,,,,,,,,,,,,,,,
125,Kevin Duckworth,C,31,MIL,8,1,7.3,0.4,1.8,.214,0.0,0.0,,0.4,1.8,.214,.214,0.4,0.8,.500,0.3,0.6,0.9,0.3,0.3,0.0,0.3,2.4,1.1
126,Chris Dudley,C,30,POR,80,61,24.1,2.0,4.5,.453,0.0,0.0,.000,2.0,4.5,.454,.453,1.0,2.0,.510,3.0,6.0,9.0,0.5,0.5,1.3,1.0,3.1,5.1
127,Joe Dumars*,PG,32,DET,67,40,32.7,3.8,8.9,.426,1.8,4.4,.406,2.0,4.5,.447,.528,2.4,2.9,.822,0.4,1.6,2.1,4.0,0.6,0.0,1.4,1.6,11.8
128,Richard Dumas,PF,26,PHI,39,14,18.9,2.4,5.2,.468,0.1,0.2,.222,2.4,5.0,.479,.473,1.3,1.8,.700,1.1,1.5,2.5,1.1,1.1,0.2,1.3,2.0,6.2
129,Tony Dumas,SG,23,DAL,67,12,19.2,4.1,9.8,.418,1.1,3.1,.357,3.0,6.7,.446,.475,2.3,3.8,.599,0.9,0.9,1.7,1.5,0.6,0.2,1.1,1.9,11.6
130,Ledell Eackles,SG,29,WSB,55,26,22.5,2.9,6.9,.427,1.0,2.3,.422,1.9,4.5,.430,.499,1.8,2.1,.831,0.8,1.9,2.7,1.6,0.5,0.1,1.0,1.5,8.6
131,Acie Earl,C,25,TOR,42,7,15.6,2.8,6.6,.424,0.0,0.1,.000,2.8,6.5,.429,.424,2.0,2.7,.719,1.2,1.9,3.1,0.6,0.4,0.9,1.2,1.7,7.5
132,Tyus Edney,PG,22,SAC,80,60,31.0,3.8,9.3,.412,0.7,1.8,.368,3.2,7.5,.423,.448,2.5,3.2,.782,0.8,1.7,2.5,6.1,1.1,0.0,2.4,2.5,10.8
133,Blue Edwards,SF,30,VAN,82,82,33.8,4.9,11.7,.419,1.0,3.0,.343,3.9,8.7,.446,.463,1.9,2.5,.755,1.2,3.0,4.2,2.6,1.4,0.6,2.1,3.0,12.7
134,Doug Edwards,PF,25,VAN,31,0,16.7,1.0,2.9,.352,0.0,0.1,.000,1.0,2.8,.368,.352,0.9,1.2,.763,1.1,1.7,2.8,1.3,0.3,0.6,0.9,1.6,3.0
135,James Edwards,C,40,CHI,28,0,9.8,1.5,3.9,.373,0.0,0.0,,1.5,3.9,.373,.373,0.6,0.9,.615,0.5,0.9,1.4,0.4,0.0,0.3,0.8,2.2,3.5
136,Kevin Edwards,SG,30,NJN,34,33,29.6,4.2,11.5,.364,1.2,3.1,.404,2.9,8.4,.350,.418,2.0,2.5,.810,0.4,1.8,2.2,2.1,1.6,0.2,2.0,2.0,11.6
137,Craig Ehlo,SG,34,ATL,79,8,22.3,3.2,7.5,.428,1.0,2.8,.371,2.2,4.7,.462,.497,1.0,1.3,.786,0.8,2.4,3.2,1.7,1.1,0.1,1.3,1.7,8.5
138,Howard Eisley,PG,23,UTA,65,0,14.8,1.6,3.7,.430,0.2,1.0,.226,1.4,2.8,.500,.459,1.0,1.2,.844,0.3,0.9,1.2,2.2,0.4,0.0,1.2,2.0,4.4
139,Mario Elie,SF,32,HOU,45,16,30.8,4.0,7.9,.504,0.9,2.8,.323,3.1,5.1,.604,.562,2.2,2.6,.852,1.0,2.4,3.4,3.1,1.0,0.2,1.3,2.1,11.1
140,Sean Elliott,SF,27,SAS,77,77,37.7,6.8,14.6,.466,2.1,5.1,.411,4.7,9.5,.495,.537,4.2,5.5,.771,0.9,4.2,5.1,2.7,0.9,0.4,2.6,2.3,20.0
141,Dale Ellis,SF,35,DEN,81,52,32.4,5.7,11.8,.479,1.9,4.5,.412,3.8,7.3,.519,.557,1.7,2.2,.760,1.1,2.8,3.9,1.7,0.7,0.1,1.2,2.4,14.9
142,LaPhonso Ellis,SF,25,DEN,45,28,28.2,4.2,9.6,.438,0.1,0.5,.182,4.1,9.1,.451,.442,2.0,3.3,.601,2.1,5.1,7.2,1.6,0.8,0.7,1.8,3.6,10.5
143,LeRon Ellis,C,26,MIA,12,1,6.2,0.4,1.8,.227,0.0,0.0,,0.4,1.8,.227,.227,0.3,0.5,.500,0.4,0.3,0.7,0.3,0.2,0.3,0.3,0.9,1.1
144,Pervis Ellison,C,28,BOS,69,29,20.7,2.1,4.3,.492,0.0,0.0,,2.1,4.3,.492,.492,1.1,1.7,.641,2.2,4.3,6.5,0.9,0.6,1.4,1.2,3.0,5.3
145,,,,,,,,,,,,,,,,,,,,,,,,,,,,,
146,Vincenzo Esposito,PG,26,TOR,30,0,9.4,1.2,3.3,.360,0.4,1.9,.232,0.8,1.5,.523,.425,1.0,1.3,.795,0.1,0.4,0.5,0.8,0.2,0.0,1.3,0.9,3.9
147,Patrick Ewing*,C,33,NYK,76,76,36.6,8.9,19.2,.466,0.1,0.4,.143,8.9,18.8,.472,.467,4.6,6.1,.761,2.1,8.5,10.6,2.1,0.9,2.4,2.9,3.3,22.5
148,Duane Ferrell,SF,30,IND,54,6,10.9,1.5,3.1,.482,0.0,0.1,.000,1.5,2.9,.506,.482,0.8,1.1,.737,0.6,1.1,1.7,0.6,0.4,0.1,0.6,1.5,3.7
149,Danny Ferry,PF,29,CLE,82,79,32.7,5.1,11.2,.459,1.7,4.4,.394,3.4,6.8,.502,.537,1.3,1.6,.769,0.9,2.9,3.8,2.3,0.7,0.5,1.5,2.8,13.3
150,Michael Finley,SF,22,PHO,82,72,39.2,5.7,11.9,.476,0.7,2.3,.328,4.9,9.6,.511,.508,3.0,3.9,.749,1.7,2.9,4.6,3.5,1.0,0.4,1.6,2.4,15.0
151,Matt Fish,C,26,TOT,18,1,7.4,1.2,2.0,.583,0.0,0.0,,1.2,2.0,.583,.583,0.6,1.1,.526,0.6,0.6,1.2,0.4,0.2,0.4,0.2,1.1,2.9
152,Matt Fish,C,26,NYK,2,1,8.5,3.0,5.0,.600,0.0,0.0,,3.0,5.0,.600,.600,0.0,0.5,.000,1.5,0.0,1.5,0.5,0.0,0.5,0.0,1.5,6.0
153,Matt Fish,C,26,DEN,16,0,7.3,0.9,1.6,.577,0.0,0.0,,0.9,1.6,.577,.577,0.6,1.1,.556,0.4,0.7,1.1,0.4,0.2,0.4,0.2,1.0,2.5
154,Vern Fleming,PG,33,NJN,77,3,22.7,2.9,6.8,.433,0.0,0.4,.107,2.9,6.4,.452,.436,1.7,2.3,.751,0.6,1.6,2.2,3.3,0.5,0.1,1.6,1.5,7.7
155,Sherell Ford,SF,23,SEA,28,1,5.0,1.1,2.9,.375,0.1,0.9,.160,0.9,2.0,.473,.400,0.9,1.2,.765,0.4,0.4,0.9,0.2,0.3,0.0,0.2,1.0,3.2
156,Greg Foster,C,27,UTA,73,2,11.0,1.5,3.3,.439,0.0,0.1,.125,1.5,3.2,.449,.441,0.8,1.0,.847,0.7,1.7,2.4,0.3,0.1,0.3,0.8,1.6,3.8
157,Rick Fox,SF,26,BOS,81,81,32.0,5.2,11.5,.454,1.2,3.4,.364,4.0,8.1,.491,.507,2.4,3.1,.772,2.0,3.6,5.6,4.6,1.4,0.5,2.7,3.6,14.0
158,Kevin Gamble,SF,30,TOT,65,13,20.4,2.3,5.8,.401,0.7,1.8,.386,1.7,4.1,.408,.459,0.6,0.7,.792,0.3,1.4,1.7,1.5,0.5,0.1,0.7,2.3,5.9
159,Kevin Gamble,SF,30,MIA,44,13,23.5,2.7,6.8,.394,0.9,2.1,.418,1.8,4.7,.383,.458,0.8,0.9,.868,0.3,1.6,2.0,1.9,0.7,0.1,0.7,2.7,6.9
160,Kevin Gamble,SF,30,SAC,21,0,13.9,1.7,3.9,.427,0.3,1.1,.261,1.4,2.8,.492,.463,0.2,0.5,.500,0.3,1.0,1.3,0.9,0.2,0.1,0.5,1.3,3.9
161,Kevin Garnett*,SF,19,MIN,80,43,28.7,4.5,9.2,.491,0.1,0.4,.286,4.4,8.8,.499,.497,1.3,1.9,.705,2.2,4.1,6.3,1.8,1.1,1.6,1.4,2.4,10.4
162,Chris Gatling,PF,28,TOT,71,2,20.1,4.6,8.0,.575,0.0,0.0,.000,4.6,8.0,.576,.575,2.0,2.9,.671,1.8,4.1,5.9,0.6,0.5,0.6,1.3,3.1,11.1
163,Chris Gatling,PF,28,GSW,47,2,18.3,3.6,6.6,.555,0.0,0.0,.000,3.6,6.5,.557,.555,1.8,2.8,.636,1.7,3.5,5.1,0.6,0.4,0.6,1.3,2.9,9.1
164,Chris Gatling,PF,28,MIA,24,0,23.5,6.5,10.8,.598,0.0,0.0,,6.5,10.8,.598,.598,2.3,3.1,.733,2.1,5.2,7.3,0.7,0.7,0.5,1.5,3.4,15.2
165,Kenny Gattison,PF,31,VAN,25,14,22.8,3.6,7.6,.479,0.0,0.0,,3.6,7.6,.479,.479,1.9,3.1,.603,1.4,3.2,4.6,0.6,0.4,0.4,1.6,3.0,9.2
166,Matt Geiger,C,26,CHH,77,50,30.5,4.6,8.6,.536,0.0,0.1,.375,4.6,8.5,.538,.538,1.9,2.7,.727,2.6,5.8,8.4,0.8,0.6,0.8,1.8,3.8,11.2
167,Kendall Gill,SG,27,TOT,47,46,35.8,5.2,11.1,.469,0.6,1.7,.329,4.7,9.5,.494,.494,2.9,3.7,.784,1.5,3.4,4.9,5.5,1.4,0.5,2.8,2.8,14.0
168,Kendall Gill,SG,27,CHH,36,36,35.1,5.0,10.3,.481,0.5,1.5,.315,4.5,8.8,.509,.504,2.5,3.3,.761,1.6,3.7,5.3,6.3,1.2,0.6,3.1,2.8,12.9
169,Kendall Gill,SG,27,NJN,11,10,38.0,6.1,13.8,.441,0.8,2.3,.360,5.3,11.5,.457,.470,4.5,5.4,.831,1.5,2.5,3.9,3.2,2.0,0.2,1.9,2.7,17.5
170,Armen Gilliam,SF,31,NJN,78,76,36.6,7.4,15.6,.474,0.0,0.0,.000,7.4,15.6,.474,.474,3.6,4.5,.791,3.1,6.1,9.1,1.8,0.9,0.7,2.3,2.3,18.3
171,Gerald Glass,SF,28,TOT,15,0,4.7,0.8,2.2,.364,0.1,0.4,.167,0.7,1.8,.407,.379,0.1,0.1,1.000,0.4,0.1,0.5,0.3,0.2,0.1,0.0,0.7,1.7
172,Gerald Glass,SF,28,NJN,10,0,5.6,1.0,2.8,.357,0.1,0.5,.200,0.9,2.3,.391,.375,0.0,0.0,,0.5,0.1,0.6,0.4,0.2,0.1,0.0,0.5,2.1
173,Gerald Glass,SF,28,CHH,5,0,3.0,0.4,1.0,.400,0.0,0.2,.000,0.4,0.8,.500,.400,0.2,0.2,1.000,0.2,0.2,0.4,0.0,0.2,0.0,0.0,1.0,1.0
174,Anthony Goldwire,PG,24,CHH,42,8,14.8,1.8,4.5,.402,0.8,2.0,.398,1.0,2.5,.406,.489,1.1,1.4,.767,0.2,0.8,1.0,2.7,0.4,0.0,1.5,1.9,5.5
175,Greg Graham,SG,25,TOT,53,5,11.6,1.5,3.6,.404,0.6,1.5,.390,0.9,2.1,.414,.487,1.0,1.3,.765,0.3,0.8,1.1,1.0,0.5,0.0,0.9,1.2,4.5
176,Greg Graham,SG,25,PHI,8,3,16.0,2.1,4.0,.531,0.9,1.8,.500,1.3,2.3,.556,.641,1.9,2.1,.882,0.6,1.3,1.9,1.4,0.6,0.0,2.1,2.0,7.0
177,Greg Graham,SG,25,NJN,45,2,10.8,1.4,3.6,.379,0.6,1.5,.368,0.8,2.1,.387,.457,0.8,1.1,.725,0.3,0.7,0.9,0.9,0.4,0.0,0.6,1.1,4.1
178,,,,,,,,,,,,,,,,,,,,,,,,,,,,,
179,Ron Grandison,PF,31,TOT,28,3,11.1,0.8,2.1,.379,0.1,0.5,.286,0.6,1.6,.409,.414,0.6,0.9,.680,0.7,1.3,2.0,0.5,0.4,0.1,0.4,1.1,2.3
180,Ron Grandison,PF,31,MIA,18,3,13.1,0.7,2.2,.333,0.2,0.7,.308,0.5,1.4,.346,.385,0.7,1.1,.684,0.8,1.2,2.0,0.6,0.4,0.1,0.6,1.5,2.4
181,Ron Grandison,PF,31,ATL,4,0,4.8,0.5,1.0,.500,0.0,0.3,.000,0.5,0.8,.667,.500,0.0,0.0,,0.3,1.3,1.5,0.3,0.0,0.0,0.0,0.0,1.0
182,Ron Grandison,PF,31,NYK,6,0,9.5,1.2,2.5,.467,0.0,0.0,,1.2,2.5,.467,.467,0.7,1.0,.667,0.8,1.3,2.2,0.3,0.7,0.2,0.2,0.7,3.0
183,Brian Grant,PF,23,SAC,78,75,30.7,5.5,10.8,.507,0.1,0.2,.235,5.4,10.6,.513,.510,3.4,4.6,.732,2.2,4.7,7.0,1.6,0.5,1.3,2.4,3.4,14.4
184,Gary Grant,PG,30,NYK,47,1,12.7,1.9,3.9,.486,0.2,0.5,.333,1.7,3.3,.510,.508,1.0,1.2,.828,0.3,0.9,1.1,1.5,0.8,0.1,1.0,1.9,4.9
185,Greg Grant,PG,29,TOT,31,2,17.0,1.1,3.2,.354,0.3,1.1,.235,0.9,2.1,.415,.394,0.2,0.2,.833,0.2,0.9,1.1,3.1,0.7,0.1,1.0,1.4,2.7
186,Greg Grant,PG,29,PHI,11,2,25.5,1.6,4.4,.375,0.4,1.6,.222,1.3,2.7,.467,.417,0.5,0.5,.833,0.3,1.6,1.9,5.5,1.1,0.2,1.4,2.5,4.1
187,Greg Grant,PG,29,WSB,10,0,13.8,1.1,2.8,.393,0.2,1.0,.200,0.9,1.8,.500,.429,0.0,0.0,,0.1,0.5,0.6,2.3,0.8,0.0,1.0,0.8,2.4
188,Greg Grant,PG,29,DEN,10,0,10.9,0.6,2.3,.261,0.2,0.6,.333,0.4,1.7,.235,.304,0.0,0.0,,0.3,0.4,0.7,1.4,0.2,0.0,0.5,0.7,1.4
189,Harvey Grant,PF,30,POR,76,75,31.5,4.1,8.9,.462,0.3,0.9,.313,3.9,8.1,.479,.478,0.8,1.4,.545,1.5,3.2,4.8,1.5,0.8,0.6,1.1,2.3,9.3
190,Horace Grant,PF,30,ORL,63,62,36.3,5.5,10.7,.513,0.0,0.1,.167,5.5,10.7,.516,.513,2.4,3.3,.734,2.8,6.4,9.2,2.7,1.0,1.2,1.0,2.3,13.4
191,A.C. Green,SF,32,PHO,82,36,25.8,2.6,5.4,.484,0.2,0.6,.269,2.5,4.8,.513,.500,2.0,2.9,.709,2.0,4.7,6.8,0.9,0.5,0.3,1.0,1.7,7.5
192,Tom Gugliotta,PF,26,MIN,78,78,36.3,6.1,12.9,.471,0.3,1.1,.302,5.7,11.8,.487,.484,3.7,4.8,.773,2.3,6.6,8.8,3.1,1.8,1.2,3.0,3.4,16.2
193,Jack Haley,C,32,CHI,1,0,7.0,2.0,6.0,.333,0.0,0.0,,2.0,6.0,.333,.333,1.0,2.0,.500,1.0,1.0,2.0,0.0,0.0,0.0,1.0,2.0,5.0
194,Thomas Hamilton,C,20,BOS,11,0,6.4,0.8,2.8,.290,0.0,0.0,,0.8,2.8,.290,.290,0.6,1.6,.389,0.9,1.1,2.0,0.1,0.0,0.8,0.8,1.1,2.3
195,Geert Hammink,C,26,TOT,6,0,2.8,0.3,0.7,.500,0.0,0.0,,0.3,0.7,.500,.500,0.7,1.2,.571,0.3,0.3,0.7,0.0,0.0,0.0,0.3,0.3,1.3
196,Geert Hammink,C,26,ORL,3,0,2.3,0.3,0.7,.500,0.0,0.0,,0.3,0.7,.500,.500,0.7,1.3,.500,0.7,0.3,1.0,0.0,0.0,0.0,0.7,0.3,1.3
197,Geert Hammink,C,26,GSW,3,0,3.3,0.3,0.7,.500,0.0,0.0,,0.3,0.7,.500,.500,0.7,1.0,.667,0.0,0.3,0.3,0.0,0.0,0.0,0.0,0.3,1.3
198,Tom Hammonds,PF,28,DEN,71,4,14.7,1.8,3.8,.474,0.0,0.0,,1.8,3.8,.474,.474,1.2,1.6,.765,1.2,1.9,3.1,0.3,0.3,0.2,0.7,1.9,4.8
199,Darrin Hancock,SF,24,CHH,63,7,13.3,1.8,3.4,.523,0.0,0.0,.333,1.8,3.3,.526,.526,0.7,1.2,.644,0.6,0.9,1.6,0.7,0.4,0.1,0.9,1.5,4.3
200,Anfernee Hardaway,PG,24,ORL,82,82,36.8,7.6,14.8,.513,1.1,3.5,.314,6.5,11.4,.573,.549,5.4,7.1,.767,1.6,2.7,4.3,7.1,2.0,0.5,2.8,2.0,21.7
201,Tim Hardaway,PG,29,TOT,80,46,31.7,5.2,12.4,.422,1.7,4.7,.364,3.5,7.7,.458,.492,3.0,3.8,.790,0.4,2.4,2.9,8.0,1.7,0.2,2.9,2.5,15.2
202,Tim Hardaway,PG,29,GSW,52,18,28.6,4.9,11.7,.421,1.6,4.5,.366,3.3,7.2,.455,.491,2.7,3.5,.769,0.4,2.1,2.5,6.9,1.4,0.2,2.4,2.5,14.1
203,Tim Hardaway,PG,29,MIA,28,28,37.4,5.9,13.8,.425,1.9,5.3,.361,4.0,8.5,.464,.494,3.6,4.4,.821,0.5,3.0,3.5,10.0,2.1,0.2,3.9,2.5,17.2
204,Derek Harper,PG,34,NYK,82,82,35.3,5.3,11.5,.464,1.5,4.0,.372,3.8,7.5,.513,.529,1.9,2.5,.757,0.4,2.1,2.5,4.3,1.6,0.1,2.2,2.5,14.0
205,Ron Harper,PG,32,CHI,80,80,23.6,2.9,6.3,.467,0.4,1.3,.269,2.6,5.0,.519,.495,1.2,1.7,.705,0.9,1.7,2.7,2.6,1.3,0.4,0.9,1.7,7.4
206,Lucious Harris,SG,25,DAL,61,1,16.7,3.0,6.5,.461,0.8,2.0,.376,2.2,4.5,.500,.520,1.1,1.4,.782,0.7,1.3,2.0,1.3,0.6,0.0,0.8,0.9,7.9
207,Antonio Harvey,PF,25,TOT,55,15,14.9,1.5,4.1,.371,0.0,0.0,.000,1.5,4.0,.374,.371,0.7,1.5,.458,1.3,2.4,3.6,0.3,0.5,0.9,0.8,1.4,3.7
208,Antonio Harvey,PF,25,VAN,18,6,22.8,2.2,5.3,.411,0.0,0.1,.000,2.2,5.2,.419,.411,1.1,2.4,.465,1.5,3.7,5.2,0.5,0.8,1.2,1.0,2.1,5.4
209,Antonio Harvey,PF,25,LAC,37,9,11.1,1.2,3.5,.341,0.0,0.0,,1.2,3.5,.341,.341,0.5,1.1,.450,1.1,1.7,2.9,0.2,0.4,0.7,0.7,1.0,2.9
210,Hersey Hawkins,SG,29,SEA,82,82,34.4,5.4,11.4,.473,1.8,4.6,.384,3.6,6.8,.534,.551,3.0,3.5,.874,1.0,2.6,3.6,2.7,1.8,0.2,2.0,2.1,15.6
211,,,,,,,,,,,,,,,,,,,,,,,,,,,,,
212,Alvin Heggs,SF,28,HOU,4,0,3.5,0.8,1.3,.600,0.0,0.0,,0.8,1.3,.600,.600,0.5,0.8,.667,0.3,0.3,0.5,0.0,0.0,0.0,0.0,0.0,2.0
213,Alan Henderson,PF,23,ATL,79,4,17.9,2.4,5.5,.442,0.0,0.0,.000,2.4,5.5,.445,.442,1.5,2.5,.595,2.1,2.4,4.5,0.6,0.6,0.5,1.1,2.7,6.4
214,Carl Herrera,PF,29,SAS,44,6,8.9,0.9,2.2,.412,0.0,0.0,.000,0.9,2.2,.417,.412,0.1,0.4,.294,0.7,1.2,1.8,0.4,0.2,0.2,0.7,1.4,1.9
215,Sean Higgins,SF,27,PHI,44,4,20.8,3.0,7.3,.415,1.1,2.9,.372,2.0,4.4,.443,.489,0.8,0.8,.946,0.5,1.6,2.1,1.3,0.5,0.3,1.1,2.0,8.0
216,Grant Hill*,SF,23,DET,80,80,40.8,7.1,15.3,.462,0.1,0.3,.192,7.0,14.9,.468,.464,6.1,8.1,.751,1.6,8.2,9.8,6.9,1.3,0.6,3.3,3.0,20.2
217,Tyrone Hill,PF,27,CLE,44,2,21.1,3.0,5.8,.512,0.0,0.0,,3.0,5.8,.512,.512,1.8,3.1,.600,2.1,3.4,5.5,0.8,0.7,0.5,1.5,3.3,7.8
218,Donald Hodge,C,26,TOT,15,0,7.7,0.6,1.6,.375,0.0,0.0,,0.6,1.6,.375,.375,0.0,0.0,,0.6,0.9,1.5,0.3,0.1,0.5,0.1,1.7,1.2
219,Donald Hodge,C,26,DAL,13,0,8.7,0.7,1.8,.375,0.0,0.0,,0.7,1.8,.375,.375,0.0,0.0,,0.7,1.0,1.7,0.3,0.1,0.6,0.2,2.0,1.4
220,Donald Hodge,C,26,CHH,2,0,1.0,0.0,0.0,,0.0,0.0,,0.0,0.0,,,0.0,0.0,,0.0,0.5,0.5,0.0,0.0,0.0,0.0,0.0,0.0
221,Fred Hoiberg,SG,23,IND,15,1,5.7,0.5,1.3,.421,0.1,0.2,.333,0.5,1.1,.438,.447,1.0,1.2,.833,0.3,0.3,0.6,0.5,0.4,0.1,0.5,0.8,2.1
222,Jeff Hornacek,SG,32,UTA,82,59,31.6,5.4,10.7,.502,1.3,2.7,.466,4.1,8.0,.514,.561,3.2,3.5,.893,0.8,1.8,2.5,4.1,1.3,0.2,1.5,2.1,15.2
223,Robert Horry,SF,25,HOU,71,71,37.1,4.2,10.3,.410,2.0,5.5,.366,2.2,4.8,.459,.507,1.6,2.0,.776,1.4,4.4,5.8,4.0,1.6,1.5,2.3,2.8,12.0
224,Allan Houston,SG,24,DET,82,75,37.5,6.9,15.2,.453,2.3,5.5,.427,4.5,9.7,.468,.530,3.6,4.4,.823,0.7,3.0,3.7,3.0,0.7,0.2,2.8,2.8,19.7
225,Byron Houston,PF,26,SAC,25,0,11.0,1.3,2.6,.500,0.0,0.1,.333,1.2,2.4,.508,.508,0.8,1.0,.808,1.2,2.1,3.4,0.3,0.5,0.3,0.7,2.4,3.4
226,Juwan Howard,PF,22,WSB,81,81,40.7,9.0,18.5,.489,0.0,0.2,.308,9.0,18.4,.490,.490,3.9,5.3,.749,2.3,5.8,8.1,4.4,0.8,0.5,3.7,3.3,22.1
227,Lindsey Hunter,PG,25,DET,80,48,26.7,3.0,7.9,.381,1.5,3.6,.405,1.5,4.2,.360,.474,1.1,1.5,.700,0.6,1.9,2.4,2.4,1.1,0.2,1.0,2.3,8.5
228,Bobby Hurley,PG,24,SAC,72,22,14.7,0.9,3.2,.283,0.3,1.1,.289,0.6,2.1,.279,.330,0.9,1.2,.800,0.2,0.9,1.0,3.0,0.4,0.0,1.2,1.7,3.1
229,Jaren Jackson,SG,28,HOU,4,0,8.3,0.0,2.0,.000,0.0,1.3,.000,0.0,0.8,.000,.000,2.0,2.5,.800,0.0,0.8,0.8,0.0,0.3,0.0,0.0,1.3,2.0
230,Jim Jackson,SG,25,DAL,82,82,34.4,6.9,16.0,.435,1.5,4.1,.363,5.5,11.9,.459,.481,4.2,5.1,.825,2.1,2.9,5.0,2.9,0.6,0.3,2.3,2.0,19.6
231,Mark Jackson,PG,30,IND,81,81,32.6,3.7,7.7,.473,0.8,1.8,.430,2.9,5.9,.486,.524,1.9,2.4,.785,0.8,3.0,3.8,7.8,1.2,0.1,2.5,1.9,10.0
232,Henry James,PF,30,HOU,7,0,8.3,1.4,3.4,.417,0.7,2.1,.333,0.7,1.3,.556,.521,0.7,0.7,1.000,0.4,0.4,0.9,0.3,0.0,0.0,0.6,1.9,4.3
233,Avery Johnson,PG,30,SAS,82,82,37.6,5.3,10.8,.494,0.1,0.4,.194,5.3,10.4,.505,.497,2.3,3.2,.721,0.5,2.1,2.5,9.6,1.5,0.3,2.4,2.2,13.1
234,,,,,,,,,,,,,,,,,,,,,,,,,,,,,
235,Darryl Johnson,PG,30,CLE,11,0,2.5,0.5,1.1,.417,0.0,0.1,.000,0.5,1.0,.455,.417,0.2,0.2,1.000,0.2,0.0,0.2,0.1,0.0,0.0,0.1,0.3,1.1
236,Eddie Johnson,SF,36,IND,62,1,16.2,2.9,7.0,.413,0.7,2.1,.352,2.2,5.0,.438,.464,1.1,1.3,.886,0.7,1.7,2.5,1.1,0.3,0.1,0.9,1.7,7.7
237,Ervin Johnson,C,28,SEA,81,60,18.8,2.2,4.3,.511,0.0,0.0,.333,2.2,4.3,.513,.513,1.0,1.6,.669,1.6,3.8,5.3,0.6,0.5,1.6,1.2,3.0,5.5
238,Kevin Johnson,PG,29,PHO,56,55,35.8,6.1,12.0,.507,0.4,1.0,.368,5.7,11.0,.520,.523,6.1,7.1,.859,0.8,3.2,3.9,9.2,1.5,0.2,3.0,2.6,18.7
239,Larry Johnson,PF,26,CHH,81,81,40.4,7.2,15.1,.476,0.8,2.3,.366,6.4,12.9,.495,.503,5.3,7.0,.757,3.1,5.4,8.4,4.4,0.7,0.5,2.2,2.1,20.5
240,Magic Johnson*,PF,36,LAL,32,9,29.9,4.3,9.2,.466,0.7,1.8,.379,3.6,7.4,.487,.503,5.4,6.3,.856,1.3,4.5,5.7,6.9,0.8,0.4,3.2,1.5,14.6
241,Charles Jones,PF,38,HOU,46,0,6.5,0.1,0.4,.316,0.0,0.0,,0.1,0.4,.316,.316,0.1,0.3,.308,0.6,1.0,1.6,0.3,0.1,0.5,0.1,1.0,0.3
242,Eddie Jones,SG,24,LAL,70,66,31.2,4.8,9.8,.492,1.2,3.2,.366,3.6,6.5,.555,.553,1.9,2.6,.739,0.6,2.7,3.3,3.5,1.8,0.6,1.4,2.3,12.8
243,Popeye Jones,PF,25,DAL,68,68,34.1,4.8,10.8,.446,0.2,0.6,.359,4.6,10.2,.451,.456,1.5,2.0,.767,3.8,7.0,10.8,1.9,0.8,0.4,1.6,3.9,11.3
244,Michael Jordan*,SG,32,CHI,82,82,37.7,11.2,22.6,.495,1.4,3.2,.427,9.8,19.4,.506,.525,6.7,8.0,.834,1.8,4.8,6.6,4.3,2.2,0.5,2.4,2.4,30.4
245,Reggie Jordan,PG,28,ATL,24,0,10.3,1.5,3.0,.507,0.0,0.0,,1.5,3.0,.507,.507,0.9,1.6,.579,1.0,1.2,2.2,1.2,0.5,0.3,0.8,1.3,3.9
246,Adam Keefe,PF,25,UTA,82,0,20.8,2.2,4.2,.520,0.0,0.0,.000,2.2,4.2,.526,.520,1.7,2.5,.692,2.1,3.4,5.5,0.8,0.6,0.5,1.1,2.1,6.1
247,Shawn Kemp,PF,26,SEA,79,76,33.3,6.7,11.9,.561,0.1,0.2,.417,6.6,11.7,.563,.564,6.2,8.4,.742,3.5,7.9,11.4,2.2,1.2,1.6,4.0,3.8,19.6
248,Tim Kempton,PF,32,ATL,3,0,3.7,0.0,0.0,,0.0,0.0,,0.0,0.0,,,0.0,0.0,,0.0,0.7,0.7,0.3,0.0,0.0,0.3,1.7,0.0
249,Steve Kerr,PG,30,CHI,82,0,23.4,3.0,5.9,.506,1.5,2.9,.515,1.5,3.0,.498,.633,1.0,1.0,.929,0.3,1.0,1.3,2.3,0.8,0.0,0.5,1.3,8.4
250,Jerome Kersey,SF,33,GSW,76,58,21.3,2.7,6.6,.410,0.0,0.2,.176,2.7,6.4,.418,.413,1.3,1.9,.660,2.0,2.8,4.8,1.5,1.2,0.6,1.0,2.7,6.7
251,Randolph Keys,SF,29,MIL,69,1,11.8,1.3,3.0,.418,0.3,1.0,.310,0.9,2.0,.474,.471,0.5,0.6,.837,0.6,1.2,1.8,0.9,0.5,0.2,0.5,2.0,3.4
252,Jason Kidd*,PG,22,DAL,81,81,37.5,6.1,16.0,.381,1.6,4.9,.336,4.4,11.1,.401,.433,2.8,4.1,.692,2.5,4.3,6.8,9.7,2.2,0.3,4.0,1.9,16.6
253,Chris King,SF,26,VAN,80,66,24.1,3.1,7.3,.427,0.6,1.4,.389,2.6,5.9,.436,.465,1.1,1.7,.662,1.3,2.3,3.6,1.3,0.9,0.4,1.3,2.0,7.9
254,Frankie King,PG,23,LAL,6,0,3.3,0.5,1.8,.273,0.0,0.2,.000,0.5,1.7,.300,.273,0.2,0.5,.333,0.2,0.2,0.3,0.3,0.3,0.0,0.3,0.7,1.2
255,,,,,,,,,,,,,,,,,,,,,,,,,,,,,
256,Jimmy King,SG,22,TOR,62,1,14.0,1.8,4.1,.431,0.1,0.5,.147,1.7,3.6,.475,.441,0.9,1.2,.701,0.7,1.1,1.8,1.4,0.3,0.2,1.0,1.2,4.5
257,Stacey King,PF,29,MIA,15,0,10.4,1.1,2.4,.472,0.0,0.0,,1.1,2.4,.472,.472,0.3,0.5,.500,0.6,0.9,1.5,0.1,0.5,0.1,1.2,2.6,2.5
258,Joe Kleine,C,34,PHO,56,9,11.8,1.3,3.0,.420,0.0,0.1,.286,1.2,2.9,.426,.426,0.4,0.4,.800,0.6,1.7,2.4,0.8,0.2,0.1,0.7,2.0,2.9
259,Jon Koncak,C,32,ORL,67,35,19.2,1.3,2.6,.480,0.0,0.1,.333,1.2,2.5,.488,.489,0.5,0.9,.561,0.9,3.1,4.1,0.8,0.4,0.7,0.6,3.4,3.0
260,Toni Kukoč*,SF,27,CHI,81,20,26.0,4.8,9.7,.490,1.1,2.7,.403,3.7,7.0,.524,.546,2.5,3.3,.772,1.4,2.6,4.0,3.5,0.8,0.3,1.4,1.9,13.1
261,Christian Laettner,C,26,TOT,74,71,33.7,6.0,12.3,.487,0.1,0.5,.231,5.9,11.7,.499,.492,4.4,5.4,.818,2.5,4.8,7.3,2.7,1.0,1.0,2.5,3.7,16.4
262,Christian Laettner,C,26,MIN,44,44,34.5,6.4,13.2,.486,0.2,0.7,.290,6.2,12.5,.497,.494,4.9,6.0,.816,2.2,4.6,6.9,2.9,0.9,1.0,2.5,3.6,18.0
263,Christian Laettner,C,26,ATL,30,27,32.6,5.3,10.8,.489,0.0,0.3,.000,5.3,10.6,.502,.489,3.6,4.3,.823,2.9,5.0,7.9,2.3,1.0,0.9,2.5,4.0,14.2
264,Andrew Lang,C,29,TOT,71,69,33.3,5.0,11.1,.447,0.0,0.1,.200,5.0,11.1,.448,.447,1.8,2.2,.801,2.2,4.3,6.4,0.9,0.6,1.8,1.7,3.4,11.7
265,Andrew Lang,C,29,ATL,51,51,35.6,5.5,12.1,.454,0.0,0.1,.000,5.5,12.1,.456,.454,1.9,2.3,.805,2.2,4.4,6.5,1.2,0.7,1.7,1.8,3.5,12.9
266,Andrew Lang,C,29,MIN,20,18,27.5,3.6,8.6,.421,0.1,0.1,.500,3.6,8.5,.420,.424,1.5,1.9,.789,2.1,4.0,6.1,0.2,0.4,2.1,1.5,3.2,8.8
267,Antonio Lang,SF,23,CLE,41,0,9.0,1.0,1.9,.532,0.0,0.0,.000,1.0,1.8,.547,.532,0.8,1.1,.723,0.4,0.9,1.3,0.3,0.3,0.3,0.6,1.5,2.8
268,Eric Leckner,C,29,DET,18,8,8.6,1.0,1.6,.621,0.0,0.0,,1.0,1.6,.621,.621,0.4,0.7,.615,0.4,1.4,1.9,0.1,0.1,0.2,0.6,1.7,2.4
269,Tim Legler,SG,29,WSB,77,0,23.1,3.0,6.0,.507,1.7,3.2,.522,1.4,2.8,.488,.646,1.7,2.0,.863,0.4,1.4,1.8,1.8,0.6,0.2,0.6,1.8,9.4
270,Voshon Lenard,SG,22,MIA,30,0,10.8,1.8,4.7,.376,1.2,3.4,.356,0.6,1.3,.425,.504,1.1,1.4,.791,0.4,1.3,1.7,1.0,0.2,0.0,0.8,1.0,5.9
271,Cedric Lewis,C,26,WSB,3,0,1.3,0.7,1.0,.667,0.0,0.0,,0.7,1.0,.667,.667,0.0,0.0,,0.7,0.0,0.7,0.0,0.3,0.0,0.0,0.0,1.3
272,Martin Lewis,SF,20,TOR,16,0,11.8,1.8,3.8,.483,0.1,0.4,.286,1.7,3.3,.509,.500,0.9,1.6,.600,0.9,0.9,1.8,0.2,0.5,0.2,0.9,1.3,4.7
273,Alton Lister,C,37,TOT,64,19,11.5,0.8,1.6,.486,0.0,0.0,,0.8,1.6,.486,.486,0.6,1.0,.641,1.0,3.3,4.4,0.3,0.1,0.7,0.8,2.1,2.2
274,Alton Lister,C,37,MIL,7,5,12.6,0.6,1.3,.444,0.0,0.0,,0.6,1.3,.444,.444,0.3,0.3,1.000,1.0,3.1,4.1,0.6,0.0,0.4,0.6,2.1,1.4
275,Alton Lister,C,37,BOS,57,14,11.4,0.8,1.7,.490,0.0,0.0,,0.8,1.7,.490,.490,0.7,1.1,.629,1.1,3.4,4.4,0.3,0.1,0.7,0.8,2.1,2.3
276,Brad Lohaus,PF,31,TOT,55,8,10.9,1.3,3.2,.406,0.9,2.2,.418,0.4,1.0,.377,.551,0.1,0.1,.800,0.1,1.0,1.2,0.8,0.2,0.3,0.4,1.3,3.6
277,Brad Lohaus,PF,31,SAS,32,1,8.5,1.2,3.0,.406,0.8,2.0,.415,0.4,1.0,.387,.547,0.1,0.1,.667,0.2,0.9,1.0,0.5,0.1,0.2,0.3,1.1,3.3
278,Brad Lohaus,PF,31,NYK,23,7,14.1,1.4,3.4,.405,1.0,2.5,.421,0.3,1.0,.364,.557,0.1,0.1,1.000,0.1,1.3,1.3,1.2,0.3,0.4,0.5,1.6,3.9
279,Grant Long,PF,29,ATL,82,82,36.7,4.8,10.2,.471,0.4,1.0,.360,4.4,9.2,.484,.490,3.1,4.1,.763,3.0,6.6,9.6,2.2,1.3,0.4,1.9,2.8,13.1
280,Luc Longley,C,27,CHI,62,62,26.5,3.9,8.1,.482,0.0,0.0,,3.9,8.1,.482,.482,1.3,1.7,.777,1.7,3.5,5.1,1.9,0.4,1.4,1.8,3.6,9.1
281,George Lynch,SF,25,LAL,76,6,13.3,1.5,3.6,.430,0.1,0.2,.308,1.5,3.4,.436,.438,0.7,1.1,.663,1.1,1.7,2.8,0.7,0.6,0.1,0.5,1.4,3.8
282,Sam Mack,SF,25,HOU,31,20,28.0,3.9,9.3,.422,1.7,4.4,.400,2.2,4.9,.441,.516,1.3,1.5,.848,0.6,2.6,3.2,2.5,0.7,0.3,0.9,2.4,10.8
283,Don MacLean,SF,26,DEN,56,5,19.8,4.2,9.8,.426,0.3,0.9,.286,3.9,8.9,.440,.439,2.6,3.5,.732,1.1,2.6,3.7,1.6,0.4,0.1,1.2,1.9,11.2
284,,,,,,,,,,,,,,,,,,,,,,,,,,,,,
285,Mark Macon,PG,26,DET,23,0,12.5,1.3,2.9,.433,0.3,0.7,.467,1.0,2.3,.423,.485,0.4,0.5,.818,0.4,0.5,1.0,0.7,0.7,0.0,0.4,1.5,3.2
286,Rick Mahorn,C,37,NJN,50,0,9.0,0.9,2.4,.352,0.0,0.0,.000,0.9,2.4,.355,.352,0.7,0.9,.723,0.6,1.6,2.2,0.3,0.3,0.3,0.6,1.4,2.4
287,Dan Majerle,SF,30,CLE,82,15,28.9,3.7,9.1,.405,1.8,5.0,.353,1.9,4.1,.470,.503,1.5,2.1,.710,0.9,2.9,3.7,2.6,1.0,0.4,1.1,1.6,10.6
288,Jeff Malone,SG,34,TOT,32,3,15.9,2.4,6.0,.394,0.2,0.5,.313,2.2,5.5,.401,.407,0.9,1.0,.906,0.3,1.0,1.3,0.8,0.5,0.0,0.7,0.8,5.8
289,Jeff Malone,SG,34,PHI,25,3,16.3,2.5,6.4,.394,0.2,0.6,.313,2.3,5.8,.403,.409,1.0,1.0,.923,0.3,1.0,1.3,0.8,0.5,0.0,0.8,0.8,6.2
290,Jeff Malone,SG,34,MIA,7,0,14.7,1.9,4.7,.394,0.0,0.0,,1.9,4.7,.394,.394,0.7,0.9,.833,0.0,1.1,1.1,1.0,0.4,0.0,0.4,0.9,4.4
291,Karl Malone*,PF,32,UTA,82,82,38.0,9.6,18.5,.519,0.2,0.5,.400,9.4,18.0,.522,.524,6.2,8.6,.723,2.1,7.7,9.8,4.2,1.7,0.7,2.4,3.0,25.7
292,Danny Manning,PF,29,PHO,33,4,24.7,5.4,11.8,.459,0.1,0.4,.214,5.3,11.3,.468,.463,2.5,3.3,.752,0.9,3.4,4.3,2.0,1.2,0.7,2.3,3.7,13.4
293,Rich Manning,PF,25,VAN,29,0,10.7,1.7,3.9,.434,0.0,0.0,.000,1.7,3.9,.438,.434,0.3,0.5,.643,0.6,1.3,1.9,0.2,0.1,0.2,0.6,1.3,3.7
294,Šarūnas Marčiulionis*,SG,31,SAC,53,0,19.6,3.3,7.3,.452,1.2,3.0,.408,2.1,4.4,.483,.535,2.9,3.8,.775,0.4,1.1,1.5,2.2,1.0,0.1,1.8,2.1,10.8
295,Donny Marshall,SF,23,CLE,34,0,6.1,0.7,2.0,.353,0.2,0.9,.233,0.5,1.1,.447,.404,0.6,1.0,.629,0.3,0.5,0.8,0.2,0.2,0.1,0.2,0.8,2.3
296,Donyell Marshall,SF,22,GSW,62,6,15.1,2.0,5.1,.398,0.5,1.5,.298,1.6,3.5,.441,.443,1.0,1.3,.771,1.0,2.4,3.4,0.8,0.4,0.5,0.8,1.3,5.5
297,Cuonzo Martin,SG,24,VAN,4,0,4.8,0.8,1.3,.600,0.8,0.8,1.000,0.0,0.5,.000,.900,0.0,0.5,.000,0.3,0.3,0.5,0.5,0.3,0.0,0.3,0.3,2.3
298,Darrick Martin,PG,24,TOT,59,16,19.5,2.5,6.1,.406,0.3,1.2,.290,2.2,5.0,.433,.434,1.7,2.0,.842,0.3,1.1,1.4,3.7,0.9,0.1,1.8,2.1,7.0
299,Darrick Martin,PG,24,VAN,24,0,16.8,2.5,5.5,.450,0.2,0.9,.227,2.3,4.5,.495,.469,1.6,1.9,.826,0.5,1.0,1.6,2.5,1.1,0.0,1.5,2.0,6.7
300,Darrick Martin,PG,24,MIN,35,16,21.3,2.5,6.6,.381,0.4,1.3,.319,2.1,5.3,.397,.413,1.8,2.1,.851,0.1,1.2,1.3,4.5,0.7,0.1,2.0,2.2,7.3
301,Jamal Mashburn,SF,23,DAL,18,18,37.2,8.1,21.3,.379,1.9,5.7,.343,6.1,15.6,.391,.424,5.4,7.4,.729,2.1,3.3,5.4,2.8,0.8,0.2,3.1,2.2,23.4
302,Anthony Mason,SF,29,NYK,82,82,42.2,5.5,9.7,.563,0.0,0.0,,5.5,9.7,.563,.563,3.6,5.0,.720,2.7,6.6,9.3,4.4,0.8,0.4,2.6,3.0,14.6
303,Tony Massenburg,PF,28,TOT,54,28,27.1,4.0,8.0,.495,0.0,0.1,.000,4.0,7.9,.499,.495,2.1,2.9,.707,2.4,4.2,6.5,0.6,0.5,0.4,1.4,2.6,10.0
304,Tony Massenburg,PF,28,TOR,24,20,27.5,4.2,8.2,.510,0.0,0.0,,4.2,8.2,.510,.510,1.8,2.7,.662,2.2,4.8,6.9,0.8,0.5,0.4,1.5,2.8,10.1
305,Tony Massenburg,PF,28,PHI,30,8,26.8,3.8,7.9,.483,0.0,0.1,.000,3.8,7.8,.489,.483,2.3,3.1,.739,2.5,3.7,6.2,0.4,0.5,0.4,1.3,2.4,9.9
306,Vernon Maxwell,PG,30,PHI,75,57,32.9,5.5,14.0,.390,1.9,6.1,.317,3.5,7.9,.446,.459,3.3,4.4,.756,0.5,2.5,3.1,4.4,1.3,0.2,2.9,2.4,16.2
307,Lee Mayberry,PG,25,MIL,82,20,20.8,1.9,4.4,.420,0.9,2.3,.397,1.0,2.1,.446,.523,0.5,0.8,.603,0.3,0.8,1.1,3.7,0.8,0.1,1.1,1.8,5.1
308,Bob McCann,PF,31,WSB,62,0,10.5,1.2,2.5,.497,0.0,0.0,.500,1.2,2.4,.497,.500,0.6,1.2,.473,0.7,1.6,2.3,0.4,0.3,0.2,0.7,1.9,3.0
309,George McCloud,SF,28,DAL,79,63,36.0,6.7,16.2,.414,3.3,8.6,.379,3.5,7.6,.453,.514,2.3,2.8,.804,1.5,3.3,4.8,2.7,1.4,0.5,2.1,2.7,18.9
310,Clint McDaniel,SG,23,SAC,12,0,5.9,0.7,1.9,.348,0.2,0.5,.333,0.5,1.4,.353,.391,1.0,1.3,.750,0.3,0.6,0.8,0.6,0.4,0.0,0.2,0.8,2.5
311,,,,,,,,,,,,,,,,,,,,,,,,,,,,,
312,Antonio McDyess,PF,21,DEN,76,75,30.0,5.6,11.6,.485,0.0,0.1,.000,5.6,11.5,.487,.485,2.2,3.2,.683,3.0,4.5,7.5,1.0,0.7,1.5,2.0,3.3,13.4
313,Jim McIlvaine,C,23,WSB,80,6,14.9,0.8,1.8,.428,0.0,0.0,,0.8,1.8,.428,.428,0.7,1.3,.552,0.8,2.1,2.9,0.1,0.3,2.1,0.5,2.1,2.3
314,Derrick McKey,SF,29,IND,75,75,32.5,4.6,9.5,.486,0.2,0.9,.250,4.4,8.6,.511,.498,2.3,2.9,.769,1.6,3.2,4.8,3.5,1.1,0.6,1.9,3.3,11.7
315,Aaron McKie,SG,23,POR,81,73,27.9,4.2,8.9,.467,0.5,1.4,.325,3.7,7.5,.494,.493,1.9,2.5,.764,1.1,2.7,3.8,2.5,1.1,0.3,1.7,2.5,10.7
316,Nate McMillan,PG,31,SEA,55,14,22.9,1.8,4.3,.420,0.8,2.2,.380,1.0,2.1,.462,.517,0.5,0.7,.707,0.7,3.1,3.8,3.6,1.7,0.3,1.4,2.6,5.0
317,Loren Meyer,C,23,DAL,72,21,17.6,2.0,4.6,.439,0.0,0.2,.273,2.0,4.4,.445,.444,1.0,1.4,.686,1.6,2.8,4.4,0.8,0.3,0.4,0.9,3.1,5.0
318,Anthony Miller,PF,24,LAL,27,0,4.6,0.6,1.3,.429,0.0,0.1,.000,0.6,1.2,.455,.429,0.2,0.4,.600,0.4,0.5,0.9,0.1,0.1,0.0,0.3,0.7,1.3
319,Oliver Miller,PF,25,TOR,76,72,33.1,5.5,10.5,.526,0.0,0.1,.000,5.5,10.3,.533,.526,1.9,2.9,.661,2.3,5.1,7.4,2.9,1.4,1.9,2.7,3.6,12.9
320,Reggie Miller*,SG,30,IND,76,76,34.5,6.6,14.0,.473,2.2,5.4,.410,4.4,8.6,.512,.552,5.7,6.6,.863,0.5,2.3,2.8,3.3,1.0,0.2,2.5,2.3,21.1
321,Chris Mills,SF,26,CLE,80,80,38.3,5.7,12.1,.468,1.0,2.6,.376,4.7,9.5,.493,.508,2.7,3.3,.829,1.4,4.1,5.5,2.4,0.9,0.7,1.5,3.0,15.1
322,Terry Mills,PF,28,DET,82,5,20.2,3.5,8.2,.419,1.0,2.5,.396,2.5,5.7,.429,.480,1.5,1.9,.771,1.3,3.0,4.3,1.2,0.5,0.2,1.2,2.4,9.4
323,Harold Miner,SG,24,CLE,19,0,7.2,1.2,2.7,.442,0.1,0.5,.200,1.1,2.2,.500,.462,0.7,0.7,1.000,0.2,0.4,0.6,0.4,0.0,0.0,0.7,1.2,3.2
324,Greg Minor,SG,24,BOS,78,47,22.6,4.1,8.2,.500,0.1,0.3,.259,4.0,7.9,.511,.505,1.3,1.7,.762,1.2,2.1,3.3,1.9,0.5,0.1,1.0,2.1,9.6
325,Sam Mitchell,SF,32,MIN,78,42,27.5,3.9,7.9,.490,0.0,0.2,.056,3.9,7.7,.503,.491,3.0,3.7,.814,1.4,3.0,4.3,0.9,0.6,0.3,1.1,2.8,10.8
326,Eric Mobley,C,25,TOT,39,4,17.3,1.9,3.5,.536,0.0,0.1,.500,1.9,3.5,.537,.540,1.0,2.2,.448,1.4,2.2,3.6,0.6,0.4,0.6,1.3,2.2,4.8
327,Eric Mobley,C,25,MIL,5,3,13.0,0.4,1.4,.286,0.0,0.0,,0.4,1.4,.286,.286,0.4,0.8,.500,0.6,1.8,2.4,0.0,0.2,0.2,0.2,1.0,1.2
328,Eric Mobley,C,25,VAN,34,1,18.0,2.1,3.9,.550,0.0,0.1,.500,2.1,3.8,.550,.553,1.1,2.4,.446,1.5,2.3,3.8,0.6,0.4,0.7,1.4,2.4,5.4
329,Eric Montross,C,24,BOS,61,59,23.5,3.2,5.7,.566,0.0,0.0,,3.2,5.7,.566,.566,0.8,2.2,.376,2.0,3.8,5.8,0.7,0.3,0.5,1.4,3.0,7.2
330,Tracy Moore,SG,30,HOU,8,2,23.8,3.8,9.5,.395,1.6,3.8,.433,2.1,5.8,.370,.480,2.3,2.4,.947,1.3,1.5,2.8,0.8,0.3,0.0,1.0,2.0,11.4
331,Chris Morris,SG,30,UTA,66,33,21.6,4.0,9.2,.437,1.0,3.0,.320,3.1,6.2,.494,.489,1.5,1.9,.772,1.5,2.0,3.5,1.2,1.0,0.3,1.1,2.1,10.5
332,Lawrence Moten,SG,23,VAN,44,3,13.0,2.5,5.6,.453,0.4,1.3,.327,2.1,4.4,.490,.490,1.1,1.7,.653,0.8,0.6,1.4,1.1,0.7,0.2,1.0,1.2,6.6
333,Alonzo Mourning*,C,25,MIA,70,70,38.2,8.0,15.4,.523,0.1,0.4,.300,7.9,14.9,.530,.527,7.0,10.2,.685,3.1,7.3,10.4,2.3,1.0,2.7,3.7,3.5,23.2
334,,,,,,,,,,,,,,,,,,,,,,,,,,,,,
335,Chris Mullin*,SF,32,GSW,55,19,29.4,4.9,9.8,.499,1.1,2.7,.393,3.8,7.1,.540,.554,2.5,2.9,.856,0.8,2.1,2.9,3.5,1.4,0.6,2.2,2.3,13.3
336,Todd Mundt,C,25,TOT,33,0,4.6,0.5,1.2,.390,0.0,0.0,,0.5,1.2,.390,.390,0.2,0.2,.625,0.3,0.5,0.8,0.1,0.1,0.2,0.1,0.9,1.1
337,Todd Mundt,C,25,ATL,24,0,4.9,0.5,1.3,.406,0.0,0.0,,0.5,1.3,.406,.406,0.2,0.3,.625,0.4,0.6,1.0,0.1,0.0,0.2,0.1,1.0,1.3
338,Todd Mundt,C,25,BOS,9,0,3.7,0.3,1.0,.333,0.0,0.0,,0.3,1.0,.333,.333,0.0,0.0,,0.1,0.2,0.3,0.1,0.1,0.1,0.0,0.7,0.7
339,Eric Murdock,PG,27,TOT,73,14,22.9,3.3,8.0,.416,0.6,2.0,.310,2.7,6.1,.450,.454,1.6,2.0,.797,0.4,2.0,2.3,4.5,1.8,0.1,1.8,1.9,8.9
340,Eric Murdock,PG,27,MIL,9,0,21.4,2.7,7.3,.364,0.7,2.6,.261,2.0,4.8,.419,.409,0.9,1.3,.667,0.6,1.0,1.6,3.9,0.7,0.0,1.3,1.8,6.9
341,Eric Murdock,PG,27,VAN,64,14,23.1,3.4,8.1,.422,0.6,1.9,.320,2.8,6.2,.454,.460,1.7,2.0,.809,0.3,2.1,2.4,4.6,2.0,0.1,1.9,1.9,9.1
342,Gheorghe Mureșan,C,24,WSB,76,76,29.5,6.1,10.5,.584,0.0,0.0,.000,6.1,10.5,.585,.584,2.3,3.7,.619,3.3,6.3,9.6,0.7,0.7,2.3,1.9,3.9,14.5
343,Lamond Murray,SF,22,LAC,77,32,23.6,3.3,7.5,.447,0.5,1.5,.319,2.9,6.0,.479,.479,1.3,1.7,.750,1.2,2.0,3.2,1.1,0.8,0.3,1.4,2.0,8.4
344,Tracy Murray,SF,24,TOR,82,37,30.0,6.0,13.3,.454,1.8,4.4,.422,4.2,9.0,.470,.523,2.2,2.7,.831,1.4,2.9,4.3,1.6,1.1,0.5,1.6,2.5,16.2
345,Dikembe Mutombo*,C,29,DEN,74,74,36.7,3.8,7.7,.499,0.0,0.0,.000,3.8,7.7,.500,.499,3.3,4.8,.695,3.4,8.4,11.8,1.5,0.5,4.5,2.0,3.5,11.0
346,Pete Myers,SG,32,TOT,71,2,15.4,1.3,3.5,.368,0.2,0.8,.241,1.1,2.7,.407,.397,1.1,1.7,.656,0.5,1.5,2.0,2.0,0.5,0.2,1.1,1.9,3.9
347,Pete Myers,SG,32,MIA,39,1,16.4,1.6,4.1,.388,0.3,1.1,.262,1.3,3.0,.432,.422,1.3,1.9,.645,0.5,1.3,1.9,2.5,0.4,0.3,1.4,1.9,4.7
348,Pete Myers,SG,32,CHH,32,1,14.2,0.9,2.7,.333,0.1,0.5,.188,0.8,2.2,.366,.351,1.0,1.4,.674,0.4,1.7,2.1,1.5,0.6,0.2,0.8,1.8,2.9
349,Howard Nathan,PG,24,ATL,5,0,3.0,1.0,1.8,.556,0.0,0.2,.000,1.0,1.6,.625,.556,0.6,0.8,.750,0.0,0.0,0.0,0.4,0.6,0.0,1.6,0.4,2.6
350,Johnny Newman,SG,32,MIL,82,82,32.8,3.9,7.9,.495,0.7,2.0,.377,3.2,5.9,.534,.542,2.3,2.8,.802,0.8,1.6,2.4,1.9,1.1,0.2,1.3,3.1,10.8
351,Ken Norman,SF,31,ATL,34,28,22.6,3.7,8.0,.465,1.0,2.5,.393,2.8,5.6,.497,.526,0.5,1.4,.354,1.2,2.7,3.9,1.9,0.4,0.5,1.4,2.0,8.9
352,Ed O'Bannon,SG,23,NJN,64,29,19.6,2.4,6.3,.390,0.2,0.9,.179,2.3,5.4,.424,.403,1.2,1.7,.713,1.0,1.6,2.6,1.0,0.7,0.2,1.0,1.5,6.2
353,Shaquille O'Neal*,C,23,ORL,54,52,36.0,11.0,19.1,.573,0.0,0.0,.500,10.9,19.1,.573,.574,4.6,9.5,.487,3.4,7.7,11.0,2.9,0.6,2.1,2.9,3.6,26.6
354,Dan O'Sullivan,C,27,TOR,5,2,27.8,2.6,7.0,.371,0.0,0.2,.000,2.6,6.8,.382,.371,1.4,1.6,.875,2.6,3.8,6.4,0.4,0.4,0.8,1.0,2.6,6.6
355,Charles Oakley,PF,32,NYK,53,51,33.5,4.0,8.5,.471,0.1,0.5,.269,3.8,8.0,.483,.479,3.3,4.0,.833,3.1,5.6,8.7,2.6,1.1,0.3,2.0,3.7,11.4
356,Hakeem Olajuwon*,C,33,HOU,72,72,38.8,10.7,20.8,.514,0.0,0.2,.214,10.6,20.6,.517,.515,5.5,7.6,.724,2.4,8.4,10.9,3.6,1.6,2.9,3.4,3.4,26.9
357,Greg Ostertag,C,22,UTA,57,10,11.6,1.5,3.2,.473,0.0,0.0,,1.5,3.2,.473,.473,0.6,0.9,.667,1.0,2.1,3.1,0.1,0.1,1.1,0.4,1.6,3.6
358,Bo Outlaw,PF,24,LAC,80,3,12.3,1.3,2.3,.575,0.0,0.0,.000,1.3,2.3,.585,.575,0.9,2.0,.444,1.1,1.4,2.5,0.6,0.6,1.1,0.6,1.6,3.6
359,Doug Overton,PG,26,DEN,55,0,11.0,1.2,3.2,.376,0.1,0.5,.308,1.1,2.8,.388,.399,0.7,1.0,.727,0.1,1.0,1.1,1.9,0.2,0.1,0.7,0.9,3.3
360,Billy Owens,SF,26,TOT,62,51,32.0,5.2,10.9,.480,0.1,0.3,.278,5.1,10.6,.485,.484,2.5,4.0,.636,2.3,4.3,6.6,3.3,0.8,0.6,2.6,3.1,13.0
361,Billy Owens,SF,26,MIA,40,40,34.7,6.0,11.8,.505,0.0,0.2,.000,6.0,11.7,.512,.505,2.8,4.4,.633,2.4,4.8,7.2,3.4,0.8,0.6,2.8,3.3,14.8
362,Billy Owens,SF,26,SAC,22,11,27.0,3.8,9.1,.420,0.2,0.5,.417,3.6,8.5,.420,.433,2.0,3.2,.643,2.2,3.5,5.7,3.2,0.9,0.7,2.3,2.7,9.9
363,,,,,,,,,,,,,,,,,,,,,,,,,,,,,
364,Robert Pack,PG,26,WSB,31,31,35.0,6.1,14.3,.428,0.8,3.2,.265,5.3,11.2,.474,.457,5.0,5.9,.846,0.9,3.3,4.3,7.8,2.0,0.0,3.7,2.2,18.1
365,Robert Parish*,C,42,CHH,74,34,14.7,1.6,3.3,.498,0.0,0.0,,1.6,3.3,.498,.498,0.7,1.0,.704,1.2,2.9,4.1,0.4,0.3,0.7,0.7,1.1,3.9
366,Cherokee Parks,C,23,DAL,64,3,13.6,1.6,3.9,.409,0.1,0.4,.269,1.5,3.5,.425,.423,0.6,1.0,.661,1.0,2.3,3.4,0.5,0.4,0.5,0.5,1.6,3.9
367,Gary Payton*,PG,27,SEA,81,81,39.0,7.6,15.8,.484,1.2,3.7,.328,6.4,12.1,.532,.523,2.8,3.8,.748,1.3,2.9,4.2,7.5,2.9,0.2,3.2,2.7,19.3
368,Anthony Peeler,SG,26,LAL,73,12,22.0,3.7,8.2,.452,1.4,3.5,.413,2.3,4.8,.480,.539,0.8,1.2,.709,0.6,1.3,1.9,1.6,0.8,0.1,0.8,1.9,9.7
369,Mike Peplowski,C,25,TOT,7,0,2.4,0.4,0.7,.600,0.0,0.0,,0.4,0.7,.600,.600,0.1,0.4,.333,0.1,0.4,0.6,0.1,0.1,0.3,0.3,1.4,1.0
370,Mike Peplowski,C,25,WSB,2,0,2.5,0.0,0.0,,0.0,0.0,,0.0,0.0,,,0.0,0.0,,0.0,0.0,0.0,0.0,0.0,0.0,0.0,2.0,0.0
371,Mike Peplowski,C,25,MIL,5,0,2.4,0.6,1.0,.600,0.0,0.0,,0.6,1.0,.600,.600,0.2,0.6,.333,0.2,0.6,0.8,0.2,0.2,0.4,0.4,1.2,1.4
372,Will Perdue,C,30,SAS,80,22,17.5,2.2,4.1,.523,0.0,0.0,.000,2.2,4.1,.524,.523,0.8,1.6,.536,2.2,3.9,6.1,0.4,0.4,0.9,1.1,2.3,5.2
373,Sam Perkins,PF,34,SEA,82,20,26.5,4.0,9.7,.408,1.6,4.4,.355,2.4,5.3,.452,.489,2.3,2.9,.793,1.2,3.2,4.5,1.5,1.0,0.6,1.0,2.1,11.8
374,Elliot Perry,PG,26,PHO,81,26,20.6,3.2,6.8,.475,0.3,0.7,.407,2.9,6.0,.484,.497,1.9,2.4,.778,0.4,1.3,1.7,4.4,1.1,0.1,1.8,1.7,8.6
375,Tim Perry,PF,30,TOT,30,1,8.5,1.0,2.2,.477,0.1,0.3,.500,0.9,1.9,.474,.508,0.2,0.3,.556,0.7,0.9,1.6,0.3,0.1,0.4,0.3,0.5,2.4
376,Tim Perry,PF,30,PHI,8,0,10.9,1.0,2.3,.444,0.1,0.1,1.000,0.9,2.1,.412,.472,0.3,0.4,.667,0.8,0.9,1.6,0.3,0.3,0.4,0.4,0.6,2.4
377,Tim Perry,PF,30,NJN,22,1,7.6,1.0,2.1,.489,0.1,0.3,.429,0.9,1.8,.500,.521,0.1,0.3,.500,0.7,0.9,1.6,0.3,0.1,0.5,0.3,0.5,2.4
378,Chuck Person,SF,31,SAS,80,16,26.6,3.9,8.8,.437,2.4,5.8,.410,1.5,3.0,.488,.572,0.8,1.3,.644,1.0,4.2,5.2,1.3,0.6,0.3,1.1,2.5,10.9
379,Wesley Person,SG,24,PHO,82,47,31.8,4.8,10.7,.445,1.4,3.8,.374,3.3,6.9,.484,.511,1.8,2.3,.771,0.7,3.2,3.9,1.7,0.7,0.3,1.1,1.8,12.7
380,Bobby Phills,SG,26,CLE,72,69,35.1,5.4,11.5,.467,1.3,2.9,.441,4.1,8.5,.476,.524,2.6,3.3,.775,0.9,2.8,3.6,3.8,1.4,0.4,1.8,2.7,14.6
381,Eric Piatkowski,SG,25,LAC,65,1,12.1,1.5,3.7,.405,0.6,1.8,.333,0.9,2.0,.469,.483,1.0,1.3,.817,0.6,1.0,1.6,0.7,0.4,0.2,0.7,1.3,4.6
382,Ricky Pierce,SG,36,IND,76,2,18.5,3.5,7.8,.447,0.5,1.4,.337,3.0,6.4,.471,.477,2.3,2.7,.849,0.5,1.3,1.8,1.3,0.8,0.1,1.2,2.5,9.7
383,Ed Pinckney,PF,32,TOT,74,47,23.1,2.3,4.5,.510,0.0,0.0,.000,2.3,4.5,.515,.510,1.8,2.4,.760,2.6,3.6,6.2,1.0,0.9,0.4,1.0,2.1,6.5
384,Ed Pinckney,PF,32,TOR,47,24,21.9,2.5,5.0,.502,0.0,0.1,.000,2.5,4.9,.509,.502,2.0,2.6,.758,2.4,3.6,6.0,1.1,0.7,0.4,1.1,2.1,7.0
385,Ed Pinckney,PF,32,PHI,27,23,25.1,2.0,3.8,.529,0.0,0.0,,2.0,3.8,.529,.529,1.6,2.0,.764,2.7,3.8,6.5,0.8,1.2,0.4,0.9,2.0,5.6
386,Scottie Pippen*,SF,30,CHI,77,77,36.7,7.3,15.8,.463,1.9,5.2,.374,5.4,10.6,.507,.525,2.9,4.2,.679,2.0,4.5,6.4,5.9,1.7,0.7,2.7,2.6,19.4
387,Olden Polynice,C,31,SAC,81,80,30.1,5.3,10.1,.527,0.0,0.0,.333,5.3,10.1,.528,.528,1.5,2.5,.601,3.2,6.3,9.4,0.7,0.6,0.8,1.6,3.1,12.2
388,Terry Porter,PG,32,MIN,82,40,25.3,3.3,7.4,.442,0.9,2.8,.314,2.4,4.7,.518,.501,2.0,2.5,.785,0.4,2.1,2.6,5.5,1.1,0.2,2.1,1.9,9.4
389,Brent Price,PG,27,WSB,81,50,25.2,3.1,6.6,.472,1.7,3.7,.462,1.4,2.9,.485,.602,2.1,2.4,.874,0.5,2.3,2.8,5.1,1.0,0.0,1.9,2.3,10.0
390,,,,,,,,,,,,,,,,,,,,,,,,,,,,,
391,Mark Price,PG,31,WSB,7,1,18.1,2.6,8.6,.300,1.4,4.3,.333,1.1,4.3,.267,.383,1.4,1.4,1.000,0.1,0.9,1.0,2.6,0.9,0.0,1.4,1.0,8.0
392,Kevin Pritchard,PG,28,WSB,2,0,11.0,1.0,1.5,.667,0.5,0.5,1.000,0.5,1.0,.500,.833,1.0,1.5,.667,0.0,1.0,1.0,3.5,1.0,0.0,0.0,1.5,3.5
393,Dino Radja*,PF,28,BOS,53,52,37.4,8.0,16.1,.500,0.0,0.0,,8.0,16.1,.500,.500,3.6,5.2,.695,2.1,7.7,9.8,1.6,0.9,1.5,2.2,3.0,19.7
394,Theo Ratliff,C,22,DET,75,2,17.4,1.7,3.1,.557,0.0,0.0,.000,1.7,3.1,.559,.557,1.1,1.6,.708,1.5,2.5,4.0,0.2,0.2,1.5,0.7,1.9,4.5
395,Eldridge Recasner,SG,28,HOU,63,27,20.2,2.4,5.7,.415,1.3,3.0,.424,1.1,2.7,.405,.528,0.9,1.0,.864,0.5,1.8,2.3,2.7,0.4,0.1,1.0,1.8,6.9
396,Bryant Reeves,C,22,VAN,77,63,31.9,5.2,11.4,.457,0.0,0.0,.000,5.2,11.4,.459,.457,2.8,3.9,.732,2.3,5.1,7.4,1.4,0.6,0.7,2.0,2.9,13.3
397,Khalid Reeves,PG,23,TOT,51,12,16.3,1.9,4.5,.419,0.5,1.8,.308,1.3,2.7,.493,.480,1.2,1.6,.744,0.4,1.2,1.5,2.3,0.7,0.1,1.2,2.3,5.5
398,Khalid Reeves,PG,23,CHH,20,5,20.9,2.7,5.9,.458,0.6,1.8,.306,2.2,4.1,.524,.504,2.2,2.6,.843,0.6,1.5,2.0,3.6,0.8,0.1,1.5,2.3,8.1
399,Khalid Reeves,PG,23,NJN,31,7,13.4,1.3,3.5,.376,0.5,1.8,.309,0.8,1.7,.444,.454,0.6,1.0,.581,0.2,1.0,1.3,1.5,0.7,0.1,1.1,2.2,3.8
400,Don Reid,PF,22,DET,69,46,14.4,1.5,2.7,.567,0.0,0.0,,1.5,2.7,.567,.567,0.7,1.1,.662,1.1,1.8,2.9,0.2,0.7,0.6,0.6,2.9,3.8
401,J.R. Reid,PF,27,TOT,65,21,20.2,2.5,5.0,.494,0.0,0.0,.000,2.5,5.0,.495,.494,1.6,2.2,.754,1.1,2.8,3.9,0.6,0.7,0.3,1.2,2.9,6.6
402,J.R. Reid,PF,27,SAS,32,5,20.1,2.3,5.1,.439,0.0,0.0,.000,2.3,5.1,.442,.439,2.0,2.7,.736,1.1,2.8,3.8,0.4,0.8,0.3,1.5,3.1,6.5
403,J.R. Reid,PF,27,NYK,33,16,20.3,2.7,4.8,.550,0.0,0.0,,2.7,4.8,.550,.550,1.3,1.7,.782,1.2,2.8,4.0,0.8,0.5,0.2,0.9,2.7,6.6
404,Terrence Rencher,PG,22,TOT,36,1,11.3,0.9,2.8,.330,0.3,0.8,.310,0.7,2.0,.338,.375,0.9,1.3,.674,0.3,1.0,1.2,1.5,0.4,0.1,1.2,1.0,2.9
405,Terrence Rencher,PG,22,MIA,34,1,11.7,0.9,2.9,.323,0.3,0.9,.310,0.7,2.1,.329,.369,0.9,1.3,.698,0.3,1.0,1.2,1.6,0.5,0.0,1.2,1.1,3.0
406,Terrence Rencher,PG,22,PHO,2,0,4.0,0.5,0.5,1.000,0.0,0.0,,0.5,0.5,1.000,1.000,0.5,1.5,.333,0.0,1.0,1.0,0.0,0.0,0.5,1.0,0.5,1.5
407,Shawn Respert,SG,23,MIL,62,0,13.6,1.8,4.7,.387,0.7,2.0,.344,1.1,2.7,.418,.459,0.6,0.7,.833,0.5,0.7,1.2,1.1,0.5,0.1,0.7,1.1,4.9
408,Jerry Reynolds,SF,33,MIL,19,0,10.1,1.1,2.8,.396,0.1,0.5,.100,1.1,2.3,.465,.406,0.7,1.1,.619,0.7,1.1,1.7,0.6,0.8,0.3,0.8,1.1,2.9
409,Glen Rice,SF,28,CHH,79,79,39.8,7.7,16.4,.471,2.2,5.1,.424,5.6,11.3,.492,.537,4.0,4.8,.837,1.1,3.7,4.8,2.9,1.2,0.2,2.1,2.7,21.6
410,Pooh Richardson,PG,29,LAC,63,61,32.0,4.5,10.5,.423,1.5,3.9,.384,3.0,6.7,.446,.494,1.2,1.7,.743,0.6,2.0,2.5,5.4,1.2,0.2,1.5,2.1,11.7
411,Mitch Richmond*,SG,30,SAC,81,81,36.4,7.5,16.9,.447,2.8,6.4,.437,4.8,10.5,.453,.529,5.2,6.1,.866,0.7,2.7,3.3,3.1,1.5,0.2,2.7,2.9,23.1
412,Isaiah Rider,SG,24,MIN,75,68,34.6,7.5,16.1,.464,1.4,3.7,.371,6.1,12.4,.492,.507,3.3,3.9,.838,1.3,2.8,4.1,2.8,0.6,0.3,2.7,2.7,19.6
413,Eric Riley,C,25,MIN,25,10,12.4,1.4,3.0,.473,0.0,0.0,.000,1.4,2.9,.479,.473,0.9,1.1,.786,1.3,1.8,3.0,0.2,0.3,0.6,0.7,1.7,3.7
414,Doc Rivers,PG,34,SAS,78,0,15.8,1.4,3.7,.372,0.6,1.8,.343,0.8,2.0,.399,.453,0.6,0.8,.750,0.4,1.4,1.8,1.6,0.9,0.3,0.7,2.2,4.0
415,Fred Roberts,C,35,LAL,33,1,9.6,1.5,2.9,.495,0.1,0.4,.286,1.3,2.5,.530,.515,0.7,0.8,.786,0.5,0.9,1.4,0.8,0.5,0.1,0.7,0.7,3.7
416,Stanley Roberts,C,25,LAC,51,7,15.6,2.8,6.0,.464,0.0,0.0,,2.8,6.0,.464,.464,1.5,2.6,.556,0.8,2.4,3.2,0.8,0.3,0.8,0.9,3.0,7.0
417,,,,,,,,,,,,,,,,,,,,,,,,,,,,,
418,Alvin Robertson,SG,33,TOR,77,69,32.2,3.7,7.9,.470,0.5,2.0,.272,3.2,5.9,.535,.503,1.4,2.1,.677,1.4,3.0,4.4,4.2,2.2,0.5,2.4,3.5,9.3
419,Clifford Robinson,SF,29,POR,78,76,38.2,7.1,16.7,.423,2.3,6.0,.378,4.8,10.7,.449,.492,4.6,6.9,.664,1.6,4.1,5.7,2.4,1.1,0.9,2.5,3.2,21.1
420,David Robinson*,C,30,SAS,82,82,36.8,8.7,16.8,.516,0.0,0.1,.333,8.6,16.7,.517,.517,7.6,10.0,.761,3.9,8.3,12.2,3.0,1.4,3.3,2.3,3.2,25.0
421,Glenn Robinson,SF,23,MIL,82,82,39.6,7.6,16.9,.454,1.1,3.2,.342,6.5,13.6,.480,.486,3.9,4.7,.812,1.7,4.5,6.1,3.6,1.2,0.5,3.4,2.9,20.2
422,James Robinson,PG,25,POR,76,5,21.4,3.0,7.6,.399,1.3,3.7,.359,1.7,3.8,.438,.488,1.2,1.8,.659,0.6,1.5,2.1,2.0,0.4,0.2,1.5,1.9,8.5
423,Rumeal Robinson,PG,29,POR,43,14,16.6,2.1,5.1,.416,0.7,1.8,.380,1.4,3.3,.437,.484,0.8,1.2,.647,0.4,1.4,1.8,3.3,0.6,0.1,1.7,1.8,5.7
424,Dennis Rodman*,PF,34,CHI,64,57,32.6,2.3,4.8,.480,0.0,0.4,.111,2.2,4.3,.516,.485,0.9,1.7,.528,5.6,9.3,14.9,2.5,0.6,0.4,2.2,3.1,5.5
425,Lou Roe,SF,23,DET,49,2,7.6,0.7,1.8,.356,0.0,0.2,.222,0.6,1.7,.370,.367,0.5,0.7,.750,0.6,1.0,1.6,0.3,0.2,0.2,0.3,0.9,1.8
426,Carlos Rogers,PF,24,TOR,56,18,18.6,3.2,6.1,.517,0.1,0.4,.143,3.1,5.8,.542,.522,1.3,2.3,.546,1.4,1.6,3.0,0.6,0.4,0.9,1.1,1.6,7.7
427,Rodney Rogers,SF,24,LAC,67,51,29.1,4.6,9.6,.477,0.7,2.3,.320,3.8,7.3,.527,.516,1.7,2.7,.628,1.7,2.6,4.3,2.5,1.1,0.5,2.1,3.2,11.6
428,Sean Rooks,C,26,TOT,65,7,17.2,2.2,4.4,.505,0.0,0.1,.143,2.2,4.3,.514,.507,2.1,3.1,.668,1.2,2.7,3.9,0.7,0.4,0.6,1.2,2.2,6.5
429,Sean Rooks,C,26,MIN,49,7,18.4,2.3,4.6,.493,0.0,0.1,.167,2.3,4.5,.502,.496,2.2,3.2,.667,1.2,2.9,4.2,0.8,0.4,0.6,1.0,2.2,6.8
430,Sean Rooks,C,26,ATL,16,0,13.4,2.0,3.6,.552,0.0,0.1,.000,2.0,3.6,.561,.552,1.8,2.7,.674,1.3,1.9,3.2,0.6,0.3,0.9,1.9,2.2,5.8
431,Jalen Rose,SG,23,DEN,80,37,26.7,3.6,7.6,.480,0.4,1.4,.296,3.2,6.2,.520,.507,2.4,3.5,.690,0.6,2.7,3.3,6.2,0.7,0.5,2.9,2.9,10.0
432,Donald Royal,SF,29,ORL,64,7,15.0,1.7,3.4,.491,0.0,0.0,.000,1.7,3.3,.495,.491,2.0,2.6,.762,0.9,1.5,2.4,0.7,0.5,0.2,0.8,1.5,5.3
433,Clifford Rozier,C,23,GSW,59,1,12.3,1.3,2.3,.585,0.0,0.0,.000,1.3,2.3,.594,.585,0.4,0.9,.473,1.2,1.7,2.9,0.4,0.3,0.5,0.7,2.3,3.1
434,Trevor Ruffin,PG,25,PHI,61,23,25.4,4.3,10.6,.406,1.7,4.7,.366,2.6,6.0,.437,.486,2.4,3.0,.813,0.3,1.8,2.2,4.4,0.7,0.0,2.4,2.2,12.8
435,Stefano Rusconi,PF,27,PHO,7,0,4.3,0.4,1.3,.333,0.0,0.0,,0.4,1.3,.333,.333,0.3,0.7,.400,0.4,0.4,0.9,0.4,0.0,0.3,0.4,1.4,1.1
436,Bryon Russell,SF,25,UTA,59,9,9.8,0.9,2.4,.394,0.2,0.7,.350,0.7,1.7,.412,.444,0.8,1.1,.716,0.5,1.1,1.5,0.5,0.5,0.1,0.6,1.1,2.9
437,Arvydas Sabonis*,C,31,POR,73,21,23.8,5.4,9.9,.545,0.5,1.4,.375,4.9,8.5,.574,.572,3.2,4.2,.757,2.0,6.0,8.1,1.8,0.9,1.1,2.1,2.9,14.5
438,John Salley,PF,31,TOT,42,6,16.0,1.5,3.3,.450,0.0,0.0,,1.5,3.3,.450,.450,1.4,2.0,.694,1.1,2.2,3.3,1.3,0.5,0.6,1.3,2.6,4.4
439,John Salley,PF,31,TOR,25,6,19.3,2.0,4.2,.486,0.0,0.0,,2.0,4.2,.486,.486,1.9,2.6,.723,1.0,2.8,3.9,1.6,0.4,0.5,1.6,2.9,6.0
440,John Salley,PF,31,CHI,17,0,11.2,0.7,2.1,.343,0.0,0.0,,0.7,2.1,.343,.343,0.7,1.2,.600,1.2,1.4,2.5,0.9,0.5,0.9,0.9,2.2,2.1
441,Danny Schayes,C,36,MIA,32,6,12.5,1.0,2.9,.340,0.0,0.0,,1.0,2.9,.340,.340,1.2,1.4,.804,0.9,1.9,2.8,0.3,0.3,0.5,0.7,1.9,3.2
442,,,,,,,,,,,,,,,,,,,,,,,,,,,,,
443,Steve Scheffler,C,28,SEA,35,2,5.2,0.7,1.3,.533,0.0,0.1,.200,0.7,1.1,.575,.544,0.3,0.5,.474,0.4,0.5,0.9,0.1,0.2,0.1,0.2,0.7,1.7
444,Dwayne Schintzius,C,27,IND,33,8,9.0,1.5,3.3,.445,0.0,0.0,,1.5,3.3,.445,.445,0.4,0.6,.619,0.7,1.7,2.4,0.4,0.3,0.4,0.6,1.6,3.4
445,Detlef Schrempf,SF,33,SEA,63,60,34.9,5.7,11.7,.486,1.2,2.8,.408,4.6,8.9,.512,.536,4.6,5.9,.776,1.2,4.0,5.2,4.4,0.9,0.1,2.3,2.8,17.1
446,Byron Scott,SG,34,VAN,80,0,23.7,3.4,8.5,.401,0.9,2.8,.335,2.5,5.7,.433,.456,2.5,3.0,.835,0.5,1.9,2.4,1.5,0.8,0.3,1.3,1.6,10.2
447,Dennis Scott,SF,27,ORL,82,82,37.1,6.0,13.6,.440,3.3,7.7,.425,2.7,6.0,.458,.559,2.2,2.7,.820,0.8,3.0,3.8,3.0,1.1,0.4,1.5,2.1,17.5
448,Malik Sealy,SF,25,LAC,62,48,25.8,4.4,10.6,.415,0.3,1.6,.210,4.0,9.0,.452,.431,2.4,3.0,.799,1.2,2.6,3.9,1.9,1.4,0.5,1.8,2.4,11.5
449,Rony Seikaly,C,30,GSW,64,60,28.3,4.5,8.9,.502,0.0,0.0,.667,4.4,8.8,.501,.504,3.2,4.4,.723,2.6,5.2,7.8,1.1,0.6,1.1,2.8,3.4,12.1
450,Brian Shaw,PG,29,ORL,75,1,22.4,2.4,6.5,.374,0.5,1.9,.285,1.9,4.6,.412,.417,1.2,1.5,.798,0.8,2.2,3.0,4.5,0.8,0.1,2.3,2.1,6.6
451,Lionel Simmons,SF,27,SAC,54,5,15.0,1.6,4.0,.396,0.4,0.9,.373,1.2,3.1,.404,.440,1.0,1.4,.733,0.8,1.9,2.7,1.5,0.6,0.4,0.9,1.6,4.6
452,Dickey Simpkins,PF,23,CHI,60,12,11.4,1.3,2.7,.481,0.0,0.0,1.000,1.3,2.7,.478,.484,1.0,1.6,.629,1.1,1.5,2.6,0.6,0.2,0.1,0.9,1.3,3.6
453,Scott Skiles,PG,31,PHI,10,9,23.6,2.0,5.7,.351,1.5,3.4,.441,0.5,2.3,.217,.482,0.8,1.0,.800,0.1,1.5,1.6,3.8,0.7,0.0,1.6,2.1,6.3
454,Reggie Slater,PF,25,TOT,11,0,6.5,1.3,2.5,.519,0.0,0.0,,1.3,2.5,.519,.519,0.3,0.6,.429,0.4,1.0,1.4,0.2,0.2,0.3,0.8,1.0,2.8
455,Reggie Slater,PF,25,POR,4,0,5.0,0.8,1.3,.600,0.0,0.0,,0.8,1.3,.600,.600,0.0,0.0,,0.0,0.8,0.8,0.0,0.3,0.5,0.8,0.3,1.5
456,Reggie Slater,PF,25,DEN,4,0,6.5,1.5,2.8,.545,0.0,0.0,,1.5,2.8,.545,.545,0.5,1.3,.400,0.8,1.0,1.8,0.5,0.3,0.3,0.8,1.0,3.5
457,Reggie Slater,PF,25,DAL,3,0,8.7,1.7,3.7,.455,0.0,0.0,,1.7,3.7,.455,.455,0.3,0.7,.500,0.3,1.3,1.7,0.0,0.0,0.0,1.0,2.0,3.7
458,Charles Smith,PG,28,MIN,8,0,4.9,0.4,1.3,.300,0.0,0.4,.000,0.4,0.9,.429,.300,0.0,0.3,.000,0.0,0.6,0.6,0.8,0.1,0.0,0.6,0.9,0.8
459,Charles Smith,PF,30,TOT,73,34,23.5,3.3,7.9,.422,0.0,0.2,.133,3.3,7.7,.430,.424,1.6,2.2,.730,1.8,3.1,5.0,0.9,0.7,1.1,1.5,3.1,8.3
460,Charles Smith,PF,30,NYK,41,4,21.7,2.8,7.2,.388,0.0,0.4,.133,2.7,6.8,.401,.391,1.8,2.5,.709,1.4,2.5,3.9,0.7,0.4,1.2,1.5,3.0,7.4
461,Charles Smith,PF,30,SAS,32,30,25.8,4.1,8.9,.458,0.0,0.0,,4.1,8.9,.458,.458,1.4,1.9,.767,2.3,4.0,6.3,1.1,1.0,0.9,1.4,3.1,9.6
462,Doug Smith,PF,26,BOS,17,2,5.4,0.8,2.3,.359,0.0,0.0,,0.8,2.3,.359,.359,0.3,0.5,.625,0.7,0.6,1.3,0.2,0.2,0.0,0.6,1.2,1.9
463,Joe Smith,PF,20,GSW,82,82,34.4,5.7,12.5,.458,0.1,0.3,.357,5.6,12.1,.461,.463,3.7,4.8,.773,3.7,5.1,8.7,1.0,1.0,1.6,1.7,2.7,15.3
464,Kenny Smith,PG,30,HOU,68,56,23.8,3.0,6.8,.433,1.3,3.5,.382,1.6,3.3,.487,.531,1.3,1.6,.821,0.3,1.1,1.4,3.6,0.7,0.0,1.5,1.7,8.5
465,Michael Smith,PF,23,SAC,65,0,21.3,2.2,3.7,.605,0.0,0.0,1.000,2.2,3.6,.603,.607,1.0,2.7,.384,2.2,3.8,6.0,1.7,0.7,0.7,1.1,2.6,5.5
466,Steve Smith,SG,26,ATL,80,80,35.7,6.2,14.3,.432,1.8,5.3,.331,4.4,9.0,.492,.493,4.0,4.8,.826,1.6,2.5,4.1,2.8,0.9,0.2,1.9,2.6,18.1
467,Tony Smith,SG,27,TOT,59,3,15.9,2.0,4.6,.423,0.6,2.0,.328,1.3,2.7,.494,.493,0.5,0.8,.609,0.5,1.1,1.6,2.6,0.6,0.2,1.1,1.8,5.1
468,Tony Smith,SG,27,PHO,34,2,15.5,2.1,5.1,.405,0.7,2.3,.325,1.3,2.8,.469,.477,0.7,1.1,.649,0.7,0.9,1.6,2.5,0.6,0.1,1.2,1.8,5.6
469,Tony Smith,SG,27,MIA,25,1,16.4,1.8,4.0,.455,0.5,1.6,.333,1.3,2.5,.532,.520,0.2,0.4,.444,0.2,1.3,1.6,2.7,0.6,0.2,1.0,1.8,4.4
470,,,,,,,,,,,,,,,,,,,,,,,,,,,,,
471,Rik Smits,C,29,IND,63,63,30.2,7.4,14.2,.521,0.0,0.1,.200,7.4,14.1,.523,.522,3.7,4.7,.788,1.9,5.0,6.9,1.7,0.3,0.7,2.5,3.6,18.5
472,Eric Snow,PG,22,SEA,43,1,9.0,1.0,2.3,.420,0.0,0.2,.200,0.9,2.1,.444,.430,0.7,1.1,.592,0.2,0.8,1.0,1.7,0.7,0.0,0.9,1.2,2.7
473,Elmore Spencer,C,26,TOT,17,0,3.4,0.3,0.8,.385,0.0,0.0,,0.3,0.8,.385,.385,0.2,0.4,.667,0.2,0.6,0.8,0.1,0.0,0.1,0.4,0.7,0.8
474,Elmore Spencer,C,26,DEN,6,0,3.5,0.0,0.2,.000,0.0,0.0,,0.0,0.2,.000,.000,0.0,0.0,,0.2,0.5,0.7,0.0,0.0,0.0,0.5,1.3,0.0
475,Elmore Spencer,C,26,POR,11,0,3.4,0.5,1.1,.417,0.0,0.0,,0.5,1.1,.417,.417,0.4,0.5,.667,0.2,0.6,0.8,0.1,0.0,0.2,0.3,0.4,1.3
476,Felton Spencer,C,28,UTA,71,70,17.8,2.1,4.0,.520,0.0,0.0,,2.1,4.0,.520,.520,1.5,2.1,.689,1.4,2.9,4.3,0.2,0.3,0.8,1.1,3.4,5.6
477,Latrell Sprewell,SG,25,GSW,78,78,39.3,6.6,15.4,.428,1.2,3.6,.323,5.4,11.8,.461,.466,4.5,5.7,.789,1.6,3.3,4.9,4.2,1.6,0.6,2.8,1.9,18.9
478,Jerry Stackhouse,SG,21,PHI,72,71,37.5,6.3,15.2,.414,1.3,4.1,.318,5.0,11.1,.449,.457,5.4,7.2,.747,1.3,2.4,3.7,3.9,1.1,1.1,3.5,2.5,19.2
479,John Starks,SG,30,NYK,81,71,30.8,4.6,10.4,.443,1.8,4.9,.361,2.9,5.6,.516,.528,1.6,2.1,.753,0.4,2.5,2.9,3.9,1.3,0.1,1.9,2.8,12.6
480,Bryant Stith,SG,25,DEN,82,77,34.3,4.6,11.1,.416,0.5,1.8,.277,4.1,9.3,.443,.439,3.9,4.6,.844,1.5,3.4,4.9,2.9,1.4,0.2,1.9,2.3,13.6
481,John Stockton*,PG,33,UTA,82,82,35.5,5.4,10.0,.538,1.2,2.7,.422,4.2,7.2,.582,.596,2.9,3.4,.830,0.7,2.1,2.8,11.2,1.7,0.2,3.0,2.5,14.7
482,Damon Stoudamire,PG,22,TOR,70,70,40.9,6.9,16.1,.426,1.9,4.8,.395,5.0,11.3,.439,.485,3.4,4.2,.797,0.8,3.2,4.0,9.3,1.4,0.3,3.8,2.4,19.0
483,Rod Strickland,PG,29,POR,67,63,37.7,7.0,15.3,.460,0.6,1.7,.342,6.5,13.6,.475,.479,4.1,6.3,.652,1.3,3.1,4.4,9.6,1.4,0.2,3.8,2.0,18.7
484,Derek Strong,PF,27,LAL,63,0,11.8,1.1,2.7,.426,0.0,0.1,.111,1.1,2.5,.444,.429,1.1,1.3,.812,1.0,1.9,2.8,0.5,0.3,0.2,0.3,1.3,3.4
485,Bob Sura,SG,22,CLE,79,3,14.6,1.9,4.6,.411,0.3,1.0,.346,1.5,3.6,.429,.449,1.3,1.8,.702,0.4,1.3,1.7,2.9,0.7,0.3,1.5,1.6,5.3
486,Greg Sutton,PG,28,TOT,48,2,13.6,1.8,4.5,.392,1.0,2.4,.402,0.8,2.1,.380,.500,0.7,1.0,.761,0.2,0.9,1.0,2.1,0.5,0.0,1.3,1.9,5.3
487,Greg Sutton,PG,28,CHH,18,0,10.6,1.1,2.8,.400,0.4,1.2,.333,0.7,1.6,.448,.470,0.8,1.1,.789,0.2,0.6,0.8,2.2,0.4,0.0,0.9,2.0,3.4
488,Greg Sutton,PG,28,PHI,30,2,15.5,2.2,5.6,.389,1.3,3.2,.417,0.8,2.4,.352,.509,0.7,0.9,.741,0.1,1.0,1.2,2.1,0.6,0.1,1.5,1.9,6.3
489,Larry Sykes,PF,22,BOS,1,0,2.0,0.0,0.0,,0.0,0.0,,0.0,0.0,,,0.0,0.0,,1.0,1.0,2.0,0.0,0.0,0.0,1.0,0.0,0.0
490,Žan Tabak,C,25,TOR,67,18,19.9,3.4,6.2,.543,0.0,0.0,.000,3.4,6.2,.545,.543,1.0,1.7,.561,1.7,3.0,4.8,0.9,0.4,0.5,1.5,3.0,7.7
491,Kurt Thomas,PF,23,MIA,74,42,22.4,3.7,7.4,.501,0.0,0.0,.000,3.7,7.4,.503,.501,1.6,2.4,.663,1.6,4.3,5.9,0.6,0.6,0.5,1.3,3.7,9.0
492,Brooks Thompson,PG,25,ORL,33,0,7.5,1.5,3.1,.466,0.8,1.9,.391,0.7,1.2,.590,.587,0.6,0.8,.704,0.1,0.6,0.7,0.9,0.4,0.0,0.7,1.1,4.2
493,LaSalle Thompson,C,34,PHI,44,11,17.6,0.8,1.9,.398,0.0,0.0,,0.8,1.9,.398,.398,0.4,0.5,.792,1.4,3.1,4.5,0.6,0.4,0.5,0.8,2.8,1.9
494,Bob Thornton,PF,33,WSB,7,0,4.4,0.1,0.9,.167,0.0,0.0,,0.1,0.9,.167,.167,0.1,0.3,.500,0.9,0.9,1.7,0.0,0.1,0.0,0.1,1.0,0.4
495,,,,,,,,,,,,,,,,,,,,,,,,,,,,,
496,Otis Thorpe,PF,33,DET,82,82,34.6,5.5,10.4,.530,0.0,0.0,.000,5.5,10.4,.532,.530,3.1,4.4,.710,2.6,5.8,8.4,1.9,0.6,0.5,2.4,3.7,14.2
497,Sedale Threatt,PG,34,LAL,82,8,20.6,2.9,6.4,.458,0.7,2.1,.355,2.2,4.4,.507,.515,0.7,0.9,.761,0.2,0.9,1.2,3.3,0.8,0.1,0.9,2.2,7.3
498,Wayman Tisdale,PF,31,PHO,63,6,18.3,4.4,9.0,.495,0.0,0.0,,4.4,9.0,.495,.495,1.8,2.4,.765,0.9,2.5,3.4,0.9,0.2,0.6,1.0,3.0,10.7
499,Andy Toolson,SF,30,UTA,13,0,4.1,0.6,1.7,.364,0.2,0.9,.250,0.4,0.8,.500,.432,0.2,0.3,.750,0.0,0.5,0.5,0.1,0.0,0.0,0.2,0.9,1.7
500,Keith Tower,C,25,LAC,34,1,9.0,0.9,2.1,.444,0.0,0.0,.000,0.9,2.1,.451,.444,0.5,0.8,.692,0.6,0.9,1.5,0.1,0.1,0.3,0.5,1.5,2.4
501,Gary Trent,PF,21,POR,69,10,17.7,3.2,6.2,.513,0.0,0.1,.000,3.2,6.1,.524,.513,1.1,2.0,.553,1.2,2.2,3.4,0.7,0.4,0.2,1.3,1.7,7.5
502,Jeff Turner,PF,33,ORL,13,0,14.8,1.4,3.9,.353,0.7,2.1,.333,0.7,1.8,.375,.441,0.2,0.2,1.000,0.8,1.4,2.2,0.5,0.2,0.1,0.8,2.5,3.6
503,Nick Van Exel,PG,24,LAL,74,74,34.0,5.4,12.8,.417,1.9,5.4,.357,3.4,7.4,.461,.493,2.2,2.8,.799,0.4,2.1,2.4,6.9,0.9,0.1,2.1,1.6,14.9
504,Logan Vander Velden,SF,24,LAC,15,0,2.1,0.2,0.9,.214,0.0,0.3,.000,0.2,0.6,.333,.214,0.2,0.3,.750,0.1,0.3,0.4,0.1,0.0,0.0,0.0,0.3,0.6
505,David Vaughn,PF,22,ORL,33,0,8.1,0.8,2.4,.338,0.0,0.0,.000,0.8,2.4,.342,.338,0.3,0.5,.556,1.0,1.4,2.4,0.2,0.2,0.5,0.5,2.1,1.9
506,Loy Vaught,PF,27,LAC,80,78,37.1,7.1,13.6,.525,0.1,0.2,.368,7.1,13.4,.528,.529,1.9,2.6,.727,2.6,7.6,10.1,1.4,1.1,0.5,2.0,3.0,16.2
507,Rasheed Wallace,PF,21,WSB,65,51,27.5,4.2,8.7,.487,0.4,1.3,.329,3.8,7.4,.513,.511,1.2,1.8,.650,1.4,3.2,4.7,1.3,0.6,0.8,1.6,3.2,10.1
508,Rex Walters,SG,25,TOT,44,8,13.9,1.4,3.4,.412,0.5,1.5,.333,0.9,1.9,.476,.486,1.0,1.2,.808,0.3,1.0,1.3,2.4,0.6,0.1,0.9,1.2,4.2
509,Rex Walters,SG,25,NJN,11,0,7.9,1.1,3.0,.364,0.3,1.1,.250,0.8,1.9,.429,.409,0.5,0.5,1.000,0.2,0.5,0.6,1.0,0.3,0.0,0.6,0.4,3.0
510,Rex Walters,SG,25,PHI,33,8,15.8,1.5,3.5,.426,0.6,1.6,.352,0.9,1.8,.492,.509,1.1,1.4,.783,0.3,1.1,1.5,2.9,0.7,0.1,1.0,1.5,4.6
511,Charlie Ward,PG,25,NYK,62,1,12.7,1.4,3.5,.399,0.5,1.6,.333,0.9,1.9,.454,.475,0.6,0.9,.685,0.5,1.2,1.6,2.1,0.9,0.1,1.3,1.6,3.9
512,Jamie Watson,SF,23,UTA,16,0,13.6,1.1,2.7,.419,0.2,0.4,.429,0.9,2.3,.417,.453,0.6,0.8,.692,0.3,1.4,1.7,1.5,0.5,0.1,1.1,1.9,3.0
513,Clarence Weatherspoon,SF,25,PHI,78,75,39.7,6.3,13.0,.484,0.0,0.0,.000,6.3,13.0,.485,.484,4.1,5.5,.746,3.0,6.6,9.7,2.0,1.4,1.4,2.3,2.7,16.7
514,Spud Webb,PG,32,TOT,77,21,19.0,2.4,5.6,.433,0.6,1.7,.364,1.8,3.9,.462,.487,1.6,1.9,.862,0.3,1.0,1.3,3.8,0.7,0.1,1.4,1.4,7.1
515,Spud Webb,PG,32,ATL,51,0,16.0,2.0,4.4,.468,0.4,1.1,.316,1.7,3.2,.521,.509,1.5,1.7,.851,0.4,0.8,1.2,2.7,0.5,0.0,1.0,1.3,5.9
516,Spud Webb,PG,32,MIN,26,21,24.8,3.2,8.0,.394,1.1,2.8,.403,2.0,5.2,.390,.464,2.0,2.2,.879,0.3,1.3,1.5,5.9,1.0,0.2,2.3,1.6,9.4
517,Chris Webber*,PF,22,WSB,15,15,37.2,10.0,18.4,.543,1.0,2.3,.441,9.0,16.1,.558,.571,2.7,4.6,.594,2.5,5.1,7.6,5.0,1.8,0.6,3.3,3.4,23.7
518,Jeff Webster,SF,24,WSB,11,0,5.3,0.7,2.1,.348,0.2,0.5,.333,0.5,1.5,.353,.391,0.0,0.0,,0.2,0.5,0.6,0.3,0.4,0.0,0.3,0.6,1.6
519,Bill Wennington,C,32,CHI,71,20,15.0,2.4,4.8,.493,0.0,0.0,1.000,2.4,4.8,.491,.494,0.5,0.6,.860,0.8,1.6,2.5,0.6,0.3,0.2,0.5,2.4,5.3
520,,,,,,,,,,,,,,,,,,,,,,,,,,,,,
521,Robert Werdann,C,25,NJN,13,0,7.2,1.2,2.5,.500,0.0,0.0,,1.2,2.5,.500,.500,0.5,1.0,.538,0.4,1.4,1.8,0.2,0.4,0.2,0.5,1.3,3.0
522,David Wesley,PG,25,BOS,82,53,25.7,4.1,9.0,.459,1.4,3.3,.426,2.7,5.7,.478,.538,2.6,3.5,.753,0.8,2.4,3.2,4.8,1.2,0.1,1.9,2.5,12.3
523,Doug West,SG,28,MIN,73,16,22.5,2.4,5.4,.445,0.0,0.2,.077,2.4,5.2,.458,.447,1.6,2.0,.792,0.7,1.5,2.2,1.6,0.4,0.2,1.1,3.1,6.4
524,Mark West,C,35,DET,47,21,14.5,1.3,2.7,.484,0.0,0.0,,1.3,2.7,.484,.484,0.6,1.0,.622,1.0,1.8,2.8,0.1,0.1,0.8,0.7,2.9,3.2
525,Dwayne Whitfield,PF,23,TOR,8,1,15.3,1.6,3.8,.433,0.0,0.0,,1.6,3.8,.433,.433,1.8,2.8,.636,1.1,2.0,3.1,0.3,0.4,0.3,1.0,1.8,5.0
526,Chris Whitney,PG,24,WSB,21,0,16.0,2.1,4.7,.455,0.9,2.1,.432,1.2,2.6,.473,.551,2.0,2.1,.932,0.1,1.5,1.6,2.4,0.9,0.0,1.1,2.2,7.1
527,Gerald Wilkins,SG,32,VAN,28,14,26.4,2.8,7.3,.376,0.5,2.3,.219,2.3,5.0,.447,.410,0.7,0.8,.870,0.8,1.5,2.3,2.4,0.8,0.1,1.3,2.0,6.7
528,Buck Williams,PF,35,POR,70,10,23.9,2.7,5.5,.500,0.0,0.0,.667,2.7,5.4,.499,.503,1.8,2.7,.668,2.3,3.5,5.8,0.6,0.6,0.7,1.3,2.7,7.3
529,Eric Williams,SF,23,BOS,64,6,23.0,3.8,8.5,.441,0.0,0.2,.300,3.7,8.4,.444,.444,3.1,4.7,.671,1.4,2.0,3.4,1.1,0.9,0.2,1.4,2.3,10.7
530,Herb Williams,PF-C,37,TOT,44,2,13.0,1.4,3.5,.408,0.0,0.1,.250,1.4,3.4,.412,.411,0.3,0.5,.650,0.3,1.7,2.0,0.6,0.3,0.8,0.5,1.8,3.1
531,Herb Williams,C,37,TOR,1,0,31.0,3.0,8.0,.375,0.0,0.0,,3.0,8.0,.375,.375,0.0,0.0,,1.0,7.0,8.0,0.0,1.0,2.0,0.0,4.0,6.0
532,Herb Williams,PF,37,NYK,43,2,12.6,1.4,3.3,.410,0.0,0.1,.250,1.3,3.3,.414,.413,0.3,0.5,.650,0.3,1.6,1.9,0.6,0.3,0.7,0.5,1.7,3.1
533,Hot Rod Williams,C,33,PHO,62,58,26.6,2.9,6.4,.453,0.0,0.0,.000,2.9,6.4,.455,.453,1.5,2.1,.731,2.1,3.9,6.0,1.0,0.7,1.5,1.0,2.7,7.3
534,Jayson Williams,PF,27,NJN,80,6,23.2,3.5,8.3,.423,0.0,0.1,.286,3.5,8.2,.424,.424,2.0,3.4,.592,4.3,5.8,10.0,0.6,0.4,0.7,1.3,3.0,9.0
535,Lorenzo Williams,C,26,DAL,65,61,27.8,1.3,3.3,.407,0.0,0.0,.000,1.3,3.3,.408,.407,0.4,1.1,.343,3.6,4.4,8.0,1.3,0.7,1.9,1.2,3.5,3.0
536,Micheal Williams,PG,29,MIN,9,7,21.0,1.4,4.4,.325,0.1,0.3,.333,1.3,4.1,.324,.338,3.1,3.7,.848,0.3,2.2,2.6,3.4,0.6,0.3,2.6,4.1,6.1
537,Monty Williams,SF,24,TOT,31,0,5.9,0.9,2.2,.397,0.0,0.0,.000,0.9,2.2,.403,.397,0.5,0.6,.700,0.6,0.6,1.3,0.3,0.2,0.1,0.6,0.8,2.2
538,Monty Williams,SF,24,NYK,14,0,4.4,0.5,1.6,.318,0.0,0.0,,0.5,1.6,.318,.318,0.4,0.6,.625,0.6,0.6,1.2,0.3,0.1,0.0,0.4,0.6,1.4
539,Monty Williams,SF,24,SAS,17,0,7.2,1.2,2.7,.435,0.0,0.1,.000,1.2,2.6,.444,.435,0.5,0.7,.750,0.6,0.7,1.4,0.2,0.2,0.1,0.8,1.0,2.9
540,Reggie Williams,SF,31,DEN,52,5,15.7,1.8,4.9,.370,0.4,1.7,.225,1.4,3.2,.448,.409,0.6,0.8,.846,0.5,1.9,2.3,1.4,0.7,0.4,1.0,2.6,4.6
541,Scott Williams,PF,27,PHI,13,1,14.8,1.2,2.2,.517,0.0,0.2,.000,1.2,2.1,.556,.517,0.8,0.9,.833,1.0,2.5,3.5,0.4,0.5,0.5,0.6,2.1,3.1
542,Walt Williams,SF,25,TOT,73,73,29.7,4.9,11.1,.444,1.6,4.0,.389,3.4,7.1,.476,.515,2.2,3.2,.703,1.4,3.0,4.4,3.2,1.2,0.8,2.1,3.3,13.6
543,Walt Williams,SF,25,SAC,45,45,30.7,5.2,12.0,.435,1.3,3.8,.341,3.9,8.2,.478,.489,2.9,3.8,.756,1.4,3.2,4.6,3.7,1.2,0.9,2.3,3.4,14.6
544,Walt Williams,SF,25,MIA,28,28,28.1,4.4,9.6,.463,2.0,4.4,.455,2.4,5.2,.469,.567,1.2,2.1,.550,1.3,2.7,4.0,2.3,1.1,0.6,1.7,3.1,12.0
545,Corliss Williamson,SF,22,SAC,53,3,11.5,2.4,5.1,.466,0.0,0.1,.000,2.4,5.0,.472,.466,0.9,1.6,.560,1.1,1.1,2.2,0.4,0.2,0.2,1.4,2.2,5.6
546,Kevin Willis,PF,33,TOT,75,60,28.5,4.3,9.5,.456,0.0,0.1,.111,4.3,9.4,.461,.457,1.9,2.7,.708,2.8,5.7,8.5,0.7,0.4,0.5,2.1,3.4,10.6
547,Kevin Willis,PF,33,MIA,47,42,28.9,4.1,8.8,.473,0.0,0.1,.000,4.1,8.7,.479,.473,1.9,2.7,.712,2.9,6.1,8.9,0.7,0.4,0.5,2.1,3.4,10.2
548,Kevin Willis,PF,33,GSW,28,18,27.8,4.6,10.7,.433,0.0,0.1,.250,4.6,10.6,.436,.435,1.9,2.8,.701,2.6,5.1,7.8,0.7,0.5,0.6,2.2,3.4,11.3
549,,,,,,,,,,,,,,,,,,,,,,,,,,,,,
550,Trevor Wilson,PF,27,PHI,6,0,13.2,1.7,3.3,.500,0.0,0.0,,1.7,3.3,.500,.500,0.5,0.7,.750,1.2,1.2,2.3,0.7,0.5,0.0,0.2,1.5,3.8
551,David Wingate,SG,32,SEA,60,3,11.6,1.5,3.5,.415,0.3,0.6,.441,1.2,3.0,.410,.450,0.5,0.7,.780,0.3,0.7,0.9,1.0,0.3,0.1,0.7,1.1,3.7
552,Dontonio Wingfield,SF,21,POR,44,2,11.1,1.4,3.6,.382,0.4,1.4,.302,0.9,2.1,.436,.443,0.6,0.8,.765,1.0,1.3,2.4,0.6,0.5,0.1,0.7,1.7,3.8
553,Joe Wolf,PF,31,TOT,64,8,16.6,2.1,4.1,.513,0.0,0.1,.000,2.1,4.0,.525,.513,0.3,0.5,.724,0.8,2.2,2.9,1.0,0.2,0.1,0.7,2.5,4.5
554,Joe Wolf,PF,31,CHH,1,0,18.0,0.0,1.0,.000,0.0,0.0,,0.0,1.0,.000,.000,0.0,0.0,,0.0,2.0,2.0,0.0,2.0,0.0,2.0,2.0,0.0
555,Joe Wolf,PF,31,ORL,63,8,16.6,2.1,4.2,.515,0.0,0.1,.000,2.1,4.1,.527,.515,0.3,0.5,.724,0.8,2.2,2.9,1.0,0.2,0.1,0.6,2.6,4.6
556,David Wood,PF,31,TOT,62,0,12.5,1.2,2.8,.431,0.3,1.0,.323,0.9,1.8,.491,.489,0.6,0.8,.760,0.8,1.7,2.5,0.5,0.3,0.2,0.4,2.4,3.4
557,David Wood,PF,31,GSW,21,0,4.6,0.3,0.7,.500,0.0,0.1,.333,0.3,0.5,.545,.536,0.3,0.4,.875,0.3,0.4,0.8,0.2,0.1,0.0,0.1,1.1,1.0
558,David Wood,PF,31,PHO,4,0,8.5,0.3,1.5,.167,0.0,0.0,,0.3,1.5,.167,.167,0.5,0.5,1.000,0.5,0.8,1.3,0.5,0.3,0.0,0.5,2.3,1.0
559,David Wood,PF,31,DAL,37,0,17.4,1.8,4.2,.435,0.5,1.6,.322,1.3,2.6,.505,.497,0.8,1.1,.725,1.1,2.5,3.6,0.7,0.4,0.2,0.5,3.2,4.9
560,Randy Woods,PG,25,DEN,8,0,9.0,0.8,2.8,.273,0.6,2.6,.238,0.1,0.1,1.000,.386,0.3,0.3,1.000,0.4,0.4,0.8,1.5,0.8,0.1,0.6,1.6,2.4
561,Haywoode Workman,PG,30,IND,77,4,15.1,1.3,3.4,.390,0.3,0.9,.324,1.0,2.4,.415,.434,0.7,0.9,.740,0.4,1.3,1.6,2.8,0.8,0.1,1.2,2.0,3.6
562,Sharone Wright,C,23,TOT,57,38,25.2,4.4,9.0,.484,0.0,0.1,.333,4.3,8.9,.485,.485,2.9,4.5,.645,2.6,3.6,6.2,0.7,0.5,0.9,1.9,2.9,11.6
563,Sharone Wright,C,23,PHI,46,32,24.7,4.0,8.3,.477,0.0,0.0,,4.0,8.3,.477,.477,2.5,4.0,.629,2.7,3.8,6.5,0.6,0.5,0.8,1.8,2.7,10.5
564,Sharone Wright,C,23,TOR,11,6,27.1,5.9,11.6,.508,0.1,0.3,.333,5.8,11.4,.512,.512,4.5,6.6,.685,2.2,3.0,5.2,1.0,0.5,0.9,2.5,3.5,16.5
565,George Zídek,C,22,CHH,71,21,12.5,1.5,3.5,.423,0.0,0.0,,1.5,3.5,.423,.423,1.0,1.3,.763,1.0,1.6,2.6,0.2,0.1,0.1,0.5,2.4,4.0
