,Year,Player,Pos,Age,Tm,G,GS,MP,FG,FGA,FG%,3P,3PA,3P%,2P,2PA,2P%,eFG%,FT,FTA,FT%,ORB,DRB,TRB,AST,STL,BLK,TOV,PF,PTS,PER,TS%,3PAr,FTr,ORB%,DRB%,TRB%,AST%,STL%,BLK%,TOV%,USG%,OWS,DWS,WS,WS/48,OBPM,DBPM,BPM,VORP,MVP_Rank,MVP_First,MVP_Pts Won,MVP_Pts Max,MVP_Share
0,1992,Alaa Abdelnaby,PF,23,POR,71,1,13.2,2.5,5.1,0.493,0.0,0.0,0.0,2.5,5.1,0.493,0.493,1.1,1.4,0.752,1.1,2.5,3.7,0.4,0.4,0.2,0.9,1.9,6.1,13.5,0.533,0.0,0.28,9.5,20.9,15.2,4.7,1.3,1.1,14.0,20.6,0.6,1.5,2.1,0.11,-2.3,-0.4,-2.6,-0.1,,,,,
1,1992,Mahmoud Abdul-Rauf,PG,22,DEN,81,11,19.0,4.4,10.4,0.421,0.4,1.2,0.33,4.0,9.3,0.433,0.44,1.2,1.3,0.87,0.3,1.1,1.4,2.4,0.5,0.0,1.4,1.6,10.3,12.6,0.469,0.111,0.128,1.5,6.8,4.0,21.0,1.4,0.2,11.6,26.7,-0.2,0.8,0.6,0.018,-1.2,-1.9,-3.1,-0.4,,,,,
2,1992,Mark Acres,C,29,ORL,68,6,13.6,1.1,2.2,0.517,0.0,0.0,0.333,1.1,2.2,0.52,0.52,0.8,1.0,0.761,1.4,2.3,3.7,0.3,0.4,0.2,0.5,2.1,3.1,10.1,0.576,0.02,0.444,11.4,19.2,15.2,3.2,1.3,1.0,15.5,9.6,1.1,0.8,1.9,0.097,-2.7,-0.2,-2.9,-0.2,,,,,
3,1992,Michael Adams,PG,29,WSB,78,78,35.8,6.2,15.8,0.393,1.6,4.9,0.324,4.6,10.9,0.425,0.444,4.0,4.6,0.869,0.7,3.2,4.0,7.6,1.9,0.1,2.7,2.1,18.1,17.1,0.506,0.313,0.292,2.2,10.1,6.1,31.5,2.5,0.2,13.2,24.2,2.6,2.6,5.3,0.09,2.1,-0.3,1.8,2.6,,,,,
4,1992,Rafael Addison,SF,27,NJN,76,8,15.5,2.5,5.7,0.433,0.2,0.6,0.286,2.3,5.0,0.452,0.449,0.7,1.0,0.737,0.9,1.3,2.2,0.9,0.4,0.4,0.6,1.4,5.8,10.9,0.477,0.113,0.176,5.7,9.3,7.4,8.1,1.2,1.4,9.0,17.5,0.8,0.7,1.5,0.063,-1.8,-0.9,-2.7,-0.2,,,,,
5,1992,Mark Aguirre,SF,32,DET,75,12,21.1,4.5,10.5,0.431,0.2,0.9,0.211,4.3,9.5,0.453,0.44,2.1,3.1,0.687,0.9,2.3,3.1,1.7,0.7,0.1,1.4,2.3,11.3,13.7,0.479,0.09,0.292,4.8,12.0,8.4,13.4,1.7,0.4,10.6,27.6,0.1,2.0,2.2,0.066,-1.7,0.1,-1.6,0.1,,,,,
6,1992,Danny Ainge,SG,32,POR,81,6,19.7,3.7,8.3,0.442,1.0,2.8,0.339,2.7,5.5,0.496,0.5,1.3,1.6,0.824,0.5,1.3,1.8,2.5,0.9,0.2,0.9,1.8,9.7,15.4,0.534,0.34,0.194,2.7,7.4,5.1,18.4,2.2,0.5,8.7,20.5,3.1,2.0,5.2,0.155,1.1,0.8,1.9,1.6,,,,,
7,1992,Victor Alexander,C,22,GSW,80,28,16.9,3.0,5.7,0.529,0.0,0.0,0.0,3.0,5.7,0.531,0.529,1.3,1.9,0.691,1.3,2.9,4.2,0.4,0.6,0.8,1.1,2.2,7.4,13.9,0.561,0.002,0.325,8.7,18.3,13.6,3.1,1.5,2.7,14.8,18.3,1.1,1.4,2.5,0.09,-1.6,-0.4,-2.0,0.0,,,,,
8,1992,Greg Anderson,PF,27,DEN,82,82,34.1,4.7,10.4,0.456,0.0,0.0,0.0,4.7,10.4,0.458,0.456,2.0,3.3,0.623,4.1,7.4,11.5,1.0,1.1,0.8,2.5,3.2,11.5,12.6,0.486,0.005,0.314,12.3,24.7,18.2,4.1,1.5,1.4,17.1,17.1,-0.6,3.6,3.0,0.052,-2.4,-1.1,-3.4,-1.0,,,,,
9,1992,Kenny Anderson,PG,21,NJN,64,13,17.0,2.9,7.5,0.39,0.0,0.2,0.231,2.9,7.3,0.394,0.393,1.1,1.5,0.745,0.6,1.4,2.0,3.2,1.0,0.1,1.5,1.1,7.0,12.8,0.43,0.027,0.204,3.6,9.0,6.2,26.5,3.0,0.5,15.6,22.9,-0.6,1.1,0.5,0.022,-1.7,-0.1,-1.8,0.1,,,,,
10,1992,Nick Anderson,SG,24,ORL,60,59,36.7,8.0,17.4,0.463,0.5,1.4,0.353,7.5,16.0,0.472,0.477,3.4,5.1,0.667,1.6,4.8,6.4,2.7,1.6,0.6,2.1,2.2,19.9,16.4,0.509,0.082,0.291,4.8,14.9,9.7,12.4,2.2,0.9,9.7,24.5,1.6,2.0,3.6,0.078,1.1,0.0,1.2,1.8,,,,,
11,1992,Ron Anderson,SF,33,PHI,82,11,29.7,5.7,12.3,0.465,0.5,1.5,0.331,5.2,10.7,0.485,0.486,1.7,2.0,0.877,1.2,2.2,3.4,1.6,1.0,0.1,1.3,1.6,13.7,14.1,0.52,0.126,0.162,4.6,8.5,6.5,9.0,1.8,0.3,9.2,21.5,2.2,1.3,3.5,0.07,-0.2,-1.1,-1.4,0.4,,,,,
12,1992,Willie Anderson,SG,25,SAS,57,55,33.1,5.5,12.0,0.455,0.2,1.0,0.232,5.2,11.0,0.475,0.465,1.9,2.4,0.775,1.1,4.2,5.3,5.3,0.9,0.9,2.5,2.6,13.1,13.8,0.499,0.082,0.201,3.6,13.6,8.7,23.2,1.4,1.7,15.8,19.8,0.7,2.6,3.3,0.083,-0.3,1.2,0.9,1.4,,,,,
13,1992,Greg Anthony,PG,24,NYK,82,1,18.4,2.0,5.3,0.37,0.1,0.7,0.145,1.9,4.6,0.403,0.379,1.4,1.9,0.741,0.4,1.3,1.7,3.8,0.7,0.1,1.2,2.1,5.5,10.6,0.443,0.126,0.363,2.5,7.7,5.2,28.6,2.0,0.4,16.3,17.4,0.2,2.0,2.2,0.07,-2.7,0.8,-1.9,0.0,,,,,
14,1992,B.J. Armstrong,PG,24,CHI,82,3,22.9,4.1,8.5,0.481,0.4,1.1,0.402,3.7,7.4,0.492,0.506,1.3,1.6,0.806,0.2,1.5,1.8,3.2,0.6,0.1,1.1,1.1,9.9,14.1,0.537,0.125,0.185,1.2,7.6,4.5,19.2,1.2,0.2,11.1,19.5,2.7,1.8,4.6,0.117,0.2,-0.8,-0.6,0.7,,,,,
15,1992,Vincent Askew,SG,25,GSW,80,10,18.7,2.4,4.7,0.509,0.0,0.1,0.1,2.4,4.6,0.52,0.511,1.4,2.0,0.694,1.1,1.8,2.9,2.4,0.6,0.3,1.1,1.6,6.2,12.7,0.554,0.026,0.422,6.6,10.3,8.5,15.4,1.5,0.9,15.7,14.3,2.0,0.8,2.9,0.092,0.6,0.0,0.6,1.0,,,,,
16,1992,Keith Askins,SF,24,MIA,59,4,14.3,1.4,3.5,0.41,0.4,1.2,0.342,1.0,2.2,0.447,0.471,0.4,0.6,0.703,1.1,1.3,2.4,0.6,0.7,0.3,0.8,1.8,3.7,8.7,0.495,0.356,0.18,8.5,10.4,9.4,6.2,2.3,1.1,17.5,13.3,0.0,0.7,0.7,0.04,-2.5,0.2,-2.3,-0.1,,,,,
17,1992,Stacey Augmon,SG,23,ATL,82,82,30.5,5.4,11.0,0.489,0.0,0.1,0.167,5.4,10.9,0.492,0.49,2.6,3.9,0.666,2.3,2.8,5.1,2.5,1.5,0.3,2.2,2.0,13.3,14.4,0.526,0.007,0.356,7.9,9.9,8.9,11.4,2.4,0.6,14.8,20.1,1.5,2.2,3.7,0.071,-0.5,-0.1,-0.6,0.8,,,,,
18,1992,Isaac Austin,C,22,UTA,31,0,3.6,0.7,1.5,0.457,0.0,0.0,0.0,0.7,1.5,0.457,0.457,0.6,1.0,0.633,0.4,0.8,1.1,0.2,0.1,0.1,0.3,0.6,2.0,15.0,0.515,0.0,0.652,11.6,23.1,17.6,6.7,0.9,1.1,11.9,25.9,0.1,0.2,0.3,0.112,-3.0,-1.4,-4.4,-0.1,,,,,
19,1992,Miloš Babić,C,23,MIA,9,0,3.9,0.7,1.4,0.462,0.0,0.0,0.0,0.7,1.4,0.462,0.462,0.7,0.9,0.75,0.2,1.0,1.2,0.7,0.1,0.0,0.6,0.0,2.0,18.3,0.545,0.0,0.615,6.3,29.1,17.6,26.4,1.4,0.0,23.2,25.8,0.0,0.0,0.0,0.057,1.6,0.0,1.6,0.0,,,,,
20,1992,John Bagley,PG,31,BOS,73,59,23.9,3.1,6.9,0.441,0.1,0.6,0.238,2.9,6.4,0.459,0.451,0.9,1.3,0.716,0.5,1.7,2.2,6.6,0.8,0.1,2.0,1.7,7.2,12.7,0.478,0.083,0.188,2.5,7.4,5.1,35.9,1.6,0.1,21.3,17.2,0.6,1.4,1.9,0.053,-0.2,-1.0,-1.2,0.4,,,,,
21,1992,Steve Bardo,SG,23,SAS,1,0,1.0,0.0,0.0,0.0,0.0,0.0,0.0,0.0,0.0,0.0,0.0,0.0,0.0,0.0,1.0,0.0,1.0,0.0,0.0,0.0,0.0,0.0,0.0,32.3,0.0,0.0,0.0,100.0,0.0,54.6,0.0,0.0,0.0,0.0,0.0,0.0,0.0,0.0,0.424,22.6,-5.6,17.1,0.0,,,,,
22,1992,Charles Barkley,SF,28,PHI,75,75,38.4,8.3,15.0,0.552,0.4,1.8,0.234,7.9,13.2,0.597,0.567,6.1,8.7,0.695,3.6,7.5,11.1,4.1,1.8,0.6,3.1,2.6,23.1,24.5,0.612,0.122,0.58,10.9,22.0,16.5,18.1,2.4,0.9,14.3,25.1,8.6,3.7,12.3,0.205,5.6,0.8,6.3,6.1,12.0,0.0,18.0,960.0,0.019
23,1992,Dana Barros,PG,24,SEA,75,1,17.7,3.2,6.6,0.483,1.1,2.5,0.446,2.1,4.1,0.505,0.567,0.8,1.1,0.759,0.2,0.9,1.1,1.7,0.7,0.1,0.7,1.1,8.3,15.0,0.586,0.377,0.16,1.4,5.7,3.5,14.0,1.9,0.2,9.6,18.4,2.9,0.7,3.6,0.132,2.2,-0.4,1.8,1.3,,,,,
24,1992,John Battle,SG,29,CLE,76,2,21.5,4.2,8.7,0.48,0.0,0.2,0.118,4.1,8.4,0.489,0.481,1.9,2.3,0.848,0.3,1.2,1.5,2.1,0.5,0.1,1.2,1.5,10.3,12.6,0.53,0.026,0.259,1.3,6.1,3.8,14.5,1.1,0.2,11.0,22.0,1.3,0.7,2.0,0.059,-2.0,-1.8,-3.8,-0.8,,,,,
25,1992,William Bedford,C,28,DET,32,8,11.3,1.6,3.8,0.413,0.0,0.0,0.0,1.6,3.8,0.417,0.413,0.4,0.7,0.636,0.8,1.2,2.0,0.4,0.2,0.6,0.5,1.8,3.6,8.4,0.436,0.008,0.182,7.5,12.0,9.8,4.9,0.9,3.1,10.3,17.6,-0.2,0.5,0.3,0.043,-5.3,0.5,-4.8,-0.3,,,,,
26,1992,Benoit Benjamin,C,27,SEA,63,61,30.8,5.6,11.7,0.478,0.0,0.0,0.0,5.6,11.7,0.48,0.478,2.7,4.0,0.687,2.1,6.1,8.1,1.2,0.6,1.9,2.8,2.9,14.0,14.1,0.517,0.003,0.336,7.6,23.2,15.2,5.9,1.0,3.9,17.1,22.2,-0.3,2.5,2.2,0.054,-1.9,0.0,-1.9,0.0,,,,,
27,1992,David Benoit,SF,23,UTA,77,2,15.1,2.3,4.9,0.467,0.0,0.2,0.214,2.2,4.7,0.476,0.471,1.1,1.3,0.81,1.4,2.5,3.8,0.4,0.2,0.6,0.9,1.6,5.6,12.1,0.518,0.037,0.267,10.7,17.7,14.4,4.2,0.8,2.3,14.5,18.2,0.5,1.5,2.0,0.085,-2.1,-0.7,-2.9,-0.3,,,,,
28,1992,Larry Bird,SF,35,BOS,45,45,36.9,7.8,16.8,0.466,1.2,2.8,0.406,6.7,14.0,0.478,0.5,3.3,3.6,0.926,1.0,8.6,9.6,6.8,0.9,0.7,2.8,1.8,20.2,21.0,0.547,0.169,0.214,3.2,24.6,14.4,26.9,1.3,1.2,13.1,24.7,3.0,2.5,5.5,0.159,4.3,1.3,5.5,3.1,14.0,0.0,3.0,960.0,0.003
29,1992,Rolando Blackman,SG,32,DAL,75,74,33.7,7.1,15.5,0.461,0.9,2.3,0.385,6.3,13.2,0.474,0.489,3.2,3.5,0.898,1.0,2.1,3.2,2.7,0.7,0.3,2.0,1.8,18.3,15.6,0.538,0.146,0.229,3.2,7.0,5.0,14.0,1.0,0.5,10.7,24.4,3.1,0.7,3.8,0.072,1.3,-1.6,-0.3,1.1,,,,,
30,1992,Lance Blanks,SG,25,DET,43,0,4.4,0.6,1.3,0.455,0.1,0.4,0.375,0.4,0.9,0.487,0.509,0.2,0.3,0.727,0.2,0.3,0.5,0.4,0.3,0.0,0.3,0.6,1.5,11.9,0.535,0.291,0.2,5.4,7.7,6.6,14.9,3.9,0.3,19.0,17.2,0.1,0.3,0.4,0.096,-3.0,2.6,-0.4,0.1,,,,,
31,1992,Mookie Blaylock,PG,24,NJN,72,67,35.4,6.0,13.8,0.432,0.2,0.8,0.222,5.8,13.0,0.444,0.438,1.8,2.5,0.712,1.4,2.3,3.7,6.8,2.4,0.6,2.1,2.5,13.8,15.2,0.465,0.054,0.178,4.1,7.2,5.6,27.2,3.3,0.9,12.4,19.3,2.3,2.6,4.9,0.092,-0.1,1.1,1.0,1.9,,,,,
32,1992,Muggsy Bogues,PG,27,CHH,82,69,34.0,3.9,8.2,0.472,0.0,0.3,0.074,3.8,7.9,0.489,0.474,1.1,1.5,0.783,0.7,2.2,2.9,9.1,2.1,0.1,1.9,1.9,8.9,14.0,0.504,0.04,0.179,2.2,6.9,4.5,33.4,2.9,0.1,17.7,12.8,3.0,1.8,4.8,0.082,-0.1,0.3,0.2,1.6,,,,,
33,1992,Manute Bol,C,29,PHI,71,2,17.8,0.7,1.8,0.383,0.0,0.1,0.0,0.7,1.7,0.412,0.383,0.2,0.4,0.462,0.8,2.4,3.1,0.3,0.2,2.9,0.6,2.0,1.5,7.7,0.394,0.07,0.203,4.9,15.1,10.0,2.3,0.4,9.8,22.7,6.3,-0.9,1.6,0.8,0.028,-4.7,3.5,-1.3,0.2,,,,,
34,1992,Anthony Bonner,PF,23,SAC,79,18,28.9,3.7,8.3,0.447,0.0,0.1,0.25,3.7,8.3,0.448,0.448,1.9,3.1,0.627,2.4,3.7,6.1,1.6,1.2,0.3,1.7,2.5,9.4,10.9,0.484,0.006,0.366,9.0,13.9,11.4,7.6,2.0,0.7,14.8,16.4,-0.2,1.9,1.6,0.035,-2.7,-0.8,-3.5,-0.8,,,,,
35,1992,Anthony Bowie,SG,28,ORL,52,26,33.1,6.0,12.2,0.493,0.3,0.8,0.386,5.7,11.3,0.501,0.506,2.3,2.6,0.86,1.3,3.4,4.7,3.1,1.1,0.7,2.1,1.9,14.6,14.7,0.547,0.07,0.215,4.4,11.7,8.0,14.9,1.6,1.4,13.4,19.3,1.8,1.1,2.9,0.082,0.7,0.1,0.8,1.2,,,,,
36,1992,Sam Bowie,C,30,NJN,71,61,30.7,5.9,13.3,0.445,0.1,0.4,0.32,5.8,13.0,0.448,0.449,3.0,3.9,0.757,2.9,5.3,8.1,2.6,0.6,1.7,2.1,3.0,15.0,16.4,0.496,0.026,0.296,9.5,18.9,14.0,12.5,0.9,3.3,12.3,22.5,2.2,2.4,4.6,0.101,0.1,-0.2,-0.1,1.0,,,,,
37,1992,Terrell Brandon,PG,21,CLE,82,9,19.6,3.1,7.3,0.419,0.0,0.3,0.043,3.1,7.0,0.434,0.42,1.2,1.5,0.806,0.6,1.4,2.0,3.9,1.0,0.3,1.7,1.3,7.4,12.8,0.461,0.038,0.206,3.5,7.6,5.6,27.8,2.6,0.8,17.2,21.5,-0.6,1.5,0.9,0.028,-1.7,-0.5,-2.2,-0.1,,,,,
38,1992,Randy Breuer,C,31,MIN,67,25,17.6,2.4,5.1,0.468,0.0,0.0,0.0,2.4,5.1,0.469,0.468,0.6,1.1,0.532,1.5,2.7,4.2,1.3,0.4,1.5,0.6,1.7,5.4,14.3,0.48,0.003,0.224,8.9,17.7,13.2,10.6,1.2,5.0,9.8,15.1,0.7,1.0,1.7,0.07,-0.9,1.1,0.2,0.7,,,,,
39,1992,Frank Brickowski,SF,32,MIL,65,60,23.9,4.7,9.0,0.524,0.0,0.1,0.5,4.7,8.9,0.524,0.527,1.9,2.5,0.767,1.5,3.8,5.3,1.9,0.9,0.4,1.7,3.4,11.4,15.5,0.564,0.01,0.279,6.9,18.9,12.6,12.3,1.9,0.9,14.6,20.7,2.0,1.4,3.4,0.105,-0.6,0.0,-0.6,0.5,,,,,
40,1992,Kevin Brooks,SF,22,DEN,37,0,7.3,1.2,2.6,0.443,0.1,0.3,0.182,1.1,2.3,0.477,0.454,0.5,0.6,0.81,0.4,0.7,1.1,0.3,0.2,0.1,0.5,0.5,2.8,10.2,0.494,0.113,0.216,4.9,11.0,7.8,6.1,1.4,0.5,14.5,18.7,0.0,0.2,0.1,0.025,-2.4,-1.3,-3.8,-0.1,,,,,
41,1992,Scott Brooks,PG,26,MIN,82,0,13.2,2.0,4.6,0.447,0.4,1.1,0.356,1.6,3.5,0.475,0.489,0.6,0.8,0.81,0.3,0.9,1.2,2.5,0.8,0.1,0.6,1.0,5.1,16.0,0.519,0.241,0.168,2.7,7.6,5.0,27.2,3.1,0.4,11.3,17.8,1.5,0.6,2.1,0.095,0.8,0.4,1.2,0.9,,,,,
42,1992,Dee Brown,PG,23,BOS,31,20,28.5,4.8,11.3,0.426,0.2,0.7,0.227,4.6,10.6,0.439,0.433,1.9,2.5,0.769,0.5,2.1,2.5,5.3,1.1,0.2,1.9,2.4,11.7,13.0,0.472,0.063,0.223,2.0,7.6,4.9,25.6,1.9,0.5,13.3,21.6,0.2,0.8,1.0,0.055,-1.4,-0.2,-1.6,0.1,,,,,
43,1992,Mike Brown,C,28,UTA,82,1,21.7,2.7,6.0,0.453,0.0,0.0,0.0,2.7,5.9,0.454,0.453,2.3,3.5,0.667,2.3,3.5,5.8,1.0,0.5,0.4,1.3,2.4,7.7,12.3,0.515,0.002,0.584,12.4,17.5,15.1,6.3,1.2,1.2,14.6,17.4,1.4,2.3,3.7,0.1,-1.6,-0.7,-2.3,-0.1,,,,,
44,1992,Myron Brown,PG,22,MIN,4,0,5.8,1.0,1.5,0.667,0.3,0.8,0.333,0.8,0.8,1.0,0.75,0.0,0.0,0.0,0.0,0.8,0.8,1.5,0.3,0.0,1.0,0.5,2.3,14.7,0.75,0.5,0.0,0.0,14.9,7.2,38.6,2.2,0.0,40.0,18.5,0.0,0.0,0.0,0.032,-1.7,-0.1,-1.8,0.0,,,,,
45,1992,Randy Brown,PG,23,SAC,56,0,9.6,1.4,3.0,0.456,0.0,0.1,0.0,1.4,2.9,0.472,0.456,0.7,1.0,0.655,0.5,0.8,1.2,1.1,0.6,0.2,0.8,1.2,3.4,11.5,0.494,0.036,0.343,5.2,8.7,7.0,15.7,3.2,1.3,17.8,18.5,-0.2,0.5,0.3,0.028,-3.4,1.2,-2.2,0.0,,,,,
46,1992,Mark Bryant,PF,26,POR,56,0,14.3,1.7,3.5,0.48,0.0,0.1,0.0,1.7,3.5,0.487,0.48,0.7,1.1,0.667,1.6,2.0,3.6,0.7,0.5,0.1,0.5,1.9,4.1,11.3,0.512,0.015,0.303,11.9,15.5,13.7,6.8,1.6,0.6,11.8,12.9,0.9,1.2,2.1,0.125,-1.6,0.1,-1.4,0.1,,,,,
47,1992,Matt Bullard,PF,24,HOU,80,7,16.0,2.6,5.6,0.459,0.8,2.1,0.386,1.8,3.5,0.502,0.53,0.5,0.6,0.76,0.9,1.9,2.8,0.9,0.3,0.3,0.7,1.6,6.4,12.6,0.546,0.371,0.112,6.5,12.7,9.7,8.9,1.0,1.0,10.7,17.8,1.3,1.0,2.4,0.089,0.1,-0.7,-0.6,0.5,,,,,
48,1992,Willie Burton,SF,23,MIA,68,50,23.3,4.1,9.1,0.45,0.1,0.2,0.4,4.0,8.9,0.451,0.455,2.9,3.6,0.8,1.1,2.5,3.6,1.8,0.7,0.5,1.8,2.7,11.2,13.5,0.522,0.024,0.394,5.3,12.0,8.6,12.0,1.4,1.4,14.0,22.4,1.0,1.0,2.0,0.062,-1.3,-0.8,-2.1,0.0,,,,,
49,1992,Steve Burtt,SG,29,PHO,31,2,11.5,2.4,5.2,0.463,0.0,0.2,0.167,2.4,5.0,0.474,0.466,1.2,1.7,0.704,0.3,0.8,1.1,1.9,0.5,0.1,1.1,1.9,6.0,13.4,0.509,0.038,0.338,3.2,7.1,5.2,24.0,2.2,0.6,15.2,25.3,0.1,0.4,0.5,0.067,-2.3,-0.1,-2.4,0.0,,,,,
50,1992,Michael Cage,PF,30,SEA,82,69,30.0,3.7,6.6,0.566,0.0,0.1,0.0,3.7,6.5,0.572,0.566,1.3,2.1,0.62,3.2,5.6,8.9,1.1,1.2,0.7,1.0,2.9,8.8,15.0,0.583,0.009,0.315,12.2,22.1,17.1,5.1,2.0,1.4,11.2,11.9,4.4,3.2,7.6,0.148,1.0,0.3,1.3,2.0,,,,,
51,1992,Demetrius Calip,PG,22,LAL,7,0,8.3,0.6,2.6,0.222,0.1,0.7,0.2,0.4,1.9,0.231,0.25,0.3,0.4,0.667,0.1,0.6,0.7,1.7,0.1,0.0,0.7,1.1,1.6,1.8,0.285,0.278,0.167,1.9,8.0,4.9,28.2,0.9,0.0,20.6,18.3,-0.2,0.0,-0.2,-0.134,-7.4,-3.0,-10.5,-0.1,,,,,
52,1992,Elden Campbell,C,23,LAL,81,47,23.2,2.7,6.1,0.448,0.0,0.0,0.0,2.7,6.0,0.45,0.448,1.7,2.8,0.619,1.9,3.3,5.2,0.7,0.7,2.0,0.9,2.5,7.1,13.3,0.491,0.004,0.454,9.3,16.5,12.8,4.6,1.5,5.2,11.0,15.4,0.9,2.4,3.3,0.085,-2.1,1.1,-1.1,0.4,,,,,
53,1992,Tony Campbell,SF,29,MIN,78,41,31.3,6.8,14.6,0.464,0.2,0.5,0.351,6.6,14.1,0.467,0.469,3.1,3.8,0.803,1.8,1.9,3.7,2.9,1.1,0.4,2.1,2.6,16.8,15.3,0.515,0.033,0.263,6.2,6.8,6.5,14.8,1.7,0.8,11.5,25.0,1.9,0.6,2.5,0.048,0.6,-1.7,-1.2,0.5,,,,,
54,1992,Antoine Carr,PF,30,SAS,81,27,23.0,4.4,9.0,0.49,0.0,0.1,0.2,4.4,9.0,0.492,0.491,2.0,2.6,0.764,1.6,2.7,4.3,0.8,0.4,1.2,1.4,3.3,10.9,13.5,0.534,0.007,0.29,7.6,12.6,10.1,5.1,0.9,3.2,12.1,21.2,1.5,2.5,4.0,0.102,-2.1,0.1,-2.0,0.0,,,,,
55,1992,Bill Cartwright,C,34,CHI,64,64,23.0,3.3,7.0,0.467,0.0,0.0,0.0,3.3,7.0,0.467,0.467,1.5,2.5,0.604,1.5,3.6,5.1,1.4,0.3,0.2,1.2,2.0,8.0,10.9,0.497,0.0,0.357,7.5,17.7,12.7,7.6,0.8,0.6,12.7,17.3,0.6,1.9,2.5,0.082,-2.3,-0.9,-3.2,-0.4,,,,,
56,1992,Terry Catledge,PF,28,ORL,78,67,31.2,5.9,11.8,0.496,0.0,0.1,0.0,5.9,11.8,0.498,0.496,3.1,4.4,0.694,3.3,3.7,7.0,1.4,0.7,0.2,1.8,2.5,14.8,15.2,0.537,0.004,0.375,11.5,13.8,12.6,7.1,1.2,0.4,11.4,20.7,3.2,1.4,4.6,0.091,0.6,-1.6,-1.0,0.6,,,,,
57,1992,Duane Causwell,C,23,SAC,80,77,28.6,3.1,5.7,0.549,0.0,0.0,0.0,3.1,5.7,0.551,0.549,1.7,2.8,0.613,2.5,4.8,7.3,0.7,0.6,2.7,1.6,3.5,8.0,12.4,0.575,0.002,0.488,9.2,18.1,13.6,3.5,1.0,5.5,18.3,12.3,1.3,2.6,3.9,0.081,-3.0,1.1,-1.9,0.0,,,,,
58,1992,Cedric Ceballos,SF,22,PHO,64,4,11.3,2.8,5.7,0.482,0.0,0.1,0.167,2.7,5.6,0.487,0.484,1.7,2.3,0.736,0.9,1.4,2.4,0.8,0.3,0.2,1.1,0.8,7.2,16.9,0.537,0.016,0.405,9.5,13.3,11.5,10.5,1.1,0.9,14.2,28.8,0.5,0.7,1.3,0.085,0.3,-1.8,-1.4,0.1,,,,,
59,1992,Tom Chambers,PF,32,PHO,69,66,28.2,6.2,14.3,0.431,0.3,0.7,0.367,5.9,13.6,0.434,0.44,3.7,4.5,0.83,1.2,4.6,5.8,2.1,0.8,0.5,1.5,2.8,16.3,15.9,0.501,0.05,0.314,5.1,17.0,11.3,10.7,1.4,1.1,8.4,26.3,1.9,2.5,4.4,0.109,-0.5,-0.6,-1.1,0.5,,,,,
60,1992,Maurice Cheeks,PG,35,ATL,56,0,19.4,2.1,4.4,0.462,0.1,0.1,0.5,2.0,4.3,0.461,0.468,0.5,0.8,0.605,0.5,1.2,1.7,3.3,1.5,0.0,0.6,1.3,4.6,12.6,0.483,0.024,0.173,2.8,6.6,4.6,22.1,3.7,0.0,11.8,11.6,1.0,1.1,2.1,0.094,-2.0,2.6,0.5,0.7,,,,,
61,1992,Pete Chilcutt,PF,23,SAC,69,2,11.8,1.6,3.6,0.452,0.0,0.0,1.0,1.6,3.6,0.448,0.456,0.3,0.4,0.821,1.1,1.6,2.7,0.6,0.5,0.2,0.6,1.0,3.6,11.2,0.478,0.008,0.112,10.3,14.4,12.3,6.6,1.9,1.2,13.5,15.5,0.0,0.7,0.7,0.042,-2.2,-0.6,-2.8,-0.2,,,,,
62,1992,Derrick Coleman,PF,24,NJN,65,58,34.0,7.4,14.7,0.504,0.4,1.2,0.303,7.1,13.6,0.522,0.516,4.6,6.0,0.763,3.1,6.4,9.5,3.2,0.8,1.5,3.8,2.6,19.8,19.5,0.57,0.079,0.41,9.4,20.6,14.8,14.1,1.2,2.6,18.0,25.1,3.0,2.6,5.6,0.121,2.1,0.1,2.2,2.3,,,,,
63,1992,Bimbo Coles,PG,23,MIA,81,28,24.4,3.6,8.0,0.455,0.1,0.6,0.192,3.5,7.4,0.477,0.462,2.7,3.2,0.824,0.9,1.5,2.3,4.5,0.9,0.2,2.1,1.9,10.1,14.3,0.534,0.08,0.404,3.8,6.9,5.3,27.6,1.8,0.4,17.9,19.8,2.1,0.9,3.0,0.073,0.1,-1.2,-1.1,0.5,,,,,
64,1992,Marty Conlon,C,24,SEA,45,1,8.5,1.1,2.2,0.475,0.0,0.0,0.0,1.1,2.2,0.475,0.475,0.5,0.7,0.75,0.7,0.8,1.5,0.3,0.2,0.2,0.6,0.9,2.7,9.3,0.521,0.0,0.317,9.8,11.1,10.4,4.3,1.2,1.2,19.0,15.7,0.0,0.2,0.3,0.037,-2.7,-1.5,-4.2,-0.2,,,,,
65,1992,Lester Conner,PG,32,MIL,81,9,17.5,1.3,3.0,0.431,0.0,0.1,0.0,1.3,2.9,0.444,0.431,1.0,1.4,0.704,0.8,1.5,2.3,3.6,1.2,0.1,1.0,1.1,3.5,13.3,0.496,0.029,0.481,4.9,10.1,7.4,27.1,3.4,0.4,21.4,10.9,1.4,1.3,2.7,0.091,-0.5,1.8,1.3,1.2,,,,,
66,1992,Anthony Cook,PF,24,DEN,22,0,5.2,0.7,1.1,0.6,0.0,0.0,0.0,0.7,1.1,0.6,0.6,0.2,0.3,0.667,0.6,1.0,1.5,0.1,0.2,0.2,0.1,0.5,1.5,15.8,0.615,0.0,0.24,11.5,20.9,15.9,2.5,2.1,2.1,9.8,10.8,0.2,0.2,0.4,0.155,0.7,0.7,1.5,0.1,,,,,
67,1992,Wayne Cooper,C,35,POR,35,0,9.8,1.0,2.3,0.427,0.0,0.0,0.0,1.0,2.3,0.427,0.427,0.2,0.3,0.636,1.1,1.8,2.9,0.6,0.1,0.8,0.4,1.6,2.2,10.2,0.443,0.0,0.134,12.1,20.0,16.0,7.9,0.6,4.9,14.7,12.1,0.1,0.6,0.7,0.096,-3.3,1.5,-1.7,0.0,,,,,
68,1992,Tom Copa,C,27,SAS,33,1,4.0,0.7,1.2,0.55,0.0,0.0,0.0,0.7,1.2,0.55,0.55,0.1,0.4,0.308,0.4,0.7,1.1,0.1,0.1,0.2,0.2,0.9,1.5,10.7,0.525,0.0,0.325,11.7,18.0,14.9,3.3,0.8,2.8,14.9,17.2,0.0,0.2,0.2,0.078,-5.7,-0.7,-6.4,-0.1,,,,,
69,1992,Lanard Copeland,SG,26,LAC,10,0,4.8,0.7,2.3,0.304,0.0,0.2,0.0,0.7,2.1,0.333,0.304,0.2,0.2,1.0,0.1,0.6,0.7,0.5,0.2,0.0,0.4,0.5,1.6,4.0,0.335,0.087,0.087,2.3,14.0,8.1,14.9,2.1,0.0,14.3,24.7,-0.2,0.1,-0.1,-0.116,-8.5,-1.5,-9.9,-0.1,,,,,
70,1992,Chris Corchiani,PG,23,ORL,51,1,14.5,1.5,3.8,0.399,0.2,0.7,0.27,1.3,3.1,0.429,0.425,1.8,2.0,0.875,0.4,1.2,1.5,2.8,0.9,0.0,1.5,1.8,5.0,12.1,0.534,0.192,0.539,2.6,9.3,5.9,26.7,3.0,0.2,23.7,17.5,0.2,0.6,0.9,0.056,-2.5,0.7,-1.8,0.0,,,,,
71,1992,Corey Crowder,SF,22,UTA,51,0,6.4,0.8,2.2,0.384,0.3,0.6,0.433,0.6,1.6,0.366,0.442,0.3,0.4,0.833,0.3,0.5,0.8,0.3,0.1,0.0,0.3,0.7,2.2,8.4,0.475,0.268,0.161,5.8,8.2,7.1,7.2,1.1,0.4,9.8,17.5,0.1,0.3,0.4,0.053,-2.6,-1.1,-3.7,-0.1,,,,,
72,1992,Terry Cummings,PF,30,SAS,70,67,30.7,7.3,15.0,0.488,0.1,0.2,0.385,7.3,14.9,0.489,0.491,2.5,3.6,0.711,3.5,5.5,9.0,1.5,0.8,0.5,1.6,3.0,17.3,18.5,0.52,0.012,0.236,12.7,19.3,16.0,7.7,1.3,1.0,9.0,25.1,3.2,3.2,6.5,0.145,1.2,-1.1,0.1,1.1,,,,,
73,1992,Dell Curry,SG,27,CHH,77,0,26.2,6.5,13.5,0.486,1.0,2.4,0.404,5.6,11.1,0.503,0.521,1.6,2.0,0.836,0.7,2.6,3.4,2.3,1.2,0.3,1.7,2.0,15.7,16.4,0.547,0.176,0.146,3.0,10.9,6.9,13.2,2.2,0.6,10.8,24.8,1.9,1.3,3.2,0.077,1.1,-0.8,0.3,1.2,,,,,
74,1992,Quintin Dailey,SG,31,SEA,11,1,8.9,0.8,3.4,0.243,0.0,0.1,0.0,0.8,3.3,0.25,0.243,1.2,1.5,0.813,0.2,0.9,1.1,0.4,0.5,0.1,0.9,0.5,2.8,3.2,0.352,0.027,0.432,2.3,12.0,7.1,5.4,2.6,0.6,18.5,23.2,-0.3,0.1,-0.3,-0.124,-7.3,-1.7,-9.0,-0.2,,,,,
75,1992,Brad Daugherty,C,26,CLE,73,73,36.2,7.9,13.8,0.57,0.0,0.0,0.0,7.9,13.8,0.571,0.57,5.7,7.3,0.777,2.6,7.8,10.4,3.6,0.9,1.1,2.5,2.6,21.5,23.0,0.629,0.002,0.528,8.4,23.1,16.0,15.3,1.2,1.7,12.9,23.6,8.2,3.5,11.7,0.213,4.2,0.6,4.8,4.5,11.0,0.0,24.0,960.0,0.025
76,1992,Brad Davis,PG,36,DAL,33,0,13.0,1.2,2.6,0.442,0.2,0.5,0.278,1.0,2.1,0.485,0.471,0.3,0.5,0.733,0.1,0.9,1.0,2.0,0.3,0.1,0.8,1.7,2.8,7.2,0.497,0.209,0.174,1.0,7.4,4.1,21.9,1.3,0.4,22.6,12.0,-0.1,0.2,0.1,0.012,-5.4,-0.5,-5.9,-0.4,,,,,
77,1992,Dale Davis,PF,22,IND,64,23,20.3,2.4,4.4,0.552,0.0,0.0,0.0,2.4,4.3,0.554,0.552,1.4,2.4,0.572,2.5,3.9,6.4,0.5,0.4,1.2,0.8,3.0,6.2,13.3,0.571,0.004,0.545,14.2,20.3,17.4,3.0,1.0,3.4,12.4,12.7,1.9,1.5,3.4,0.126,-0.9,-0.4,-1.3,0.2,,,,,
78,1992,Terry Davis,PF,24,DAL,68,67,31.6,3.8,7.8,0.482,0.0,0.1,0.0,3.8,7.7,0.487,0.482,2.7,4.2,0.635,3.4,6.5,9.9,0.8,0.4,0.4,1.7,3.0,10.2,12.4,0.528,0.009,0.537,11.0,22.7,16.6,4.0,0.6,0.8,15.1,15.5,1.3,1.8,3.1,0.069,-1.9,-1.5,-3.4,-0.8,,,,,
79,1992,Walter Davis,SF,37,DEN,46,0,16.1,4.0,8.8,0.459,0.1,0.3,0.313,3.9,8.4,0.465,0.465,1.8,2.0,0.872,0.4,1.1,1.5,1.5,0.6,0.0,1.0,1.5,9.9,16.6,0.514,0.04,0.233,2.8,7.7,5.1,16.0,1.9,0.1,9.2,26.8,1.0,0.5,1.5,0.095,0.7,-0.7,0.1,0.4,,,,,
80,1992,Johnny Dawkins,PG,28,PHI,82,82,34.3,4.8,11.0,0.437,0.4,1.2,0.356,4.4,9.8,0.447,0.457,2.0,2.3,0.882,0.5,2.3,2.8,6.9,1.1,0.1,2.2,1.9,12.0,13.3,0.502,0.112,0.206,1.7,7.5,4.6,30.2,1.6,0.1,15.7,18.2,2.3,1.2,3.6,0.061,-0.3,-1.5,-1.8,0.2,,,,,
81,1992,Bison Dele,PF,22,ORL,48,2,18.9,3.6,6.8,0.528,0.0,0.0,0.0,3.6,6.8,0.528,0.528,2.0,3.0,0.669,2.4,3.3,5.7,0.7,0.9,1.1,1.8,2.9,9.1,17.1,0.565,0.0,0.438,13.8,19.9,16.8,5.8,2.2,3.6,18.2,21.7,0.6,1.2,1.8,0.097,-1.4,0.5,-0.9,0.3,,,,,
82,1992,Vlade Divac,C,23,LAL,36,18,27.2,4.4,8.8,0.495,0.1,0.5,0.263,4.2,8.3,0.51,0.503,2.4,3.1,0.768,2.4,4.4,6.9,1.7,1.5,1.0,2.4,3.2,11.3,15.9,0.553,0.06,0.353,10.0,18.9,14.4,9.5,2.9,2.2,19.4,20.3,0.4,1.5,1.8,0.09,-1.1,1.1,0.0,0.5,,,,,
83,1992,Greg Dreiling,C,29,IND,60,23,8.5,0.7,1.5,0.494,0.0,0.0,1.0,0.7,1.4,0.488,0.5,0.5,0.7,0.75,0.4,1.2,1.6,0.4,0.2,0.3,0.5,2.1,2.0,5.6,0.559,0.011,0.46,5.1,15.2,10.4,6.2,1.0,1.9,22.9,11.2,0.0,0.4,0.5,0.043,-5.8,0.4,-5.4,-0.4,,,,,
84,1992,Clyde Drexler,SG,29,POR,76,76,36.2,9.1,19.4,0.47,1.5,4.4,0.337,7.6,15.0,0.51,0.509,5.3,6.6,0.794,2.2,4.4,6.6,6.7,1.8,0.9,3.2,3.0,25.0,23.6,0.56,0.229,0.342,6.6,13.2,9.9,29.9,2.4,1.6,12.4,28.7,8.3,4.5,12.8,0.223,6.8,1.9,8.7,7.4,2.0,12.0,561.0,960.0,0.584
85,1992,Kevin Duckworth,C,27,POR,82,82,27.1,4.4,9.6,0.461,0.0,0.0,0.0,4.4,9.5,0.462,0.461,1.9,2.8,0.69,1.8,4.2,6.1,1.2,0.5,0.5,1.7,3.2,10.7,10.5,0.497,0.004,0.288,7.4,17.0,12.2,6.3,0.8,1.0,13.9,18.8,0.3,3.0,3.3,0.071,-3.0,-0.5,-3.6,-0.9,,,,,
86,1992,Chris Dudley,C,26,NJN,82,21,23.2,2.3,5.8,0.403,0.0,0.0,0.0,2.3,5.8,0.403,0.403,1.0,2.1,0.468,4.2,4.8,9.0,0.7,0.5,2.2,1.0,3.4,5.6,13.2,0.42,0.0,0.362,18.4,22.8,20.6,3.9,1.0,5.6,12.6,13.2,0.6,2.8,3.4,0.085,-2.5,0.1,-2.3,-0.2,,,,,
87,1992,Joe Dumars,SG,28,DET,82,82,38.9,7.2,16.0,0.448,0.6,1.5,0.408,6.6,14.5,0.452,0.466,5.0,5.8,0.867,1.0,1.3,2.3,4.6,0.9,0.1,2.4,1.8,19.9,15.4,0.538,0.092,0.362,2.9,3.7,3.3,18.9,1.2,0.2,11.3,23.6,5.7,2.5,8.2,0.123,1.3,-0.5,0.7,2.2,,,,,
88,1992,Ledell Eackles,SG,25,WSB,65,25,22.5,5.5,11.7,0.468,0.1,0.5,0.2,5.4,11.1,0.481,0.472,2.1,2.9,0.743,0.6,2.1,2.7,1.9,0.7,0.1,1.2,2.2,13.2,15.3,0.509,0.046,0.246,2.9,10.7,6.7,14.1,1.6,0.3,8.2,26.4,0.9,1.1,2.0,0.065,-0.8,-1.2,-2.0,0.0,,,,,
89,1992,Mark Eaton,C,35,UTA,81,81,25.0,1.3,3.0,0.446,0.0,0.0,0.0,1.3,3.0,0.446,0.446,0.6,1.1,0.598,1.9,4.2,6.1,0.5,0.4,2.5,0.7,3.0,3.3,9.1,0.478,0.0,0.363,8.8,18.2,13.7,2.5,0.9,6.2,17.7,7.2,0.4,3.5,3.8,0.091,-2.9,2.4,-0.5,0.7,,,,,
90,1992,Patrick Eddie,C,24,NYK,4,0,3.3,0.5,2.3,0.222,0.0,0.0,0.0,0.5,2.3,0.222,0.222,0.0,0.0,0.0,0.0,0.3,0.3,0.0,0.0,0.0,0.0,0.8,1.0,-8.8,0.222,0.0,0.0,0.0,8.7,4.4,0.0,0.0,0.0,0.0,30.2,-0.1,0.0,-0.1,-0.267,-17.5,-7.4,-24.9,-0.1,,,,,
91,1992,Blue Edwards,SF,26,UTA,81,81,28.2,5.3,10.2,0.522,0.5,1.3,0.379,4.9,9.0,0.542,0.545,1.4,1.8,0.774,1.1,2.6,3.7,1.7,1.0,0.6,1.5,2.9,12.6,13.7,0.569,0.124,0.176,4.5,10.0,7.4,9.1,1.8,1.2,12.0,19.2,2.6,2.7,5.2,0.11,-0.4,0.4,0.0,1.1,,,,,
92,1992,James Edwards,C,36,LAC,72,11,20.0,3.5,7.5,0.465,0.0,0.0,0.0,3.5,7.5,0.466,0.465,2.8,3.8,0.731,0.8,2.0,2.8,0.7,0.3,0.5,1.0,3.3,9.7,11.7,0.531,0.002,0.504,4.2,11.4,7.8,5.5,0.8,1.4,9.9,21.6,1.3,1.5,2.8,0.094,-3.2,-0.6,-3.8,-0.7,,,,,
93,1992,Kevin Edwards,PG,26,MIA,81,1,22.7,4.0,8.8,0.454,0.1,0.4,0.219,3.9,8.4,0.465,0.459,2.0,2.4,0.848,0.7,1.9,2.6,2.1,1.2,0.2,1.5,1.7,10.1,13.8,0.512,0.045,0.267,3.4,9.5,6.4,14.3,2.6,0.7,13.0,21.0,1.0,1.4,2.4,0.063,-1.3,0.4,-0.9,0.5,,,,,
94,1992,Craig Ehlo,SG,30,CLE,63,62,32.0,4.9,10.9,0.453,1.1,2.7,0.413,3.8,8.2,0.466,0.504,1.4,2.0,0.707,1.5,3.4,4.9,3.8,1.2,0.3,1.7,2.4,12.3,13.8,0.526,0.244,0.18,5.4,11.4,8.5,16.6,2.0,0.6,12.3,18.2,2.0,1.9,3.8,0.091,0.4,0.0,0.4,1.2,,,,,
95,1992,Mario Elie,SG,28,GSW,79,32,21.2,2.8,5.4,0.521,0.3,0.9,0.329,2.5,4.5,0.559,0.548,2.0,2.3,0.852,0.9,2.0,2.9,2.2,0.9,0.2,1.1,2.0,7.8,13.7,0.615,0.165,0.429,4.6,10.1,7.4,12.7,1.9,0.5,14.1,14.0,3.4,1.1,4.4,0.127,0.8,0.3,1.0,1.3,,,,,
96,1992,Sean Elliott,SF,23,SAS,82,82,38.0,6.3,12.7,0.494,0.3,1.0,0.305,6.0,11.7,0.51,0.506,3.5,4.0,0.861,1.7,3.6,5.4,2.6,1.0,0.4,1.9,1.8,16.3,14.4,0.564,0.079,0.318,5.0,10.3,7.7,10.0,1.3,0.6,11.4,18.1,5.0,3.4,8.4,0.13,0.4,0.0,0.5,1.9,,,,,
97,1992,Dale Ellis,SF,31,MIL,81,11,27.0,6.0,12.8,0.469,1.7,4.1,0.419,4.3,8.7,0.492,0.536,2.0,2.6,0.774,1.1,2.0,3.1,1.3,0.7,0.2,1.5,1.9,15.7,15.9,0.564,0.318,0.205,4.6,8.7,6.6,7.7,1.3,0.5,9.5,23.8,4.1,0.7,4.8,0.105,2.6,-2.1,0.5,1.4,,,,,
98,1992,LeRon Ellis,C,22,LAC,29,0,3.6,0.6,1.7,0.34,0.0,0.0,0.0,0.6,1.7,0.34,0.34,0.3,0.7,0.474,0.4,0.4,0.8,0.0,0.2,0.3,0.4,0.4,1.5,8.6,0.368,0.0,0.38,12.9,13.0,13.0,1.4,2.9,5.5,15.9,28.6,-0.4,0.2,-0.2,-0.1,-8.0,-1.3,-9.3,-0.2,,,,,
99,1992,Pervis Ellison,C,24,WSB,66,64,38.0,8.3,15.4,0.539,0.0,0.0,0.333,8.3,15.3,0.54,0.54,3.4,4.7,0.728,3.3,7.9,11.2,2.9,0.9,2.7,3.0,3.4,20.0,19.9,0.574,0.003,0.308,9.3,23.4,16.1,12.0,1.2,4.3,14.5,22.6,3.2,3.7,6.9,0.131,1.6,1.2,2.8,3.0,,,,,
100,1992,A.J. English,SG,24,WSB,81,6,20.6,4.5,10.4,0.433,0.1,0.4,0.176,4.4,10.0,0.443,0.436,1.8,2.2,0.841,0.9,1.2,2.1,1.8,0.4,0.1,1.1,2.0,10.9,12.5,0.48,0.04,0.208,4.8,6.3,5.5,13.7,0.9,0.3,8.8,25.6,0.1,0.7,0.9,0.025,-1.6,-2.2,-3.8,-0.8,,,,,
101,1992,Patrick Ewing,C,29,NYK,82,82,38.4,9.7,18.6,0.522,0.0,0.1,0.167,9.7,18.5,0.523,0.522,4.6,6.2,0.738,2.8,8.5,11.2,1.9,1.1,3.0,2.5,3.4,24.0,22.8,0.563,0.004,0.335,8.4,24.9,16.8,8.5,1.4,5.0,10.7,27.2,6.1,6.9,13.0,0.198,2.6,2.2,4.9,5.5,5.0,0.0,100.0,960.0,0.104
102,1992,Dave Feitl,C,29,NJN,34,0,5.1,1.0,2.3,0.429,0.0,0.0,0.0,1.0,2.3,0.429,0.429,0.5,0.6,0.842,0.6,1.2,1.8,0.2,0.1,0.1,0.6,0.6,2.4,11.9,0.48,0.0,0.247,12.3,25.1,18.4,5.0,0.6,1.0,18.2,23.9,-0.1,0.2,0.1,0.019,-4.5,-2.5,-7.0,-0.2,,,,,
103,1992,Duane Ferrell,SF,26,ATL,66,12,24.2,5.0,9.6,0.524,0.2,0.5,0.333,4.8,9.1,0.534,0.532,2.5,3.3,0.761,1.6,1.6,3.2,1.4,0.7,0.3,1.5,2.0,12.7,15.6,0.576,0.052,0.345,6.8,7.2,7.0,8.6,1.5,0.6,12.0,21.4,2.7,0.9,3.5,0.107,0.4,-1.2,-0.8,0.5,,,,,
104,1992,Danny Ferry,PF,25,CLE,68,1,13.8,2.0,4.8,0.409,0.3,0.7,0.354,1.7,4.1,0.418,0.434,0.9,1.1,0.836,0.8,2.4,3.1,1.1,0.3,0.2,0.7,2.0,5.1,11.2,0.48,0.146,0.223,6.6,18.3,12.7,11.1,1.2,0.9,11.3,18.9,0.3,1.0,1.3,0.067,-3.1,-0.7,-3.9,-0.4,,,,,
105,1992,Vern Fleming,PG,29,IND,82,6,21.2,3.6,7.4,0.482,0.1,0.3,0.222,3.5,7.1,0.494,0.487,1.6,2.2,0.737,0.8,1.7,2.5,3.2,0.7,0.1,1.7,1.6,8.9,12.7,0.527,0.044,0.293,4.7,8.5,6.7,21.7,1.6,0.2,16.9,20.0,1.1,0.9,2.0,0.055,-0.5,-1.3,-1.8,0.1,,,,,
106,1992,Sleepy Floyd,PG,31,HOU,82,3,20.3,3.5,8.6,0.406,0.5,1.5,0.301,3.0,7.1,0.429,0.433,1.6,2.1,0.794,0.4,1.4,1.8,2.9,0.7,0.3,1.6,1.6,9.1,12.1,0.478,0.175,0.241,2.3,7.6,5.0,22.1,1.7,0.7,14.1,23.7,-0.3,1.2,0.9,0.025,-1.7,-1.0,-2.7,-0.3,,,,,
107,1992,Greg Foster,PF,23,WSB,49,3,11.2,1.8,3.9,0.461,0.0,0.0,0.0,1.8,3.9,0.464,0.461,0.7,1.0,0.714,0.9,2.1,3.0,0.7,0.1,0.2,0.7,1.7,4.3,11.2,0.496,0.005,0.254,8.4,20.9,14.5,9.3,0.5,1.3,14.4,19.3,-0.1,0.5,0.5,0.043,-3.8,-1.0,-4.9,-0.4,,,,,
108,1992,Rick Fox,SF,22,BOS,81,5,19.0,3.0,6.5,0.459,0.3,0.9,0.329,2.7,5.6,0.479,0.481,1.7,2.3,0.755,0.9,1.8,2.7,1.6,1.0,0.4,1.5,2.8,8.0,12.2,0.531,0.133,0.35,5.5,10.1,7.9,11.1,2.5,1.2,16.9,20.4,0.4,1.9,2.3,0.073,-2.6,1.0,-1.6,0.2,,,,,
109,1992,Tellis Frank,PF,26,MIN,10,0,14.0,1.8,3.3,0.545,0.0,0.0,0.0,1.8,3.3,0.545,0.545,1.0,1.5,0.667,0.8,1.8,2.6,0.8,0.5,0.4,0.5,2.4,4.6,12.4,0.581,0.0,0.455,6.1,14.6,10.2,7.9,1.8,1.7,11.2,13.5,0.2,0.1,0.3,0.102,-2.0,1.3,-0.7,0.0,,,,,
110,1992,Anthony Frederick,SF,27,CHH,66,26,12.9,2.4,5.6,0.435,0.1,0.3,0.235,2.4,5.3,0.445,0.441,1.0,1.4,0.685,1.1,1.0,2.2,1.1,0.6,0.4,0.9,1.4,5.9,13.0,0.474,0.046,0.249,9.3,8.9,9.1,11.5,2.2,1.8,12.4,22.2,-0.1,0.6,0.5,0.028,-1.4,-0.9,-2.3,0.0,,,,,
111,1992,Kevin Gamble,SF,26,BOS,82,77,30.4,5.9,11.1,0.529,0.1,0.4,0.29,5.7,10.7,0.537,0.534,1.7,1.9,0.885,1.0,2.5,3.5,2.7,0.9,0.5,1.2,2.4,13.5,15.2,0.567,0.034,0.173,3.7,8.7,6.3,12.5,1.5,0.9,9.0,18.5,4.5,2.2,6.7,0.129,0.2,0.4,0.7,1.7,,,,,
112,1992,Winston Garland,PG,27,DEN,78,67,28.3,4.3,9.6,0.444,0.1,0.4,0.321,4.2,9.3,0.449,0.45,2.2,2.6,0.859,0.9,1.6,2.4,5.3,1.3,0.3,2.2,2.6,10.8,13.3,0.505,0.037,0.265,3.1,6.4,4.6,27.6,2.2,0.6,17.3,18.6,1.3,1.6,2.9,0.063,-0.8,-0.5,-1.3,0.4,,,,,
113,1992,Chris Gatling,PF,24,GSW,54,1,11.3,2.2,3.8,0.568,0.0,0.1,0.0,2.2,3.7,0.579,0.568,1.3,2.0,0.661,1.4,2.0,3.4,0.3,0.6,0.7,0.8,1.9,5.7,18.2,0.602,0.019,0.529,13.6,18.8,16.3,3.5,2.4,3.5,14.8,19.5,1.2,0.8,2.0,0.156,0.1,0.4,0.5,0.4,,,,,
114,1992,Kenny Gattison,PF,27,CHH,82,71,27.1,5.2,9.7,0.529,0.0,0.0,0.0,5.2,9.7,0.531,0.529,2.4,3.5,0.688,2.2,4.9,7.1,1.6,0.7,0.8,1.7,3.3,12.7,15.3,0.564,0.003,0.357,8.4,19.8,14.0,8.2,1.3,1.8,13.2,19.4,2.5,1.9,4.5,0.097,-0.7,-0.6,-1.3,0.4,,,,,
115,1992,Tate George,SG,23,NJN,70,2,14.8,2.4,5.5,0.427,0.0,0.1,0.167,2.3,5.4,0.432,0.429,1.2,1.5,0.821,0.5,1.0,1.5,2.3,0.6,0.0,1.2,1.4,6.0,11.8,0.483,0.016,0.275,3.6,7.3,5.4,21.7,1.9,0.2,15.9,19.9,0.4,0.7,1.1,0.05,-2.2,-0.8,-3.0,-0.3,,,,,
116,1992,Kendall Gill,SG,23,CHH,79,79,36.8,8.4,18.1,0.467,0.1,0.3,0.24,8.4,17.7,0.471,0.469,3.6,4.8,0.745,2.1,3.0,5.1,4.2,1.9,0.6,2.3,3.0,20.5,16.5,0.509,0.018,0.267,6.0,8.9,7.4,16.6,2.5,0.9,10.1,24.7,2.7,2.0,4.7,0.077,0.7,-0.4,0.4,1.7,,,,,
117,1992,Armen Gilliam,PF,27,PHI,81,81,34.2,6.3,12.4,0.511,0.0,0.0,0.0,6.3,12.3,0.513,0.511,4.2,5.2,0.807,2.9,5.3,8.1,1.5,0.6,1.0,2.0,2.2,16.9,18.0,0.575,0.002,0.425,9.7,17.5,13.6,6.8,0.9,1.9,12.3,21.5,5.3,2.3,7.6,0.131,1.3,-1.2,0.1,1.5,,,,,
118,1992,Gerald Glass,SF,24,MIN,75,41,24.3,5.1,11.6,0.44,0.2,0.7,0.296,4.9,10.9,0.449,0.449,1.0,1.7,0.616,1.4,2.0,3.5,2.3,0.9,0.4,1.4,2.3,11.5,13.2,0.464,0.062,0.144,6.3,9.6,7.9,15.0,1.8,1.0,10.0,24.0,-0.4,0.7,0.3,0.008,-0.9,-1.4,-2.3,-0.1,,,,,
119,1992,Mike Gminski,C,32,CHH,35,10,14.3,2.6,5.7,0.452,0.0,0.1,0.333,2.5,5.6,0.454,0.455,0.6,0.8,0.75,1.1,2.3,3.4,0.9,0.3,0.5,0.6,1.1,5.8,13.0,0.478,0.015,0.141,7.8,17.8,12.7,8.5,1.0,1.9,8.6,18.7,0.2,0.4,0.5,0.051,-0.9,-1.2,-2.0,0.0,,,,,
120,1992,Dan Godfread,C,24,HOU,1,0,2.0,0.0,0.0,0.0,0.0,0.0,0.0,0.0,0.0,0.0,0.0,0.0,0.0,0.0,0.0,0.0,0.0,0.0,0.0,0.0,0.0,0.0,0.0,0.0,0.0,0.0,0.0,0.0,0.0,0.0,0.0,0.0,0.0,0.0,0.0,0.0,0.0,0.0,-0.005,-4.3,-4.8,-9.1,0.0,,,,,
121,1992,Paul Graham,SG,24,ATL,78,9,22.0,3.9,8.7,0.447,0.7,1.8,0.39,3.2,6.9,0.462,0.488,1.6,2.2,0.741,0.9,2.0,3.0,2.2,1.2,0.3,1.2,2.5,10.1,14.7,0.523,0.207,0.249,4.4,10.1,7.1,14.6,2.7,0.7,10.7,20.4,1.9,1.7,3.6,0.1,-0.6,0.8,0.3,1.0,,,,,
122,1992,Ron Grandison,PF,27,CHH,3,0,8.3,0.7,1.3,0.5,0.0,0.0,0.0,0.7,1.3,0.5,0.5,2.0,3.3,0.6,1.0,2.7,3.7,0.3,0.3,0.3,1.0,1.3,3.3,14.6,0.595,0.0,2.5,12.7,35.0,23.7,4.8,1.9,2.3,26.3,18.4,0.0,0.0,0.0,0.09,-2.9,0.6,-2.3,0.0,,,,,
123,1992,Gary Grant,PG,26,LAC,78,53,26.3,3.5,7.6,0.462,0.2,0.7,0.294,3.3,7.0,0.478,0.475,0.6,0.7,0.815,0.4,1.9,2.4,6.9,1.8,0.2,2.4,2.3,7.8,13.4,0.492,0.086,0.091,1.8,8.2,5.0,37.0,3.3,0.4,23.2,16.7,0.0,2.9,3.0,0.069,-1.0,1.3,0.2,1.1,,,,,
124,1992,Harvey Grant,SF,26,WSB,64,60,37.3,7.6,16.0,0.478,0.0,0.1,0.125,7.6,15.8,0.481,0.479,2.8,3.4,0.8,2.5,4.3,6.8,2.7,1.2,0.4,1.7,2.8,18.0,15.3,0.516,0.008,0.215,7.0,12.9,9.9,11.1,1.5,0.7,8.9,21.7,2.3,2.0,4.3,0.087,0.4,-0.8,-0.4,1.0,,,,,
125,1992,Horace Grant,PF,26,CHI,81,81,35.3,5.6,9.8,0.578,0.0,0.0,0.0,5.6,9.7,0.58,0.578,2.9,3.9,0.741,4.2,5.7,10.0,2.7,1.2,1.6,1.2,2.4,14.2,20.6,0.618,0.003,0.401,14.3,18.2,16.3,10.0,1.8,2.9,9.5,15.5,9.1,5.0,14.1,0.237,3.9,1.4,5.3,5.2,,,,,
126,1992,Jeff Grayer,SG,26,MIL,82,11,20.2,3.8,8.4,0.448,0.2,0.8,0.288,3.5,7.6,0.465,0.462,1.2,1.9,0.667,1.6,1.6,3.1,1.8,0.8,0.2,1.3,1.7,9.0,13.3,0.489,0.096,0.222,8.5,9.2,8.9,13.9,1.9,0.5,12.2,21.7,1.0,0.8,1.8,0.052,-0.4,-1.5,-1.9,0.0,,,,,
127,1992,A.C. Green,PF,28,LAL,82,53,35.4,4.7,9.8,0.476,0.1,0.7,0.214,4.5,9.1,0.495,0.483,4.1,5.6,0.744,3.7,5.6,9.3,1.4,1.1,0.4,1.4,1.7,13.6,16.7,0.556,0.07,0.569,11.8,18.2,14.9,6.0,1.6,0.8,10.0,16.8,5.8,2.9,8.8,0.145,1.7,-1.0,0.7,2.0,,,,,
128,1992,Rickey Green,PG,37,BOS,26,0,14.1,1.8,4.0,0.447,0.0,0.2,0.25,1.7,3.8,0.455,0.451,0.5,0.7,0.722,0.1,0.8,0.9,2.6,0.7,0.0,0.7,1.1,4.1,11.4,0.478,0.039,0.175,0.9,6.0,3.6,24.1,2.3,0.2,14.0,15.1,0.2,0.3,0.5,0.068,-2.4,0.3,-2.1,0.0,,,,,
129,1992,Sean Green,SG,21,IND,35,0,7.3,1.8,4.5,0.392,0.1,0.3,0.2,1.7,4.2,0.405,0.399,0.4,0.8,0.536,0.6,0.6,1.2,0.6,0.4,0.2,0.8,0.9,4.0,9.9,0.414,0.063,0.177,10.1,8.2,9.1,13.5,2.5,1.4,13.7,32.3,-0.7,0.2,-0.5,-0.087,-5.3,-2.7,-7.9,-0.4,,,,,
130,1992,Sidney Green,PF,31,SAS,80,1,14.1,1.8,4.3,0.427,0.0,0.0,0.0,1.8,4.3,0.427,0.427,0.9,1.1,0.82,1.2,3.1,4.3,0.5,0.4,0.1,0.8,1.9,4.6,10.5,0.479,0.0,0.259,9.0,24.0,16.6,4.4,1.3,0.6,13.9,16.6,0.0,1.9,1.9,0.079,-3.6,-0.3,-3.9,-0.6,,,,,
131,1992,Jack Haley,C,28,LAL,49,9,8.0,0.6,1.7,0.369,0.0,0.0,0.0,0.6,1.7,0.369,0.369,0.3,0.6,0.483,0.6,1.3,1.9,0.1,0.1,0.2,0.5,1.5,1.6,3.6,0.393,0.0,0.345,8.8,18.8,13.7,2.5,0.9,1.2,20.5,13.5,-0.7,0.4,-0.3,-0.034,-8.2,-2.2,-10.4,-0.8,,,,,
132,1992,Tom Hammonds,PF,24,WSB,37,19,26.6,5.3,10.8,0.488,0.0,0.0,0.0,5.3,10.8,0.489,0.488,1.4,2.2,0.61,1.3,3.7,5.0,1.0,0.6,0.4,1.6,3.2,11.9,11.2,0.504,0.003,0.205,5.3,15.5,10.3,5.6,1.1,0.8,11.7,21.2,-0.3,0.9,0.6,0.027,-3.0,-1.0,-3.9,-0.5,,,,,
133,1992,Tim Hardaway,PG,25,GSW,81,81,41.1,9.1,19.7,0.461,1.6,4.6,0.338,7.5,15.0,0.499,0.501,3.7,4.8,0.766,1.0,2.8,3.8,10.0,2.0,0.2,3.3,2.6,23.4,19.1,0.537,0.236,0.244,2.7,7.4,5.1,33.3,2.3,0.2,13.2,24.4,7.2,2.0,9.2,0.132,3.9,-1.1,2.8,4.1,8.0,0.0,64.0,960.0,0.067
134,1992,Derek Harper,PG,30,DAL,65,64,34.6,6.9,15.6,0.443,0.9,2.9,0.312,6.0,12.7,0.473,0.472,3.0,4.0,0.759,0.8,1.9,2.6,5.7,1.6,0.3,2.4,2.3,17.7,16.7,0.512,0.184,0.258,2.2,5.9,4.0,28.0,2.3,0.5,12.0,24.4,2.3,1.2,3.5,0.075,1.6,-0.5,1.1,1.8,,,,,
135,1992,Ron Harper,SG,28,LAC,82,82,38.3,6.9,15.8,0.44,0.8,2.6,0.303,6.2,13.2,0.467,0.465,3.6,4.9,0.736,1.5,4.0,5.5,5.1,1.9,0.9,3.1,2.4,18.2,15.4,0.51,0.163,0.308,4.2,11.6,7.9,20.0,2.4,1.4,14.7,23.3,1.1,4.4,5.6,0.085,0.6,1.0,1.6,2.8,,,,,
136,1992,Scott Hastings,C,31,DEN,40,4,10.5,0.4,1.3,0.34,0.0,0.2,0.0,0.4,1.0,0.415,0.34,0.6,0.7,0.857,0.8,1.7,2.5,0.7,0.3,0.4,0.6,1.4,1.5,7.1,0.465,0.18,0.56,7.3,18.5,12.5,7.9,1.2,2.2,26.1,8.1,-0.1,0.4,0.3,0.04,-4.5,0.5,-3.9,-0.2,,,,,
137,1992,Hersey Hawkins,SG,25,PHI,81,81,37.2,6.4,13.9,0.462,1.1,2.8,0.397,5.3,11.1,0.479,0.503,5.0,5.7,0.874,0.7,2.7,3.3,3.1,1.9,0.5,2.3,2.1,19.0,17.0,0.578,0.203,0.409,2.0,8.2,5.1,13.0,2.7,0.9,12.4,22.1,5.4,2.4,7.8,0.124,1.3,0.5,1.8,2.9,,,,,
138,1992,Steve Henson,PG,23,MIL,50,1,7.7,1.0,2.9,0.361,0.5,1.0,0.479,0.6,1.9,0.302,0.441,0.5,0.6,0.793,0.3,0.5,0.8,1.6,0.3,0.0,0.8,1.0,3.0,11.1,0.478,0.333,0.201,4.8,7.4,6.1,30.3,2.0,0.2,20.3,21.4,0.1,0.2,0.2,0.028,-0.8,-2.1,-2.9,-0.1,,,,,
139,1992,Carl Herrera,PF,25,HOU,43,7,13.2,1.9,3.7,0.516,0.0,0.0,0.0,1.9,3.7,0.519,0.516,0.6,1.0,0.568,0.8,1.5,2.3,0.6,0.4,0.6,0.9,1.4,4.4,10.9,0.529,0.006,0.273,6.7,12.7,9.7,7.1,1.4,2.6,17.0,16.7,-0.1,0.6,0.5,0.045,-3.0,0.0,-3.0,-0.1,,,,,
140,1992,Rod Higgins,SF,32,GSW,25,6,21.4,3.5,8.4,0.412,1.3,3.8,0.347,2.2,4.6,0.466,0.491,1.9,2.4,0.814,1.2,2.2,3.4,0.9,0.6,0.5,0.6,3.0,10.2,13.4,0.538,0.45,0.28,6.2,11.0,8.7,5.2,1.3,1.4,6.0,18.9,1.0,0.3,1.3,0.121,0.8,-0.9,-0.1,0.3,,,,,
141,1992,Tyrone Hill,C,23,GSW,82,75,23.0,3.1,5.9,0.522,0.0,0.0,0.0,3.1,5.9,0.523,0.522,2.0,2.9,0.694,2.2,5.0,7.2,0.6,0.9,0.5,1.3,3.8,8.2,12.8,0.568,0.002,0.483,10.7,23.4,17.2,3.1,1.8,1.3,15.2,14.8,2.1,2.3,4.5,0.114,-1.7,-0.5,-2.2,-0.1,,,,,
142,1992,Donald Hodge,PF,22,DAL,51,27,20.7,3.2,6.4,0.497,0.0,0.0,0.0,3.2,6.4,0.497,0.497,2.0,2.9,0.667,2.3,3.1,5.4,0.8,0.5,0.5,1.5,2.5,8.4,13.8,0.541,0.0,0.457,11.5,16.3,13.8,5.8,1.2,1.3,16.0,19.1,0.7,0.8,1.5,0.069,-1.3,-1.2,-2.5,-0.1,,,,,
143,1992,Craig Hodges,SG,31,CHI,56,2,9.9,1.7,4.3,0.384,0.6,1.7,0.375,1.0,2.6,0.39,0.459,0.3,0.3,0.941,0.1,0.3,0.4,1.0,0.3,0.0,0.4,0.6,4.3,10.4,0.477,0.397,0.07,1.5,3.5,2.5,13.0,1.3,0.1,8.1,21.1,0.3,0.5,0.8,0.068,-1.2,-1.9,-3.1,-0.2,,,,,
144,1992,Dave Hoppen,C,27,PHI,11,0,3.6,0.2,0.6,0.286,0.0,0.0,0.0,0.2,0.6,0.286,0.286,0.5,0.9,0.5,0.1,0.8,0.9,0.2,0.0,0.0,0.3,0.5,0.8,2.7,0.395,0.0,1.429,2.9,25.5,14.3,6.6,0.0,0.0,20.8,15.8,-0.1,0.0,-0.1,-0.071,-7.1,-2.0,-9.1,-0.1,,,,,
145,1992,Jeff Hornacek,SG,28,PHO,81,81,38.0,7.8,15.3,0.512,1.0,2.3,0.439,6.8,13.0,0.525,0.546,3.4,3.9,0.886,1.3,3.7,5.0,5.1,2.0,0.4,2.1,2.7,20.1,18.9,0.592,0.152,0.254,4.0,10.3,7.3,19.3,2.5,0.6,11.0,20.9,7.8,3.8,11.6,0.181,3.0,1.3,4.3,4.9,,,,,
146,1992,Brian Howard,SF,24,DAL,27,0,11.8,2.0,3.9,0.519,0.0,0.1,0.5,2.0,3.8,0.52,0.524,0.8,1.1,0.71,0.6,1.3,1.9,0.5,0.4,0.3,0.6,2.0,4.9,13.0,0.557,0.019,0.298,5.5,11.7,8.5,7.1,1.8,1.5,11.3,17.9,0.4,0.2,0.6,0.09,-2.1,0.2,-1.8,0.0,,,,,
147,1992,Jay Humphries,PG,29,MIL,71,71,31.8,5.3,11.3,0.469,0.6,2.0,0.292,4.7,9.3,0.508,0.496,2.7,3.5,0.783,0.6,2.0,2.6,6.6,1.7,0.2,2.1,3.0,14.0,16.5,0.543,0.179,0.31,2.1,7.4,4.7,30.8,2.6,0.4,14.0,19.6,4.4,1.4,5.8,0.123,1.2,-0.2,1.1,1.7,,,,,
148,1992,Cedric Hunter,PG,27,CHH,1,0,1.0,0.0,0.0,0.0,0.0,0.0,0.0,0.0,0.0,0.0,0.0,0.0,0.0,0.0,0.0,0.0,0.0,0.0,0.0,0.0,0.0,0.0,0.0,0.0,0.0,0.0,0.0,0.0,0.0,0.0,0.0,0.0,0.0,0.0,0.0,0.0,0.0,0.0,-0.017,-4.8,-1.5,-6.3,0.0,,,,,
149,1992,Mike Iuzzolino,PG,24,DAL,52,21,24.6,3.1,6.8,0.451,1.1,2.6,0.434,1.9,4.2,0.461,0.534,2.1,2.5,0.836,0.5,1.4,1.9,3.7,0.6,0.0,1.8,1.5,9.3,13.3,0.591,0.383,0.361,2.2,6.1,4.1,22.8,1.3,0.0,18.3,16.9,1.8,0.3,2.2,0.081,0.6,-1.7,-1.1,0.3,,,,,
150,1992,Jaren Jackson,SG,24,GSW,5,0,10.8,2.2,4.6,0.478,0.0,0.0,0.0,2.2,4.6,0.478,0.478,0.8,1.2,0.667,1.0,1.0,2.0,0.6,0.4,0.0,0.8,1.4,5.2,12.2,0.507,0.0,0.261,10.3,9.9,10.1,7.5,1.7,0.0,13.5,22.0,0.0,0.0,0.1,0.046,-2.2,-1.6,-3.8,0.0,,,,,
151,1992,Mark Jackson,PG,26,NYK,81,81,30.4,4.5,9.2,0.491,0.1,0.5,0.256,4.4,8.7,0.506,0.499,2.1,2.7,0.77,1.2,2.6,3.8,8.6,1.4,0.2,2.6,1.9,11.3,17.8,0.542,0.058,0.297,4.5,9.7,7.1,41.2,2.4,0.3,20.0,18.7,4.1,3.5,7.6,0.149,2.7,0.9,3.6,3.5,,,,,
152,1992,Dave Jamerson,SG,24,HOU,48,0,7.9,1.6,4.0,0.414,0.2,0.6,0.286,1.5,3.4,0.436,0.435,0.5,0.6,0.926,0.5,0.4,0.9,0.7,0.4,0.0,0.5,0.8,4.0,12.6,0.471,0.147,0.141,6.6,6.0,6.3,14.2,2.3,0.0,10.6,26.1,-0.1,0.3,0.2,0.029,-2.3,-1.1,-3.4,-0.1,,,,,
153,1992,Henry James,SF,26,CLE,65,5,13.3,2.5,6.2,0.407,0.4,1.4,0.322,2.1,4.8,0.431,0.443,0.9,1.2,0.803,0.5,1.2,1.7,0.4,0.2,0.2,0.7,1.4,6.4,10.0,0.479,0.223,0.189,4.7,9.6,7.2,4.3,0.9,0.7,9.0,24.1,-0.3,0.5,0.3,0.015,-3.5,-3.0,-6.5,-1.0,,,,,
154,1992,Les Jepsen,C,24,SAC,31,0,2.8,0.3,0.8,0.375,0.0,0.0,0.0,0.3,0.7,0.391,0.375,0.2,0.4,0.636,0.4,0.6,1.0,0.0,0.0,0.2,0.1,0.5,0.8,10.1,0.433,0.042,0.458,14.8,22.4,18.6,1.6,0.6,3.3,9.4,15.3,0.0,0.1,0.1,0.057,-4.5,-2.0,-6.5,-0.1,,,,,
155,1992,Buck Johnson,SF,28,HOU,80,69,27.5,3.6,7.9,0.458,0.0,0.1,0.111,3.6,7.8,0.463,0.459,1.3,1.8,0.727,1.2,2.7,3.9,2.0,0.9,0.6,1.3,2.9,8.6,10.0,0.492,0.014,0.226,4.9,10.7,7.9,10.4,1.7,1.3,13.0,15.8,0.3,2.0,2.3,0.05,-3.0,0.3,-2.7,-0.4,,,,,
156,1992,Eddie Johnson,SF,32,SEA,81,19,29.2,6.6,14.4,0.459,0.3,1.3,0.252,6.3,13.0,0.48,0.47,3.6,4.2,0.861,1.5,2.1,3.6,2.0,0.7,0.1,1.6,2.5,17.1,16.1,0.528,0.092,0.29,5.6,8.6,7.1,10.9,1.2,0.3,9.0,25.6,4.5,1.1,5.6,0.114,1.2,-1.9,-0.7,0.8,,,,,
157,1992,Kevin Johnson,PG,25,PHO,78,78,37.2,6.9,14.4,0.479,0.1,0.6,0.217,6.8,13.8,0.49,0.484,5.7,7.1,0.807,0.8,3.0,3.7,10.7,1.5,0.3,3.5,2.3,19.7,19.9,0.561,0.041,0.493,2.4,8.4,5.5,40.6,1.9,0.5,16.6,23.6,7.0,2.9,10.0,0.165,3.8,-0.4,3.5,4.0,15.0,0.0,2.0,960.0,0.002
158,1992,Larry Johnson,PF,22,CHH,82,77,37.2,7.5,15.3,0.49,0.1,0.3,0.227,7.5,15.1,0.494,0.492,4.1,5.0,0.829,3.9,7.0,11.0,3.6,1.0,0.6,2.0,2.7,19.2,18.9,0.548,0.017,0.325,11.2,20.7,15.9,13.5,1.3,1.0,10.0,21.2,6.4,2.5,8.9,0.14,2.4,-1.0,1.4,2.6,,,,,
159,1992,Vinnie Johnson,SG,35,SAS,60,23,22.5,3.4,8.3,0.405,0.3,1.0,0.317,3.1,7.3,0.417,0.424,0.9,1.4,0.647,1.1,1.9,3.0,2.4,0.7,0.2,1.2,1.6,8.0,10.4,0.446,0.12,0.17,5.5,9.2,7.4,15.3,1.5,0.6,12.1,19.1,-0.3,1.5,1.2,0.042,-2.0,-0.4,-2.4,-0.1,,,,,
160,1992,Charles Jones,C,34,WSB,75,32,18.2,0.4,1.2,0.367,0.0,0.0,0.0,0.4,1.2,0.367,0.367,0.3,0.5,0.5,1.4,2.8,4.2,0.8,0.6,1.2,0.5,2.9,1.1,6.8,0.4,0.0,0.444,8.2,17.4,12.7,5.5,1.5,4.1,26.6,4.5,0.0,1.8,1.8,0.063,-4.8,2.2,-2.6,-0.2,,,,,
161,1992,Michael Jordan,SG,28,CHI,80,80,38.8,11.8,22.7,0.519,0.3,1.3,0.27,11.5,21.5,0.533,0.526,6.1,7.4,0.832,1.1,5.3,6.4,6.1,2.3,0.9,2.5,2.5,30.1,27.7,0.579,0.055,0.325,3.5,15.3,9.5,25.7,3.0,1.5,8.8,31.7,12.1,5.6,17.7,0.274,7.2,2.5,9.7,9.2,1.0,80.0,900.0,960.0,0.938
162,1992,Shawn Kemp,PF,22,SEA,64,23,28.3,5.7,11.2,0.504,0.0,0.0,0.0,5.7,11.2,0.506,0.504,4.2,5.6,0.748,4.1,6.3,10.4,1.3,1.1,1.9,2.4,4.1,15.5,21.6,0.567,0.004,0.503,16.5,26.1,21.2,7.3,1.9,4.4,15.1,24.0,3.6,3.0,6.7,0.177,1.6,0.3,1.9,1.8,,,,,
163,1992,Steve Kerr,PG,26,CLE,48,20,17.6,2.5,4.9,0.511,0.7,1.5,0.432,1.9,3.4,0.546,0.578,0.9,1.1,0.833,0.3,1.3,1.6,2.3,0.6,0.2,0.6,0.6,6.6,15.3,0.612,0.312,0.228,1.9,8.1,5.1,18.0,1.6,0.7,10.6,15.0,1.8,0.6,2.4,0.138,1.8,-0.1,1.7,0.8,,,,,
164,1992,Jerome Kersey,SF,29,POR,77,76,33.2,5.2,11.1,0.467,0.0,0.1,0.125,5.2,11.0,0.47,0.468,2.3,3.4,0.664,3.1,5.1,8.2,3.2,1.5,0.9,2.0,3.3,12.6,14.7,0.502,0.009,0.308,10.3,16.7,13.5,13.3,2.2,1.7,13.5,17.8,2.4,4.4,6.8,0.128,0.2,1.6,1.7,2.4,,,,,
165,1992,Alec Kessler,PF,25,MIA,77,4,15.5,2.1,5.0,0.413,0.0,0.0,0.0,2.1,5.0,0.413,0.413,1.2,1.5,0.817,1.5,2.6,4.1,0.4,0.2,0.4,0.8,2.4,5.3,10.2,0.473,0.0,0.3,10.5,18.9,14.6,4.1,0.7,1.6,11.8,17.2,0.3,0.9,1.2,0.049,-3.8,-1.7,-5.4,-1.0,,,,,
166,1992,Bo Kimble,SG,25,LAC,34,0,8.1,1.3,3.3,0.396,0.1,0.4,0.308,1.2,2.9,0.408,0.414,0.6,0.9,0.645,0.4,0.6,0.9,0.5,0.3,0.2,0.4,1.1,3.3,9.1,0.449,0.117,0.279,5.2,7.7,6.4,9.0,1.8,1.4,10.7,21.4,-0.2,0.3,0.1,0.023,-3.9,-0.1,-4.0,-0.1,,,,,
167,1992,Albert King,SF,32,WSB,6,0,9.8,1.8,5.0,0.367,0.3,1.2,0.286,1.5,3.8,0.391,0.4,1.2,1.3,0.875,0.2,1.7,1.8,0.8,0.5,0.0,0.3,1.2,5.2,14.3,0.462,0.233,0.267,1.8,19.0,10.2,12.8,2.5,0.0,5.6,25.4,0.0,0.1,0.1,0.072,0.0,2.8,2.8,0.1,,,,,
168,1992,Rich King,C,22,SEA,40,2,5.3,0.7,1.8,0.38,0.0,0.0,0.0,0.7,1.8,0.386,0.38,0.9,1.1,0.756,0.5,0.7,1.2,0.3,0.1,0.1,0.5,1.1,2.2,10.1,0.485,0.014,0.634,10.6,16.0,13.3,7.8,0.9,1.5,16.5,21.5,0.0,0.2,0.2,0.046,-4.8,-1.7,-6.5,-0.2,,,,,
169,1992,Stacey King,PF,25,CHI,79,12,16.1,2.7,5.4,0.506,0.0,0.1,0.4,2.7,5.3,0.507,0.508,1.5,2.0,0.753,1.1,1.5,2.6,1.0,0.3,0.3,1.0,1.6,7.0,13.4,0.557,0.012,0.372,8.1,10.5,9.3,8.1,0.8,1.2,13.3,19.4,1.7,1.4,3.1,0.118,-0.6,-0.9,-1.5,0.1,,,,,
170,1992,Greg Kite,C,30,ORL,72,44,20.5,1.3,3.0,0.437,0.0,0.0,0.0,1.3,3.0,0.439,0.437,0.6,0.9,0.588,2.2,3.4,5.6,0.6,0.4,0.8,0.8,2.9,3.2,7.7,0.465,0.005,0.316,11.5,19.1,15.2,3.9,1.0,2.4,19.9,8.6,0.1,1.3,1.4,0.045,-3.9,0.4,-3.5,-0.6,,,,,
171,1992,Joe Kleine,C,30,BOS,70,3,14.2,2.1,4.2,0.491,0.1,0.1,0.5,2.0,4.1,0.491,0.498,0.5,0.7,0.708,1.3,2.9,4.2,0.5,0.3,0.2,0.4,1.4,4.7,13.5,0.519,0.027,0.164,10.9,21.4,16.4,4.3,1.2,0.8,7.9,14.8,1.2,1.3,2.6,0.124,-0.8,-0.6,-1.3,0.2,,,,,
172,1992,Negele Knight,PG,24,PHO,42,1,15.0,2.5,5.2,0.475,0.1,0.3,0.308,2.4,4.9,0.485,0.484,0.8,1.1,0.688,0.4,0.7,1.1,2.7,0.6,0.1,1.4,1.4,5.8,11.1,0.51,0.06,0.221,2.9,5.0,4.0,24.2,1.8,0.3,19.6,19.5,0.0,0.5,0.5,0.04,-1.9,-0.7,-2.6,-0.1,,,,,
173,1992,Bart Kofoed,SG,27,SEA,44,0,5.4,0.6,1.2,0.472,0.0,0.2,0.143,0.5,1.0,0.522,0.481,0.3,0.6,0.577,0.1,0.5,0.6,1.2,0.0,0.0,0.5,0.6,1.5,9.8,0.512,0.132,0.491,2.8,9.8,6.3,28.6,0.4,0.5,23.7,14.9,0.1,0.1,0.2,0.036,-1.6,-1.5,-3.2,-0.1,,,,,
174,1992,Jon Koncak,C,28,ATL,77,14,19.3,1.4,3.7,0.391,0.0,0.2,0.0,1.4,3.5,0.408,0.391,0.2,0.4,0.655,0.8,2.6,3.4,1.7,0.6,0.9,0.7,2.7,3.1,7.4,0.406,0.042,0.102,4.3,14.5,9.3,11.0,1.6,2.7,15.4,9.7,-0.5,1.6,1.1,0.034,-4.5,2.1,-2.4,-0.1,,,,,
175,1992,Larry Krystkowiak,PF,27,MIL,79,16,23.4,3.7,8.4,0.444,0.0,0.1,0.0,3.7,8.3,0.447,0.444,1.6,2.1,0.757,1.7,3.8,5.4,1.4,0.7,0.2,1.5,2.8,9.0,11.4,0.486,0.008,0.256,7.8,19.2,13.3,9.1,1.5,0.4,13.5,19.3,0.4,1.4,1.8,0.046,-2.8,-1.3,-4.0,-0.9,,,,,
176,1992,Bill Laimbeer,C,34,DET,81,46,27.6,4.2,9.0,0.47,0.4,1.0,0.376,3.8,7.9,0.483,0.492,0.8,0.9,0.893,1.3,4.3,5.6,2.0,0.6,0.7,1.3,2.8,9.7,12.6,0.515,0.117,0.103,5.3,17.4,11.4,11.0,1.2,1.5,11.8,16.9,1.6,3.3,4.9,0.105,-1.5,1.5,0.0,1.1,,,,,
177,1992,Andrew Lang,C,25,PHO,81,71,24.3,3.1,5.9,0.522,0.0,0.0,0.0,3.1,5.9,0.523,0.522,1.6,2.0,0.768,2.1,4.6,6.7,0.5,0.6,2.5,1.1,3.8,7.7,13.8,0.568,0.002,0.345,10.0,20.1,15.3,2.8,1.2,5.9,13.7,13.4,2.2,3.5,5.7,0.14,-1.9,2.2,0.3,1.1,,,,,
178,1992,Eric Leckner,C,25,CHH,59,2,12.1,1.3,2.6,0.513,0.0,0.0,0.0,1.3,2.6,0.516,0.513,0.6,0.9,0.745,0.8,2.7,3.5,0.5,0.2,0.3,0.7,1.9,3.3,9.4,0.555,0.006,0.331,7.2,24.0,15.5,5.4,0.6,1.5,18.1,12.2,0.3,0.6,0.9,0.06,-3.9,-0.6,-4.5,-0.5,,,,,
179,1992,Doug Lee,SG,27,NJN,46,0,6.7,1.1,2.5,0.431,0.2,0.8,0.27,0.9,1.7,0.506,0.474,0.2,0.4,0.526,0.4,0.4,0.8,0.5,0.2,0.0,0.3,0.8,2.6,10.4,0.482,0.319,0.164,5.7,6.4,6.0,10.0,1.8,0.2,8.8,17.8,0.3,0.2,0.4,0.067,-2.5,-1.0,-3.4,-0.1,,,,,
180,1992,Gary Leonard,C,24,ATL,5,0,2.6,0.8,1.2,0.667,0.0,0.0,0.0,0.8,1.2,0.667,0.667,0.4,0.4,1.0,0.6,0.4,1.0,0.2,0.2,0.0,0.2,0.6,2.0,32.4,0.727,0.0,0.333,24.0,16.7,20.4,13.5,3.8,0.0,12.7,25.0,0.1,0.0,0.1,0.355,5.6,0.8,6.4,0.0,,,,,
181,1992,Jim Les,PG,28,SAC,62,5,11.5,1.2,3.1,0.385,0.7,2.1,0.344,0.5,1.0,0.475,0.503,0.6,0.8,0.809,0.2,0.8,1.0,2.3,0.5,0.0,0.7,0.9,3.7,12.8,0.543,0.682,0.245,1.7,7.9,4.8,27.1,2.1,0.2,16.5,14.9,0.9,0.4,1.3,0.086,-0.2,-0.4,-0.6,0.3,,,,,
182,1992,Fat Lever,SG,31,DAL,31,5,28.5,4.4,11.3,0.387,0.5,1.7,0.327,3.8,9.6,0.397,0.411,1.9,2.6,0.75,1.8,3.4,5.2,3.5,1.5,0.4,1.2,2.4,11.2,14.9,0.452,0.149,0.229,6.5,13.1,9.7,19.0,2.6,0.8,8.6,20.4,0.5,0.8,1.3,0.07,-0.1,1.1,1.0,0.7,,,,,
183,1992,Cliff Levingston,PF,31,CHI,79,0,12.9,1.6,3.2,0.498,0.0,0.1,0.167,1.6,3.1,0.506,0.5,0.8,1.2,0.625,1.4,1.5,2.9,0.8,0.3,0.6,0.5,1.7,3.9,13.1,0.53,0.024,0.382,12.7,13.0,12.9,8.1,1.3,2.8,12.5,14.2,1.5,1.5,2.9,0.139,-0.8,0.7,-0.1,0.5,,,,,
184,1992,Reggie Lewis,SG,26,BOS,82,82,37.4,8.6,17.0,0.503,0.1,0.3,0.238,8.5,16.8,0.507,0.505,3.6,4.2,0.851,1.4,3.4,4.8,2.3,1.5,1.3,1.7,3.1,20.8,17.9,0.55,0.015,0.246,4.4,9.5,7.1,9.0,2.0,2.0,8.1,23.6,5.6,3.5,9.1,0.143,1.3,1.0,2.3,3.3,,,,,
185,1992,Marcus Liberty,SF,23,DEN,75,13,20.4,3.7,8.3,0.443,0.2,0.7,0.34,3.4,7.6,0.452,0.457,1.7,2.4,0.728,1.9,2.2,4.1,0.8,0.9,0.4,1.2,2.2,9.3,14.1,0.498,0.081,0.29,9.6,12.3,10.9,5.9,2.1,1.2,11.4,21.0,1.0,1.5,2.4,0.076,-0.9,-0.8,-1.7,0.1,,,,,
186,1992,Todd Lichti,SG,25,DEN,68,10,17.3,2.5,5.5,0.46,0.0,0.1,0.111,2.5,5.4,0.469,0.461,1.5,1.7,0.839,0.5,1.2,1.7,1.1,0.6,0.2,1.1,1.9,6.6,10.4,0.521,0.024,0.314,3.1,8.0,5.4,9.3,1.8,0.6,14.4,17.3,0.5,0.8,1.3,0.053,-3.4,-0.3,-3.8,-0.5,,,,,
187,1992,Alton Lister,C,33,GSW,26,12,11.3,1.7,3.0,0.557,0.0,0.0,0.0,1.7,3.0,0.557,0.557,0.5,1.3,0.424,0.8,2.7,3.5,0.5,0.2,0.6,0.8,2.3,3.9,11.2,0.545,0.0,0.418,8.0,26.0,17.2,6.0,0.8,3.2,17.6,15.5,0.1,0.4,0.4,0.071,-3.3,0.8,-2.5,0.0,,,,,
188,1992,Brad Lohaus,PF,27,MIL,70,8,15.4,2.3,5.1,0.45,0.8,2.1,0.396,1.5,3.1,0.486,0.529,0.4,0.6,0.659,0.9,2.6,3.6,1.1,0.6,1.0,0.7,2.1,5.8,15.0,0.54,0.4,0.114,6.6,20.3,13.2,10.0,1.9,4.1,10.8,16.4,1.4,1.3,2.7,0.119,0.6,1.4,1.9,1.1,,,,,
189,1992,Grant Long,PF,25,MIA,82,82,37.4,5.4,10.9,0.494,0.1,0.3,0.273,5.3,10.6,0.5,0.498,4.0,4.9,0.807,3.2,5.3,8.4,2.7,1.7,0.5,2.3,3.0,14.8,15.8,0.568,0.025,0.454,9.3,16.0,12.6,10.8,2.2,0.8,14.8,17.1,4.9,2.8,7.7,0.12,0.7,0.3,1.0,2.3,,,,,
190,1992,Luc Longley,C,23,MIN,66,3,15.0,1.7,3.8,0.458,0.0,0.0,0.0,1.7,3.8,0.458,0.458,0.8,1.2,0.663,1.0,2.9,3.9,0.8,0.5,1.0,1.3,2.4,4.3,10.1,0.494,0.0,0.321,7.2,21.8,14.3,7.3,1.8,3.9,22.6,15.8,-0.9,1.1,0.2,0.009,-5.1,0.8,-4.4,-0.6,,,,,
191,1992,Kevin Lynch,SG,23,CHH,55,3,14.9,1.7,4.1,0.417,0.1,0.1,0.375,1.6,3.9,0.419,0.424,0.6,0.8,0.761,0.5,1.0,1.5,1.5,0.7,0.2,0.8,1.9,4.1,7.7,0.46,0.036,0.206,3.9,7.3,5.6,12.7,2.1,0.6,15.3,14.2,-0.3,0.4,0.2,0.011,-4.5,-0.2,-4.7,-0.6,,,,,
192,1992,Mark Macon,SG,22,DEN,76,67,30.3,4.4,11.7,0.375,0.1,0.4,0.133,4.3,11.3,0.383,0.377,1.8,2.4,0.73,1.1,1.8,2.9,2.2,2.0,0.2,2.0,3.2,10.6,8.3,0.415,0.034,0.208,3.5,6.9,5.1,10.7,3.3,0.4,13.8,19.8,-3.1,2.3,-0.8,-0.016,-5.2,0.8,-4.4,-1.4,,,,,
193,1992,Dan Majerle,SF,26,PHO,82,15,34.8,6.7,14.1,0.478,1.1,2.8,0.382,5.7,11.3,0.502,0.516,2.8,3.7,0.756,1.8,4.1,5.9,3.3,1.6,0.5,1.2,1.9,17.3,17.8,0.551,0.198,0.263,6.0,12.3,9.3,13.6,2.2,0.9,7.3,20.3,6.2,3.6,9.8,0.165,2.8,0.8,3.6,4.0,,,,,
194,1992,Jeff Malone,SG,30,UTA,81,81,36.1,8.5,16.7,0.511,0.0,0.1,0.083,8.5,16.6,0.515,0.511,3.2,3.5,0.898,0.6,2.3,2.9,2.2,0.7,0.1,1.7,1.6,20.2,15.1,0.554,0.009,0.211,2.0,6.8,4.5,10.0,1.0,0.1,8.7,23.9,4.5,2.1,6.6,0.108,-0.1,-1.5,-1.7,0.3,,,,,
195,1992,Karl Malone,PF,28,UTA,81,81,37.7,9.9,18.7,0.526,0.0,0.2,0.176,9.8,18.5,0.53,0.527,8.3,10.7,0.778,2.8,8.4,11.2,3.0,1.3,0.6,3.1,2.8,28.0,25.4,0.599,0.011,0.571,8.7,24.1,16.8,13.4,1.8,1.0,11.6,30.3,9.9,5.2,15.1,0.237,5.2,0.6,5.7,5.9,4.0,1.0,262.0,960.0,0.273
196,1992,Moses Malone,C,36,MIL,82,77,30.6,5.4,11.3,0.474,0.0,0.1,0.375,5.3,11.2,0.474,0.475,4.8,6.1,0.786,3.9,5.2,9.1,1.1,0.9,0.8,1.8,1.7,15.6,19.2,0.556,0.009,0.543,14.0,20.1,16.9,5.6,1.5,1.6,11.5,21.7,5.6,2.2,7.8,0.148,2.2,-2.1,0.1,1.3,,,,,
197,1992,Danny Manning,PF,25,LAC,82,82,35.4,7.9,14.6,0.542,0.0,0.1,0.0,7.9,14.6,0.544,0.542,3.4,4.7,0.725,2.8,4.1,6.9,3.5,1.6,1.5,2.6,3.6,19.3,19.7,0.577,0.004,0.321,8.7,12.9,10.8,15.8,2.3,2.6,13.3,23.1,5.3,4.5,9.8,0.162,2.6,1.7,4.3,4.6,16.0,0.0,1.0,960.0,0.001
198,1992,Šarūnas Marčiulionis,SG,27,GSW,72,5,29.4,6.8,12.7,0.538,0.0,0.1,0.3,6.8,12.5,0.541,0.54,5.2,6.6,0.788,0.9,1.9,2.9,3.4,1.6,0.1,2.7,3.3,18.9,18.8,0.607,0.011,0.523,3.6,7.1,5.4,16.0,2.5,0.3,14.7,24.9,4.9,1.4,6.4,0.144,1.5,-0.2,1.3,1.7,,,,,
199,1992,Anthony Mason,PF,25,NYK,82,0,26.8,2.5,4.9,0.509,0.0,0.0,0.0,2.5,4.9,0.509,0.509,2.0,3.2,0.642,2.6,4.4,7.0,1.3,0.6,0.2,1.2,2.8,7.0,11.3,0.558,0.0,0.652,11.4,18.4,14.9,6.5,1.1,0.6,16.4,12.2,2.4,3.2,5.6,0.123,-1.4,0.6,-0.8,0.7,,,,,
200,1992,Vernon Maxwell,SG,26,HOU,80,80,33.8,6.3,15.2,0.413,2.0,5.9,0.342,4.3,9.3,0.458,0.479,2.6,3.3,0.772,0.5,2.6,3.0,4.1,1.3,0.4,2.2,2.5,17.2,14.1,0.514,0.389,0.22,1.6,8.3,5.0,18.9,1.9,0.6,11.8,24.3,1.7,2.1,3.9,0.069,0.4,-0.6,-0.2,1.2,,,,,
201,1992,Travis Mays,PG,23,ATL,2,0,16.0,3.0,7.0,0.429,1.5,3.0,0.5,1.5,4.0,0.375,0.536,1.0,1.0,1.0,0.5,0.5,1.0,0.5,0.0,0.0,1.5,2.0,8.5,8.6,0.571,0.429,0.143,3.2,3.4,3.3,4.5,0.0,0.0,16.8,23.1,0.0,0.0,0.0,0.009,-2.6,-3.0,-5.6,0.0,,,,,
202,1992,Bob McCann,SF,27,DET,26,0,5.0,0.5,1.3,0.394,0.0,0.0,0.0,0.5,1.2,0.406,0.394,0.2,0.5,0.308,0.5,0.7,1.2,0.2,0.2,0.2,0.3,0.9,1.2,7.3,0.387,0.03,0.394,10.6,15.6,13.1,6.6,2.4,1.9,15.3,15.6,-0.2,0.2,0.1,0.022,-5.8,1.2,-4.7,-0.1,,,,,
203,1992,George McCloud,SF,24,IND,51,5,17.5,2.5,6.1,0.409,0.6,1.8,0.34,1.9,4.3,0.438,0.46,1.0,1.3,0.781,0.9,1.7,2.6,2.3,0.5,0.2,1.2,1.9,6.6,11.0,0.495,0.3,0.204,5.9,10.2,8.2,17.7,1.4,0.7,15.4,18.9,0.3,0.5,0.9,0.046,-0.8,-0.9,-1.7,0.1,,,,,
204,1992,Tim McCormick,C,29,NYK,22,0,4.9,0.6,1.5,0.424,0.0,0.0,0.0,0.6,1.5,0.424,0.424,0.6,1.0,0.667,0.6,0.9,1.5,0.4,0.1,0.0,0.4,0.8,1.9,12.8,0.497,0.0,0.636,15.0,21.0,18.0,11.8,1.0,0.0,15.9,20.3,0.1,0.2,0.2,0.108,-2.3,0.0,-2.3,0.0,,,,,
205,1992,Rodney McCray,SF,30,DAL,75,48,28.1,3.6,8.3,0.436,0.3,1.1,0.294,3.3,7.2,0.458,0.456,1.5,2.0,0.719,2.0,4.3,6.2,2.9,0.6,0.4,1.5,2.4,9.0,12.6,0.491,0.137,0.246,7.3,16.6,11.8,15.7,1.2,0.9,14.3,16.4,1.0,1.5,2.5,0.057,-0.7,-0.2,-1.0,0.5,,,,,
206,1992,Xavier McDaniel,SF,28,NYK,82,82,28.6,6.0,12.5,0.478,0.1,0.5,0.308,5.8,12.0,0.485,0.484,1.7,2.3,0.714,2.1,3.5,5.6,1.8,0.7,0.3,1.8,2.9,13.7,13.9,0.509,0.038,0.188,8.7,13.7,11.2,10.2,1.3,0.7,11.7,23.3,1.4,3.2,4.6,0.093,-1.0,-0.4,-1.3,0.4,,,,,
207,1992,Kevin McHale,PF,34,BOS,56,1,25.0,5.8,11.3,0.509,0.0,0.2,0.0,5.8,11.1,0.52,0.509,2.4,2.9,0.822,2.1,3.8,5.9,1.5,0.2,1.1,1.5,2.0,13.9,18.5,0.553,0.021,0.257,9.8,15.9,13.0,8.8,0.4,2.5,10.4,24.2,2.5,1.5,4.0,0.136,1.7,-0.4,1.3,1.2,,,,,
208,1992,Derrick McKey,SF,25,SEA,52,44,33.8,5.5,11.6,0.472,0.4,1.0,0.38,5.1,10.7,0.48,0.488,3.6,4.3,0.847,1.8,3.3,5.2,2.3,1.2,0.9,2.2,2.7,14.9,14.7,0.554,0.083,0.368,6.1,11.6,8.8,9.9,1.7,1.7,14.0,19.5,2.4,1.5,3.9,0.107,1.0,-0.1,0.9,1.3,,,,,
209,1992,Carlton McKinney,SG,27,NYK,2,0,4.5,1.0,4.5,0.222,0.0,0.0,0.0,1.0,4.5,0.222,0.222,0.0,0.0,0.0,0.0,0.5,0.5,0.0,0.0,0.0,0.0,0.5,2.0,-9.0,0.222,0.0,0.0,0.0,12.6,6.4,0.0,0.0,0.0,0.0,43.7,-0.1,0.0,-0.1,-0.402,-21.0,-10.5,-31.4,-0.1,,,,,
210,1992,Nate McMillan,PG,27,SEA,72,30,22.9,2.5,5.6,0.437,0.4,1.4,0.276,2.1,4.3,0.489,0.47,0.8,1.2,0.643,1.3,2.2,3.5,5.0,1.8,0.4,1.6,3.0,6.0,14.5,0.492,0.242,0.207,6.3,11.4,8.8,29.2,3.9,1.1,20.2,14.1,1.5,2.2,3.7,0.109,0.2,2.7,2.8,2.0,,,,,
211,1992,Reggie Miller,SG,26,IND,82,82,38.0,6.9,13.7,0.501,1.6,4.2,0.378,5.3,9.5,0.555,0.559,5.4,6.3,0.858,1.0,2.9,3.9,3.8,1.3,0.3,1.9,2.6,20.7,17.6,0.629,0.304,0.459,3.1,7.9,5.6,14.5,1.6,0.5,10.4,20.2,9.3,1.7,11.0,0.169,3.3,-0.7,2.6,3.6,,,,,
212,1992,Terry Mills,PF,24,NJN,82,24,20.9,3.8,8.2,0.463,0.1,0.3,0.348,3.7,7.9,0.467,0.469,1.4,1.9,0.75,2.3,3.2,5.5,1.0,0.6,0.5,1.0,2.4,9.0,14.7,0.503,0.034,0.227,11.2,17.0,14.0,7.0,1.4,1.4,10.0,19.2,2.2,1.7,3.9,0.108,-0.6,-0.9,-1.5,0.2,,,,,
213,1992,Sam Mitchell,PF,28,MIN,82,63,26.2,3.7,8.8,0.423,0.0,0.1,0.182,3.7,8.7,0.427,0.425,2.5,3.2,0.786,1.9,3.8,5.8,1.1,0.6,0.5,1.2,2.8,10.1,12.0,0.49,0.015,0.367,7.9,16.7,12.1,6.2,1.2,1.1,10.3,18.6,1.1,1.2,2.3,0.051,-2.3,-1.6,-3.9,-1.0,,,,,
214,1992,Rodney Monroe,SG,23,ATL,38,0,8.2,1.4,3.8,0.368,0.2,0.7,0.222,1.2,3.1,0.402,0.389,0.5,0.6,0.826,0.3,0.6,0.9,0.7,0.3,0.1,0.6,0.5,3.4,8.8,0.425,0.188,0.16,4.0,7.3,5.6,12.2,1.9,0.4,13.0,23.4,-0.4,0.2,-0.2,-0.035,-3.7,-1.6,-5.3,-0.3,,,,,
215,1992,Tracy Moore,SF,26,DAL,42,2,18.6,3.1,7.7,0.4,0.7,2.0,0.357,2.4,5.7,0.415,0.446,1.5,1.9,0.833,0.7,1.2,2.0,1.1,0.8,0.1,1.0,2.3,8.5,11.6,0.494,0.258,0.24,4.1,7.2,5.6,9.8,2.1,0.3,10.9,22.2,0.2,0.4,0.6,0.039,-2.0,-0.6,-2.6,-0.1,,,,,
216,1992,Chris Morris,SF,26,NJN,77,74,31.1,4.5,9.4,0.477,0.3,1.4,0.2,4.2,8.0,0.526,0.492,2.1,3.0,0.714,2.6,3.8,6.4,2.6,1.7,1.1,2.2,2.7,11.4,14.4,0.531,0.152,0.318,8.5,13.5,10.9,11.2,2.6,2.0,17.1,16.7,1.8,2.9,4.7,0.094,-0.2,1.1,0.8,1.7,,,,,
217,1992,Chris Mullin,SF,28,GSW,81,81,41.3,10.2,19.6,0.524,0.8,2.2,0.366,9.5,17.4,0.544,0.544,4.3,5.2,0.833,1.6,4.0,5.6,3.5,2.1,0.8,2.5,2.1,25.6,19.9,0.586,0.11,0.265,4.2,10.4,7.4,12.2,2.4,1.1,10.2,23.6,8.1,2.7,10.8,0.155,3.6,0.1,3.7,4.8,6.0,0.0,81.0,960.0,0.084
218,1992,Eric Murdock,PG,23,UTA,50,0,9.6,1.5,3.7,0.415,0.1,0.5,0.192,1.4,3.1,0.452,0.429,0.9,1.2,0.754,0.4,0.7,1.1,1.8,0.6,0.1,1.0,1.0,4.1,13.6,0.484,0.142,0.333,5.2,7.4,6.4,27.9,3.2,0.9,19.2,23.4,-0.1,0.7,0.6,0.056,-1.3,0.6,-0.7,0.2,,,,,
219,1992,Tod Murphy,PF,28,MIN,47,3,9.1,0.8,1.7,0.488,0.0,0.0,0.5,0.8,1.7,0.487,0.494,0.4,0.7,0.559,0.8,1.6,2.3,0.2,0.2,0.2,0.4,0.9,2.1,9.5,0.516,0.025,0.425,9.0,19.6,14.1,3.4,1.1,1.1,15.9,11.2,0.1,0.3,0.4,0.044,-3.0,-1.3,-4.3,-0.2,,,,,
220,1992,Jerrod Mustaf,PF,22,PHO,52,3,10.5,1.8,3.7,0.477,0.0,0.0,0.0,1.8,3.7,0.477,0.477,0.9,1.4,0.69,0.9,1.9,2.8,0.9,0.4,0.3,1.0,1.1,4.5,13.8,0.52,0.0,0.368,9.5,19.2,14.6,11.3,1.9,1.7,18.5,21.0,0.0,0.8,0.8,0.075,-1.7,0.5,-1.2,0.1,,,,,
221,1992,Dikembe Mutombo,C,25,DEN,71,71,38.3,6.0,12.2,0.493,0.0,0.0,0.0,6.0,12.2,0.493,0.493,4.5,7.0,0.642,4.5,7.8,12.3,2.2,0.6,3.0,3.5,3.8,16.6,16.5,0.54,0.0,0.575,11.9,23.3,17.3,8.6,0.8,4.8,18.8,20.1,1.3,3.6,4.8,0.086,-0.6,0.6,0.0,1.4,,,,,
222,1992,Larry Nance,PF,32,CLE,81,81,35.6,6.9,12.7,0.539,0.0,0.1,0.0,6.9,12.7,0.542,0.539,3.2,4.0,0.822,2.6,5.6,8.3,2.9,1.0,3.0,1.1,2.5,17.0,21.4,0.586,0.006,0.31,8.6,17.1,13.0,12.0,1.4,4.9,6.9,19.1,8.2,4.0,12.2,0.204,3.4,1.8,5.2,5.2,,,,,
223,1992,Ed Nealy,PF,31,PHO,52,4,9.7,1.2,2.3,0.512,0.4,1.0,0.4,0.8,1.4,0.592,0.595,0.3,0.5,0.667,0.5,1.7,2.1,0.7,0.3,0.0,0.3,0.9,3.1,12.9,0.608,0.413,0.198,5.7,17.9,12.1,9.5,1.5,0.2,11.4,12.2,0.8,0.6,1.5,0.142,0.7,0.7,1.5,0.4,,,,,
224,1992,Chuck Nevitt,C,32,CHI,4,0,2.3,0.3,0.8,0.333,0.0,0.0,0.0,0.3,0.8,0.333,0.333,0.0,0.0,0.0,0.0,0.3,0.3,0.3,0.0,0.0,0.8,0.5,0.5,-13.6,0.333,0.0,0.0,0.0,12.5,6.4,13.8,0.0,0.0,50.0,28.8,-0.1,0.0,-0.1,-0.467,-20.8,-1.8,-22.6,0.0,,,,,
225,1992,Johnny Newman,SF,28,CHH,55,55,30.0,5.4,11.2,0.477,0.2,0.8,0.283,5.1,10.4,0.493,0.488,4.3,5.6,0.766,1.3,2.0,3.3,2.7,1.3,0.3,2.3,3.3,15.3,13.6,0.557,0.074,0.498,4.5,7.2,5.8,12.1,2.0,0.5,14.6,21.6,1.6,0.8,2.3,0.068,-1.1,-0.9,-2.0,0.0,,,,,
226,1992,Ken Norman,SF,27,LAC,77,24,26.1,5.2,10.7,0.49,0.1,0.4,0.143,5.2,10.3,0.502,0.492,1.6,2.9,0.535,2.1,3.8,5.8,1.6,0.7,0.9,1.3,1.9,12.1,15.3,0.505,0.034,0.275,8.7,16.2,12.4,9.7,1.3,2.1,9.8,21.6,1.2,2.8,4.0,0.095,0.0,-0.1,0.0,1.0,,,,,
227,1992,Charles Oakley,PF,28,NYK,82,82,28.2,2.6,4.9,0.522,0.0,0.0,0.0,2.6,4.9,0.526,0.522,1.0,1.4,0.735,3.1,5.4,8.5,1.6,0.8,0.2,1.5,3.1,6.2,11.3,0.558,0.007,0.291,12.9,21.8,17.4,7.8,1.5,0.4,21.3,10.9,1.8,3.9,5.7,0.119,-1.6,1.1,-0.4,0.9,,,,,
228,1992,Alan Ogg,C,24,MIA,43,0,8.5,1.1,2.0,0.548,0.0,0.0,0.0,1.1,2.0,0.548,0.548,0.4,0.7,0.533,0.7,1.0,1.7,0.2,0.1,0.7,0.4,1.7,2.5,9.8,0.556,0.0,0.357,9.0,13.6,11.3,2.7,0.7,4.6,16.4,13.3,0.2,0.3,0.5,0.063,-4.8,-0.2,-5.0,-0.3,,,,,
229,1992,Hakeem Olajuwon,C,29,HOU,70,69,37.7,8.4,16.8,0.502,0.0,0.0,0.0,8.4,16.8,0.503,0.502,4.7,6.1,0.766,3.5,8.6,12.1,2.2,1.8,4.3,2.7,3.8,21.6,23.7,0.553,0.001,0.364,10.7,24.7,17.8,9.9,2.4,6.8,12.0,25.6,4.2,5.6,9.8,0.178,1.9,3.0,5.0,4.6,,,,,
230,1992,Brian Oliver,SG,23,PHI,34,0,8.2,1.0,2.9,0.33,0.0,0.1,0.0,1.0,2.8,0.344,0.33,0.4,0.6,0.682,0.3,0.6,0.9,0.6,0.3,0.1,0.7,1.0,2.4,3.6,0.369,0.04,0.22,4.1,8.1,6.2,10.4,1.8,0.4,18.0,21.0,-0.8,0.2,-0.7,-0.115,-7.7,-1.8,-9.5,-0.5,,,,,
231,1992,Jimmy Oliver,SG,22,CLE,27,8,9.3,1.4,3.6,0.398,0.0,0.3,0.111,1.4,3.3,0.427,0.403,0.6,0.8,0.773,0.3,0.7,1.0,0.7,0.3,0.1,0.3,0.8,3.6,10.1,0.446,0.092,0.224,4.1,7.7,6.0,11.2,1.8,0.5,7.7,20.2,0.0,0.2,0.2,0.029,-4.1,-1.1,-5.2,-0.2,,,,,
232,1992,Billy Owens,PF,22,GSW,80,77,31.4,5.9,11.1,0.525,0.0,0.1,0.111,5.8,11.0,0.529,0.526,2.6,3.9,0.654,3.0,5.0,8.0,2.4,1.1,0.8,2.2,3.5,14.3,15.6,0.555,0.01,0.35,10.8,17.0,13.9,9.8,1.7,1.5,14.8,19.3,3.3,2.3,5.6,0.107,0.4,-0.4,0.0,1.3,,,,,
233,1992,Keith Owens,SF,22,LAL,20,0,4.0,0.5,1.6,0.281,0.0,0.0,0.0,0.5,1.6,0.281,0.281,0.4,0.5,0.8,0.4,0.4,0.8,0.2,0.3,0.2,0.1,0.6,1.3,10.3,0.357,0.0,0.313,11.2,10.1,10.7,5.4,3.2,3.1,5.2,21.0,-0.1,0.1,0.0,0.014,-4.0,-0.8,-4.8,-0.1,,,,,
234,1992,Robert Pack,PG,22,POR,72,0,12.4,1.6,3.8,0.423,0.0,0.1,0.0,1.6,3.6,0.439,0.423,1.4,1.8,0.803,0.4,0.9,1.3,1.9,0.6,0.1,1.3,1.4,4.6,10.5,0.506,0.037,0.467,3.9,7.9,5.9,21.0,2.2,0.3,21.9,19.1,0.0,1.1,1.1,0.058,-2.9,0.2,-2.7,-0.1,,,,,
235,1992,Robert Parish,C,38,BOS,79,79,28.9,5.9,11.1,0.535,0.0,0.0,0.0,5.9,11.1,0.535,0.535,2.3,2.9,0.772,2.8,6.2,8.9,0.9,0.9,1.2,1.7,2.2,14.1,18.9,0.571,0.0,0.265,11.1,22.4,17.0,4.4,1.5,2.5,11.8,20.8,3.8,3.6,7.4,0.155,1.2,0.2,1.4,2.0,,,,,
236,1992,John Paxson,PG,31,CHI,79,79,24.6,3.3,6.2,0.528,0.2,0.6,0.273,3.1,5.6,0.553,0.54,0.4,0.5,0.784,0.3,0.9,1.2,3.1,0.6,0.1,0.6,1.8,7.0,10.9,0.551,0.09,0.076,1.3,4.3,2.9,15.7,1.3,0.3,8.0,12.1,3.0,1.7,4.7,0.117,-1.0,0.3,-0.8,0.6,,,,,
237,1992,Kenny Payne,SF,25,PHI,49,3,7.2,1.3,3.0,0.448,0.1,0.2,0.417,1.2,2.7,0.451,0.466,0.2,0.3,0.692,0.3,0.8,1.1,0.3,0.3,0.2,0.4,0.7,2.9,11.9,0.478,0.083,0.09,4.3,13.2,8.8,7.7,2.3,1.4,11.2,21.1,-0.2,0.3,0.2,0.025,-2.4,-0.4,-2.9,-0.1,,,,,
238,1992,Gary Payton,PG,23,SEA,81,79,31.5,4.1,9.1,0.451,0.0,0.3,0.13,4.0,8.8,0.461,0.453,1.2,1.8,0.669,1.5,2.1,3.6,6.2,1.8,0.3,2.1,3.1,9.4,13.1,0.478,0.031,0.202,5.5,7.9,6.7,27.5,2.9,0.5,17.9,16.0,1.6,2.3,3.9,0.074,-0.4,0.7,0.4,1.5,,,,,
239,1992,Will Perdue,C,26,CHI,77,7,13.1,2.0,3.6,0.547,0.0,0.0,0.5,2.0,3.6,0.547,0.549,0.6,1.2,0.495,1.4,2.6,4.1,1.0,0.2,0.6,0.9,1.7,4.5,14.2,0.55,0.007,0.327,12.7,22.8,17.9,10.3,0.8,2.7,18.5,16.7,0.8,1.7,2.5,0.121,-1.4,0.5,-0.9,0.3,,,,,
240,1992,Sam Perkins,PF,30,LAL,63,63,37.0,5.7,12.7,0.45,0.2,1.1,0.217,5.5,11.7,0.471,0.459,4.8,5.9,0.817,3.0,5.8,8.8,2.2,1.0,1.0,1.3,3.0,16.5,17.6,0.538,0.086,0.463,9.2,18.0,13.6,9.3,1.4,1.6,7.9,19.7,5.0,2.4,7.4,0.153,1.5,-0.1,1.4,2.0,,,,,
241,1992,Tim Perry,PF,26,PHO,80,69,31.0,5.2,9.9,0.523,0.0,0.1,0.375,5.1,9.8,0.525,0.525,1.9,2.7,0.712,2.6,4.3,6.9,1.7,0.6,1.5,1.8,3.0,12.3,13.8,0.556,0.01,0.272,9.5,14.7,12.2,7.4,0.9,2.7,13.8,17.2,2.7,3.0,5.7,0.11,-0.4,0.2,-0.2,1.1,,,,,
242,1992,Chuck Person,SF,27,IND,81,81,36.1,7.6,15.9,0.48,1.6,4.4,0.373,6.0,11.5,0.52,0.531,1.6,2.4,0.675,1.4,3.9,5.3,4.7,0.8,0.2,2.7,3.0,18.5,14.5,0.546,0.276,0.153,4.6,11.2,8.1,19.6,1.1,0.4,13.6,22.8,3.0,1.6,4.6,0.075,1.3,-1.7,-0.3,1.2,,,,,
243,1992,Jim Petersen,PF,29,GSW,27,2,6.3,0.7,1.5,0.45,0.0,0.1,0.0,0.7,1.4,0.474,0.45,0.3,0.4,0.7,0.4,1.2,1.7,0.3,0.2,0.2,0.2,1.3,1.6,9.5,0.484,0.05,0.25,7.9,21.0,14.6,6.3,1.4,2.1,10.1,11.7,0.1,0.2,0.3,0.087,-3.3,0.5,-2.9,0.0,,,,,
244,1992,Dražen Petrović,SG,27,NJN,82,82,36.9,8.1,16.0,0.508,1.5,3.4,0.444,6.6,12.7,0.525,0.555,2.8,3.5,0.808,1.2,2.0,3.1,3.1,1.3,0.1,2.6,3.0,20.6,15.8,0.587,0.211,0.218,3.3,5.8,4.5,12.7,1.7,0.2,13.0,22.0,6.2,1.6,7.7,0.122,1.3,-0.9,0.4,1.8,,,,,
245,1992,Bobby Phills,SG,22,CLE,10,0,6.5,1.2,2.8,0.429,0.0,0.2,0.0,1.2,2.6,0.462,0.429,0.7,1.1,0.636,0.4,0.4,0.8,0.4,0.3,0.1,0.8,0.3,3.1,10.0,0.472,0.071,0.393,7.1,6.6,6.9,9.0,2.3,0.9,19.6,27.4,-0.1,0.1,-0.1,-0.062,-4.1,-2.5,-6.6,-0.1,,,,,
246,1992,Ricky Pierce,SG,32,SEA,78,78,34.1,7.9,16.7,0.475,0.4,1.6,0.268,7.5,15.2,0.496,0.487,5.3,5.8,0.916,1.2,1.8,3.0,3.1,1.1,0.3,2.4,2.7,21.7,18.2,0.561,0.094,0.348,4.0,6.2,5.1,14.7,1.6,0.5,11.1,26.8,6.5,1.4,7.8,0.142,2.6,-1.2,1.5,2.3,,,,,
247,1992,Ed Pinckney,PF,28,BOS,81,36,23.7,2.5,4.7,0.537,0.0,0.0,0.0,2.5,4.7,0.538,0.537,2.6,3.1,0.812,3.1,3.9,7.0,0.8,0.9,0.7,0.9,2.0,7.6,16.5,0.625,0.003,0.675,15.2,17.1,16.2,4.1,1.8,1.7,13.0,12.6,4.8,2.7,7.5,0.187,1.3,0.4,1.7,1.8,,,,,
248,1992,Scottie Pippen,SF,26,CHI,82,82,38.6,8.4,16.6,0.506,0.2,1.0,0.2,8.2,15.6,0.525,0.511,4.0,5.3,0.76,2.3,5.4,7.7,7.0,1.9,1.1,3.1,3.0,21.0,21.5,0.555,0.059,0.319,6.9,15.8,11.5,25.8,2.5,1.8,14.0,24.6,7.1,5.5,12.7,0.192,4.1,2.0,6.1,6.4,9.0,1.0,32.0,960.0,0.033
249,1992,Olden Polynice,C,27,LAC,76,65,24.1,3.2,6.2,0.519,0.0,0.0,0.0,3.2,6.2,0.52,0.519,1.6,2.6,0.622,2.6,4.5,7.1,0.6,0.6,0.3,1.1,2.2,8.1,13.1,0.549,0.002,0.428,11.8,20.8,16.3,3.5,1.2,0.7,12.9,14.9,1.9,2.6,4.5,0.118,-1.2,-0.7,-1.9,0.1,,,,,
250,1992,Dave Popson,PF,27,MIL,5,0,5.2,0.6,1.4,0.429,0.0,0.2,0.0,0.6,1.2,0.5,0.429,0.2,0.4,0.5,0.4,0.6,1.0,0.6,0.4,0.2,0.8,1.0,1.4,6.9,0.444,0.143,0.286,8.5,13.7,11.0,16.0,3.9,2.4,33.7,19.1,-0.1,0.0,0.0,-0.075,-7.3,1.1,-6.2,0.0,,,,,
251,1992,Terry Porter,PG,28,POR,82,82,34.0,6.4,13.8,0.461,1.6,4.0,0.395,4.8,9.8,0.488,0.518,3.8,4.5,0.856,0.6,2.5,3.1,5.8,1.5,0.1,2.3,1.9,18.1,18.1,0.575,0.287,0.326,2.0,8.0,5.0,24.9,2.2,0.3,12.7,21.6,7.0,3.5,10.6,0.182,3.2,0.6,3.7,4.0,,,,,
252,1992,Paul Pressey,SG,33,SAS,56,7,13.6,1.1,2.9,0.373,0.1,0.4,0.143,1.0,2.5,0.407,0.382,0.5,0.7,0.683,0.4,1.3,1.7,2.5,0.5,0.3,1.1,1.5,2.7,8.0,0.422,0.13,0.255,3.2,10.4,6.8,24.2,1.9,1.5,26.3,13.5,-0.7,1.0,0.3,0.019,-3.7,1.5,-2.2,0.0,,,,,
253,1992,Mark Price,PG,27,CLE,72,72,29.7,6.1,12.5,0.488,1.4,3.6,0.387,4.7,8.8,0.53,0.545,3.8,4.0,0.947,0.5,1.9,2.4,7.4,1.3,0.2,2.2,1.6,17.3,22.7,0.61,0.291,0.318,2.1,6.8,4.5,37.9,2.2,0.3,13.5,24.1,7.5,1.6,9.1,0.205,6.1,-0.4,5.8,4.2,7.0,0.0,66.0,960.0,0.069
254,1992,Kevin Pritchard,PG,24,BOS,11,0,12.4,1.5,3.1,0.471,0.0,0.3,0.0,1.5,2.8,0.516,0.471,1.3,1.6,0.778,0.1,0.9,1.0,2.7,0.3,0.4,1.0,1.5,4.2,12.6,0.549,0.088,0.529,0.8,7.7,4.5,28.4,1.1,1.8,20.8,16.7,0.1,0.1,0.2,0.087,-0.7,0.4,-0.3,0.1,,,,,
255,1992,Kurt Rambis,PF,33,PHO,28,5,13.6,1.4,2.9,0.463,0.0,0.0,0.0,1.4,2.9,0.463,0.463,0.5,0.6,0.778,0.8,3.0,3.8,1.3,0.4,0.5,0.9,1.6,3.2,10.6,0.5,0.0,0.22,7.0,22.9,15.3,12.2,1.5,2.1,21.8,12.6,0.0,0.6,0.6,0.079,-2.6,2.0,-0.6,0.1,,,,,
256,1992,Blair Rasmussen,C,29,ATL,81,61,24.3,4.3,9.0,0.478,0.1,0.3,0.217,4.2,8.7,0.486,0.481,0.4,0.5,0.75,1.2,3.7,4.9,1.3,0.4,0.6,0.6,2.9,9.0,11.6,0.49,0.032,0.055,5.0,16.5,10.6,7.8,0.9,1.5,6.4,16.7,1.3,1.6,3.0,0.072,-2.7,-0.3,-3.0,-0.5,,,,,
257,1992,J.R. Reid,C,23,CHH,51,7,24.6,4.2,8.5,0.49,0.0,0.1,0.0,4.2,8.5,0.493,0.49,2.6,3.7,0.705,1.9,4.3,6.2,1.6,1.0,0.5,1.6,3.1,11.0,14.1,0.54,0.007,0.437,8.1,19.2,13.6,8.7,1.8,1.1,13.9,19.4,1.0,1.2,2.1,0.082,-1.7,-0.6,-2.3,-0.1,,,,,
258,1992,Jerry Reynolds,SG,29,ORL,46,16,25.2,4.3,11.3,0.38,0.1,0.5,0.125,4.2,10.7,0.393,0.383,3.4,4.1,0.836,1.0,2.2,3.2,3.3,1.4,0.4,2.1,1.5,12.1,13.9,0.462,0.046,0.365,4.4,10.1,7.2,20.1,2.7,0.9,13.8,25.0,-0.4,1.0,0.6,0.025,-0.9,-0.1,-1.0,0.3,,,,,
259,1992,Glen Rice,SF,24,MIA,79,79,38.1,8.5,18.1,0.469,2.0,5.0,0.391,6.5,13.1,0.499,0.523,3.4,4.0,0.836,1.1,3.9,5.0,2.3,1.1,0.4,1.8,2.2,22.3,17.5,0.561,0.277,0.222,3.1,11.7,7.3,10.2,1.5,0.7,8.4,23.9,6.2,1.7,7.9,0.126,2.8,-1.0,1.8,2.9,,,,,
260,1992,Pooh Richardson,PG,25,MIN,82,82,35.6,7.2,15.4,0.466,0.6,1.9,0.342,6.5,13.5,0.483,0.487,1.5,2.2,0.691,1.1,2.6,3.7,8.4,1.5,0.3,2.5,1.9,16.5,17.4,0.504,0.123,0.141,3.3,8.2,5.7,36.1,2.1,0.5,13.2,22.5,3.1,1.0,4.1,0.068,2.7,-1.4,1.3,2.4,,,,,
261,1992,Mitch Richmond,SG,26,SAC,80,80,38.7,8.6,18.3,0.468,1.3,3.4,0.384,7.3,15.0,0.486,0.503,4.1,5.1,0.813,0.8,3.2,4.0,5.1,1.2,0.4,3.1,2.9,22.5,16.3,0.548,0.183,0.277,2.2,9.0,5.6,21.3,1.4,0.6,13.1,25.5,3.4,1.5,4.9,0.076,1.3,-1.3,0.0,1.5,,,,,
262,1992,David Rivers,PG,27,LAC,15,0,8.1,0.7,2.0,0.333,0.0,0.1,0.0,0.7,1.9,0.345,0.333,0.7,0.7,0.909,0.7,0.6,1.3,1.4,0.5,0.1,1.1,0.9,2.0,7.6,0.431,0.033,0.367,9.1,8.3,8.7,22.6,2.9,0.5,32.8,18.1,-0.3,0.2,-0.1,-0.035,-4.8,0.4,-4.4,-0.1,,,,,
263,1992,Doc Rivers,PG,30,LAC,59,25,28.1,3.8,9.0,0.424,0.4,1.6,0.283,3.4,7.5,0.454,0.448,2.8,3.3,0.832,0.4,2.1,2.5,3.9,1.9,0.3,1.6,2.8,10.9,13.8,0.518,0.173,0.368,1.5,8.4,4.9,19.9,3.3,0.7,12.9,18.3,1.5,2.4,3.9,0.113,-1.7,2.2,0.5,1.1,,,,,
264,1992,Fred Roberts,PF,31,MIL,80,63,21.8,3.9,8.1,0.482,0.2,0.5,0.514,3.7,7.6,0.48,0.497,1.6,2.1,0.749,1.3,1.9,3.2,1.5,0.7,0.5,1.5,2.2,9.6,12.9,0.534,0.057,0.265,6.5,10.5,8.4,10.6,1.5,1.4,14.5,20.2,1.3,0.9,2.2,0.06,-0.7,-1.0,-1.7,0.2,,,,,
265,1992,Stanley Roberts,C,21,ORL,55,34,20.3,4.3,8.1,0.529,0.0,0.0,0.0,4.3,8.1,0.53,0.529,1.8,3.6,0.515,2.1,4.1,6.1,0.7,0.4,1.5,1.4,4.0,10.4,16.3,0.538,0.002,0.439,11.0,22.9,16.8,5.8,1.0,4.5,12.8,22.7,0.8,1.4,2.1,0.092,-1.9,0.5,-1.4,0.2,,,,,
266,1992,Alvin Robertson,SG,29,MIL,82,79,30.0,4.8,11.2,0.43,0.8,2.6,0.319,4.0,8.7,0.462,0.466,1.8,2.4,0.763,2.1,2.1,4.3,4.4,2.6,0.4,2.7,3.2,12.3,15.0,0.5,0.228,0.215,7.8,8.5,8.1,21.7,4.3,0.8,18.1,21.0,1.0,2.7,3.6,0.071,0.2,1.5,1.6,2.2,,,,,
267,1992,Cliff Robinson,PF,31,LAL,9,0,8.7,1.2,3.0,0.407,0.0,0.1,0.0,1.2,2.9,0.423,0.407,0.8,0.9,0.875,0.8,1.3,2.1,1.0,0.6,0.0,0.8,0.4,3.2,14.9,0.475,0.037,0.296,10.1,17.8,13.9,17.4,3.3,0.0,18.7,21.0,0.0,0.1,0.1,0.052,-0.7,0.7,0.1,0.0,,,,,
268,1992,Clifford Robinson,SF,25,POR,82,7,25.9,4.9,10.4,0.466,0.0,0.1,0.091,4.8,10.3,0.471,0.467,2.7,4.0,0.664,1.7,3.4,5.1,1.7,1.0,1.3,1.9,3.3,12.4,14.2,0.508,0.013,0.386,7.2,14.2,10.7,9.4,1.9,3.2,13.4,22.1,1.0,3.6,4.6,0.104,-1.5,1.3,-0.2,1.0,,,,,
269,1992,David Robinson,C,26,SAS,68,68,37.7,8.7,15.8,0.551,0.0,0.1,0.125,8.7,15.7,0.554,0.552,5.8,8.3,0.701,3.8,8.4,12.2,2.7,2.3,4.5,2.7,3.2,23.2,27.5,0.597,0.007,0.522,11.2,24.0,17.7,11.3,3.1,7.4,12.1,24.7,7.0,6.9,13.9,0.26,4.8,4.6,9.4,7.4,3.0,2.0,337.0,960.0,0.351
270,1992,Larry Robinson,SG,24,BOS,1,0,6.0,1.0,5.0,0.2,0.0,0.0,0.0,1.0,5.0,0.2,0.2,0.0,0.0,0.0,2.0,0.0,2.0,1.0,0.0,0.0,1.0,3.0,2.0,-9.3,0.2,0.0,0.0,38.5,0.0,18.3,22.9,0.0,0.0,16.7,43.0,-0.1,0.0,-0.1,-0.434,-16.8,-9.1,-25.9,0.0,,,,,
271,1992,Rumeal Robinson,PG,25,ATL,81,64,27.4,5.2,11.5,0.456,0.4,1.3,0.327,4.8,10.2,0.472,0.474,2.2,3.4,0.636,0.8,1.9,2.7,5.5,1.3,0.3,2.5,2.2,13.0,14.9,0.503,0.112,0.296,3.0,7.6,5.2,29.3,2.3,0.7,16.4,23.3,0.7,1.7,2.4,0.053,0.0,-0.4,-0.3,1.0,,,,,
272,1992,Dennis Rodman,PF,30,DET,82,80,40.3,4.2,7.7,0.539,0.4,1.2,0.317,3.8,6.5,0.581,0.564,1.0,1.7,0.6,6.4,12.3,18.7,2.3,0.8,0.9,1.7,3.0,9.8,17.0,0.574,0.159,0.22,18.1,34.1,26.2,8.2,1.1,1.3,16.7,11.1,5.6,7.0,12.6,0.183,1.9,0.9,2.8,4.0,10.0,0.0,26.0,960.0,0.027
273,1992,Tree Rollins,C,36,HOU,59,5,11.8,0.8,1.5,0.535,0.0,0.0,0.0,0.8,1.5,0.535,0.535,0.4,0.5,0.867,1.0,1.9,2.9,0.3,0.2,1.1,0.3,1.4,2.0,11.2,0.595,0.0,0.349,10.0,17.1,13.7,2.8,1.0,5.2,15.4,7.3,0.8,0.9,1.7,0.119,-2.3,1.8,-0.5,0.3,,,,,
274,1992,Donald Royal,SF,25,SAS,60,4,12.0,1.3,3.0,0.449,0.0,0.0,0.0,1.3,3.0,0.449,0.449,1.5,2.2,0.692,1.1,1.0,2.1,0.6,0.4,0.1,0.7,1.2,4.2,11.7,0.533,0.0,0.747,10.0,8.9,9.4,6.4,1.7,0.6,14.2,16.2,0.7,0.8,1.6,0.105,-1.3,-0.2,-1.6,0.1,,,,,
275,1992,Delaney Rudd,SG,29,UTA,65,0,8.3,1.2,2.9,0.399,0.2,0.7,0.234,1.0,2.2,0.454,0.428,0.5,0.6,0.762,0.2,0.6,0.8,1.7,0.2,0.0,0.8,1.0,3.0,10.0,0.467,0.25,0.223,3.3,7.8,5.7,28.5,1.4,0.1,19.2,20.5,-0.2,0.5,0.3,0.028,-2.8,-1.3,-4.1,-0.3,,,,,
276,1992,Jeff Ruland,C,33,PHI,13,5,16.1,1.5,2.9,0.526,0.0,0.0,0.0,1.5,2.9,0.526,0.526,0.8,1.2,0.688,1.2,2.4,3.6,0.4,0.5,0.3,1.5,3.5,3.9,6.1,0.566,0.0,0.421,8.8,16.8,12.9,3.4,1.7,1.2,30.8,13.7,-0.2,0.2,0.0,0.006,-6.6,0.5,-6.0,-0.2,,,,,
277,1992,John Salley,PF,27,DET,72,38,24.6,3.5,6.8,0.512,0.0,0.0,0.0,3.5,6.7,0.516,0.512,2.6,3.6,0.715,1.5,2.6,4.1,1.6,0.7,1.5,1.4,3.1,9.5,14.7,0.57,0.006,0.535,6.8,12.0,9.4,9.8,1.4,3.9,14.5,17.4,2.4,2.7,5.1,0.138,-1.0,2.7,1.7,1.6,,,,,
278,1992,Ralph Sampson,C,31,WSB,10,0,10.8,0.9,2.9,0.31,0.0,0.2,0.0,0.9,2.7,0.333,0.31,0.4,0.6,0.667,1.1,1.9,3.0,0.4,0.3,0.8,1.0,1.4,2.2,5.8,0.348,0.069,0.207,10.9,19.7,15.2,4.8,1.4,4.5,24.0,16.3,-0.3,0.2,-0.2,-0.069,-7.4,0.6,-6.8,-0.1,,,,,
279,1992,Jeff Sanders,SF,26,ATL,12,0,9.8,1.7,3.8,0.444,0.0,0.0,0.0,1.7,3.8,0.444,0.444,0.6,0.8,0.778,0.8,1.4,2.2,0.8,0.4,0.3,0.4,1.3,3.9,13.8,0.48,0.0,0.2,8.0,15.8,11.8,10.9,2.1,1.5,9.3,19.0,0.1,0.1,0.2,0.086,-1.9,0.3,-1.5,0.0,,,,,
280,1992,Danny Schayes,C,32,MIL,43,4,16.9,1.9,4.6,0.417,0.0,0.0,0.0,1.9,4.6,0.417,0.417,1.7,2.2,0.771,1.3,2.6,3.9,0.8,0.4,0.4,1.0,2.3,5.6,10.7,0.497,0.0,0.482,8.8,18.0,13.2,6.5,1.3,1.6,14.5,16.3,0.4,0.6,0.9,0.061,-3.3,-0.8,-4.1,-0.4,,,,,
281,1992,Dwayne Schintzius,C,23,SAC,33,0,12.1,1.5,3.5,0.427,0.0,0.1,0.0,1.5,3.4,0.442,0.427,0.3,0.4,0.833,1.3,2.3,3.6,0.6,0.2,0.8,0.6,2.0,3.3,10.6,0.45,0.034,0.103,11.5,20.3,15.9,7.0,0.7,4.1,13.4,14.7,-0.1,0.4,0.4,0.045,-4.3,0.0,-4.3,-0.2,,,,,
282,1992,Detlef Schrempf,PF,29,IND,80,4,32.6,6.2,11.6,0.536,0.3,0.9,0.324,5.9,10.7,0.554,0.549,4.6,5.5,0.828,2.5,7.1,9.6,3.9,0.8,0.5,2.4,3.6,17.3,19.5,0.617,0.077,0.477,9.1,22.9,16.4,17.5,1.2,0.8,14.6,21.1,7.1,2.8,9.8,0.181,3.0,0.1,3.2,3.3,16.0,0.0,1.0,960.0,0.001
283,1992,Byron Scott,SG,30,LAL,82,82,32.7,5.6,12.3,0.458,0.7,1.9,0.344,5.0,10.3,0.479,0.485,3.0,3.5,0.838,0.9,2.9,3.8,2.8,1.3,0.3,1.5,1.7,14.9,15.5,0.537,0.156,0.29,3.1,10.2,6.6,13.4,2.0,0.6,9.5,20.4,3.9,2.1,6.0,0.107,1.0,0.1,1.0,2.0,,,,,
284,1992,Dennis Scott,SF,23,ORL,18,15,33.8,7.4,18.4,0.402,1.6,4.9,0.326,5.8,13.4,0.43,0.446,3.6,3.9,0.901,0.8,2.9,3.7,1.9,1.1,0.5,1.7,2.7,19.9,14.4,0.496,0.269,0.215,2.5,9.8,6.1,9.6,1.6,0.9,7.9,26.9,0.4,0.4,0.7,0.059,0.5,-0.9,-0.4,0.2,,,,,
285,1992,Rony Seikaly,C,26,MIA,79,78,35.4,5.9,12.0,0.489,0.0,0.0,0.0,5.9,11.9,0.49,0.489,4.7,6.4,0.733,3.9,7.9,11.8,1.4,0.5,1.5,2.7,3.5,16.4,16.6,0.554,0.003,0.533,12.1,25.4,18.6,5.9,0.7,2.6,15.6,20.7,3.3,2.9,6.2,0.106,-0.3,-1.0,-1.3,0.5,,,,,
286,1992,Brad Sellers,PF,29,DET,43,1,5.3,1.0,2.0,0.466,0.0,0.0,0.0,1.0,2.0,0.471,0.466,0.5,0.6,0.769,0.3,0.6,1.0,0.3,0.0,0.2,0.3,0.5,2.4,13.7,0.513,0.011,0.295,7.6,13.4,10.5,9.9,0.2,2.8,13.1,22.2,0.1,0.3,0.4,0.084,-1.6,0.0,-1.6,0.0,,,,,
287,1992,Charles Shackleford,C,25,PHI,72,62,19.4,2.8,5.9,0.486,0.0,0.0,0.0,2.8,5.8,0.487,0.486,0.9,1.3,0.663,2.0,3.8,5.8,0.6,0.5,0.7,0.9,2.8,6.6,13.4,0.51,0.002,0.225,12.0,21.9,17.0,5.0,1.4,2.2,11.8,16.5,1.1,1.6,2.7,0.093,-2.2,-0.5,-2.7,-0.2,,,,,
288,1992,Lionel Simmons,SF,23,SAC,78,78,37.1,6.8,14.9,0.454,0.0,0.1,0.2,6.7,14.8,0.455,0.454,3.6,4.7,0.77,1.9,6.2,8.1,4.3,1.7,1.7,2.8,2.6,17.1,16.5,0.505,0.004,0.314,5.5,18.1,11.8,17.6,2.2,2.7,14.2,22.2,0.8,3.5,4.3,0.071,0.0,1.1,1.1,2.2,,,,,
289,1992,Scott Skiles,PG,27,ORL,75,63,31.7,4.8,11.6,0.414,1.2,3.3,0.364,3.6,8.2,0.434,0.466,3.3,3.7,0.895,0.5,2.2,2.7,7.3,1.0,0.1,3.1,2.5,14.1,14.4,0.534,0.288,0.319,1.7,8.0,4.7,34.4,1.5,0.1,19.1,21.4,2.2,1.0,3.2,0.065,0.9,-1.7,-0.8,0.7,,,,,
290,1992,Charles Smith,SF,26,LAC,49,25,26.7,5.1,11.0,0.466,0.0,0.1,0.0,5.1,10.9,0.471,0.466,4.3,5.5,0.785,1.9,4.2,6.1,1.1,0.8,2.0,1.4,3.2,14.6,18.6,0.543,0.011,0.501,8.0,17.6,12.8,6.6,1.6,4.7,9.5,23.6,2.2,2.3,4.4,0.162,0.3,1.5,1.8,1.3,,,,,
291,1992,Doug Smith,PF,22,DAL,76,32,22.5,3.8,9.2,0.415,0.0,0.1,0.0,3.8,9.1,0.421,0.415,1.2,1.6,0.736,1.7,3.4,5.1,1.7,0.8,0.4,1.3,3.4,8.8,11.9,0.444,0.016,0.172,7.8,16.9,12.2,12.2,1.8,1.2,11.4,21.5,-0.8,1.6,0.8,0.023,-3.2,-0.1,-3.3,-0.6,,,,,
292,1992,Kenny Smith,PG,26,HOU,81,80,33.8,5.3,11.2,0.475,0.7,1.7,0.394,4.7,9.5,0.489,0.504,2.7,3.1,0.866,0.4,1.8,2.2,6.9,1.3,0.1,2.8,1.4,14.0,15.0,0.557,0.151,0.278,1.4,5.7,3.6,30.9,1.9,0.2,18.2,19.8,3.4,1.7,5.1,0.089,0.9,-1.1,-0.3,1.2,,,,,
293,1992,LaBradford Smith,SG,22,WSB,48,5,14.8,2.1,5.1,0.407,0.0,0.4,0.095,2.0,4.7,0.436,0.411,0.9,1.2,0.804,0.6,1.1,1.7,2.1,0.9,0.0,1.3,2.0,5.1,9.6,0.456,0.085,0.228,4.5,8.1,6.3,19.8,3.1,0.1,18.9,19.9,-0.8,0.7,-0.1,-0.003,-5.0,-0.1,-5.0,-0.5,,,,,
294,1992,Larry Smith,PF,34,HOU,45,7,17.8,1.1,2.0,0.543,0.0,0.0,0.0,1.1,2.0,0.549,0.543,0.1,0.2,0.364,2.4,3.3,5.7,0.7,0.5,0.2,1.0,2.7,2.3,8.1,0.537,0.011,0.12,15.3,20.2,17.8,5.4,1.3,0.5,31.2,7.6,0.2,0.9,1.2,0.069,-3.4,-0.4,-3.7,-0.4,,,,,
295,1992,Otis Smith,SG,28,ORL,55,5,15.9,2.1,5.8,0.365,0.1,0.4,0.381,2.0,5.4,0.364,0.377,1.3,1.7,0.769,0.7,1.4,2.1,1.0,0.7,0.2,1.1,1.5,5.6,8.1,0.433,0.066,0.286,5.0,9.9,7.4,9.5,2.0,0.9,14.8,19.9,-1.0,0.6,-0.4,-0.023,-3.9,-0.5,-4.4,-0.5,,,,,
296,1992,Steve Smith,SG,22,MIA,61,59,29.6,4.9,10.7,0.454,0.7,2.0,0.32,4.2,8.7,0.486,0.485,1.6,2.1,0.748,1.3,1.8,3.1,4.6,1.0,0.3,2.5,2.7,12.0,12.5,0.513,0.191,0.194,4.9,6.7,5.8,23.4,1.6,0.6,17.6,20.0,0.8,0.8,1.5,0.04,-0.2,-1.1,-1.3,0.3,,,,,
297,1992,Tony Smith,PG,23,LAL,63,0,13.0,1.8,4.5,0.399,0.0,0.2,0.0,1.8,4.3,0.415,0.399,0.8,1.2,0.653,0.5,0.7,1.2,1.7,0.6,0.1,0.8,1.4,4.4,10.1,0.435,0.039,0.265,4.2,6.3,5.3,20.0,2.5,0.6,13.7,19.5,-0.5,0.6,0.1,0.008,-3.4,-0.2,-3.6,-0.3,,,,,
298,1992,Rik Smits,C,25,IND,74,55,23.9,5.9,11.6,0.51,0.0,0.0,0.0,5.9,11.5,0.511,0.51,2.1,2.6,0.788,1.7,4.0,5.6,1.6,0.4,1.4,1.8,3.1,13.8,16.8,0.545,0.002,0.226,8.2,17.3,13.0,10.4,0.8,3.4,12.2,25.3,1.7,1.7,3.4,0.093,-0.3,-0.6,-1.0,0.5,,,,,
299,1992,Mike Smrek,C,29,GSW,2,0,1.5,0.0,0.0,0.0,0.0,0.0,0.0,0.0,0.0,0.0,0.0,0.0,0.0,0.0,0.0,0.5,0.5,0.0,0.0,0.0,0.0,0.0,0.0,4.9,0.0,0.0,0.0,0.0,35.8,18.2,0.0,0.0,0.0,0.0,0.0,0.0,0.0,0.0,0.054,-0.9,-1.7,-2.6,0.0,,,,,
300,1992,Felton Spencer,C,24,MIN,61,54,24.3,2.3,5.4,0.426,0.0,0.0,0.0,2.3,5.4,0.426,0.426,2.0,2.9,0.691,2.7,4.4,7.1,0.9,0.4,1.3,1.1,4.0,6.6,11.2,0.495,0.0,0.538,12.1,20.6,16.2,4.7,0.9,3.2,14.6,13.8,0.7,1.2,2.0,0.064,-3.5,-0.8,-4.3,-0.9,,,,,
301,1992,John Starks,SG,26,NYK,82,0,25.8,4.9,11.0,0.449,1.1,3.3,0.348,3.8,7.7,0.492,0.501,2.9,3.7,0.778,0.5,1.8,2.3,3.4,1.3,0.2,1.8,2.8,13.9,16.4,0.55,0.299,0.335,2.5,7.8,5.2,20.3,2.5,0.6,12.7,24.4,3.4,3.1,6.4,0.146,1.2,1.4,2.6,2.4,,,,,
302,1992,Larry Stewart,PF,23,WSB,76,43,29.3,4.0,7.8,0.514,0.0,0.0,0.0,4.0,7.7,0.516,0.514,2.5,3.1,0.807,2.4,3.5,5.9,1.6,0.7,0.6,1.5,3.0,10.4,12.9,0.573,0.005,0.395,8.9,13.2,11.0,7.6,1.1,1.2,13.9,15.2,2.9,1.8,4.7,0.101,-1.0,-0.5,-1.5,0.3,,,,,
303,1992,John Stockton,PG,29,UTA,82,82,36.6,5.5,11.5,0.482,1.0,2.5,0.407,4.5,9.0,0.503,0.527,3.8,4.5,0.842,0.8,2.5,3.3,13.7,3.0,0.3,3.5,2.9,15.8,22.8,0.59,0.217,0.39,2.7,7.3,5.1,53.7,4.1,0.4,20.6,19.9,8.8,4.6,13.4,0.215,6.0,2.7,8.7,8.1,12.0,0.0,18.0,960.0,0.019
304,1992,Rod Strickland,PG,25,SAS,57,54,36.0,5.3,11.6,0.455,0.1,0.3,0.333,5.2,11.3,0.458,0.459,3.2,4.6,0.687,1.6,3.0,4.6,8.6,2.1,0.3,2.8,2.1,13.8,16.9,0.507,0.023,0.402,4.9,9.1,7.0,33.8,2.9,0.5,17.1,19.2,2.3,2.9,5.2,0.123,1.4,1.0,2.4,2.3,,,,,
305,1992,Derek Strong,PF,23,WSB,1,0,12.0,0.0,4.0,0.0,0.0,0.0,0.0,0.0,4.0,0.0,0.0,3.0,4.0,0.75,1.0,4.0,5.0,1.0,0.0,0.0,1.0,1.0,3.0,3.2,0.26,0.0,1.0,8.9,37.4,22.8,9.8,0.0,0.0,14.8,23.8,-0.1,0.0,0.0,-0.16,-9.8,-4.0,-13.8,0.0,,,,,
306,1992,Lamont Strothers,SG,23,POR,4,0,4.3,1.0,3.0,0.333,0.0,0.5,0.0,1.0,2.5,0.4,0.333,0.5,1.0,0.5,0.3,0.0,0.3,0.3,0.3,0.3,0.5,0.5,2.5,6.0,0.363,0.167,0.333,6.4,0.0,3.2,9.2,2.9,3.7,12.7,37.8,-0.1,0.0,-0.1,-0.158,-9.5,-2.8,-12.3,0.0,,,,,
307,1992,Jon Sundvold,PG,30,MIA,3,0,2.7,0.3,1.0,0.333,0.3,0.3,1.0,0.0,0.7,0.0,0.5,0.0,0.0,0.0,0.0,0.0,0.0,0.7,0.0,0.0,0.0,0.7,1.0,10.7,0.5,0.333,0.0,0.0,0.0,0.0,35.9,0.0,0.0,0.0,15.7,0.0,0.0,0.0,0.151,0.8,0.5,1.3,0.0,,,,,
308,1992,Greg Sutton,PG,24,SAS,67,2,9.0,1.4,3.6,0.388,0.4,1.3,0.292,1.0,2.3,0.444,0.442,0.5,0.7,0.756,0.1,0.6,0.7,1.4,0.4,0.1,1.0,1.7,3.7,7.8,0.473,0.371,0.188,1.1,7.4,4.3,21.7,2.2,0.9,21.2,23.1,-0.8,0.8,-0.1,-0.006,-4.9,-0.2,-5.2,-0.5,,,,,
309,1992,Terry Teagle,SG,31,LAL,82,0,19.5,4.4,9.8,0.452,0.0,0.0,0.25,4.4,9.8,0.453,0.453,1.8,2.4,0.766,1.1,1.1,2.2,1.4,0.8,0.1,1.4,1.8,10.7,14.5,0.493,0.005,0.245,6.4,6.6,6.5,12.3,2.1,0.3,11.3,27.5,0.2,1.0,1.3,0.038,-1.1,-1.5,-2.6,-0.2,,,,,
310,1992,Carl Thomas,SG,22,SAC,1,0,31.0,5.0,12.0,0.417,1.0,2.0,0.5,4.0,10.0,0.4,0.458,1.0,2.0,0.5,0.0,0.0,0.0,1.0,1.0,0.0,1.0,3.0,12.0,6.4,0.466,0.167,0.167,0.0,0.0,0.0,4.7,1.6,0.0,7.2,18.7,0.0,0.0,0.0,-0.027,-5.1,-3.4,-8.6,-0.1,,,,,
311,1992,Charles Thomas,SG,22,DET,36,0,4.3,0.5,1.4,0.353,0.1,0.5,0.118,0.4,0.9,0.471,0.373,0.3,0.4,0.667,0.2,0.4,0.6,0.6,0.1,0.0,0.5,0.6,1.3,6.1,0.417,0.333,0.294,4.4,11.5,8.0,20.4,1.3,0.4,22.8,21.0,-0.3,0.2,-0.1,-0.042,-6.4,-0.8,-7.2,-0.2,,,,,
312,1992,Isiah Thomas,PG,30,DET,78,78,37.4,7.2,16.2,0.446,0.3,1.1,0.291,6.9,15.1,0.458,0.456,3.7,4.8,0.772,0.9,2.3,3.2,7.2,1.5,0.2,3.2,2.5,18.5,16.0,0.505,0.068,0.299,2.7,6.9,4.8,31.3,2.1,0.3,15.0,25.3,2.4,3.4,5.8,0.095,0.9,0.2,1.1,2.3,,,,,
313,1992,Billy Thompson,SF,28,GSW,1,0,1.0,0.0,0.0,0.0,0.0,0.0,0.0,0.0,0.0,0.0,0.0,0.0,0.0,0.0,0.0,0.0,0.0,0.0,0.0,0.0,0.0,0.0,0.0,0.0,0.0,0.0,0.0,0.0,0.0,0.0,0.0,0.0,0.0,0.0,0.0,0.0,0.0,0.0,-0.014,-3.6,-2.6,-6.2,0.0,,,,,
314,1992,LaSalle Thompson,C,30,IND,80,49,16.2,2.1,4.5,0.468,0.0,0.0,0.0,2.1,4.5,0.471,0.468,0.7,0.9,0.817,1.2,3.5,4.8,1.3,0.7,0.4,1.2,2.6,4.9,10.9,0.505,0.006,0.198,8.8,22.9,16.2,10.5,1.9,1.6,20.1,15.8,-0.2,1.7,1.6,0.058,-3.2,0.6,-2.5,-0.2,,,,,
315,1992,Bob Thornton,PF,29,UTA,2,0,3.0,0.5,3.5,0.143,0.0,0.0,0.0,0.5,3.5,0.143,0.143,1.0,1.0,1.0,1.0,0.0,1.0,0.0,0.0,0.0,0.0,0.5,2.0,1.7,0.254,0.0,0.286,39.5,0.0,18.8,0.0,0.0,0.0,0.0,56.6,0.0,0.0,0.0,-0.288,-17.1,-18.7,-35.8,-0.1,,,,,
316,1992,Otis Thorpe,PF,29,HOU,82,82,37.3,6.8,11.5,0.592,0.0,0.1,0.0,6.8,11.4,0.596,0.592,3.7,5.6,0.657,3.5,7.0,10.5,3.0,0.6,0.5,2.9,3.7,17.3,17.2,0.619,0.007,0.491,10.7,20.5,15.7,12.8,0.9,0.7,17.1,19.7,5.6,3.2,8.9,0.14,0.8,-0.4,0.4,1.8,,,,,
317,1992,Sedale Threatt,PG,30,LAL,82,82,37.4,6.2,12.7,0.489,0.2,0.8,0.323,6.0,11.9,0.499,0.499,2.5,3.0,0.831,0.5,2.6,3.1,7.2,2.0,0.2,2.2,2.8,15.1,16.6,0.54,0.06,0.233,1.6,7.9,4.7,30.3,2.8,0.3,13.7,18.9,4.7,2.6,7.3,0.114,0.6,0.6,1.2,2.5,,,,,
318,1992,Wayman Tisdale,PF,27,SAC,72,71,35.0,7.3,14.5,0.5,0.0,0.0,0.0,7.3,14.5,0.501,0.5,2.1,2.8,0.763,1.9,4.6,6.5,1.5,0.8,1.1,1.7,3.4,16.6,13.9,0.529,0.002,0.19,5.8,14.3,10.0,6.6,1.1,1.8,9.9,20.8,1.6,1.8,3.4,0.064,-1.6,-1.1,-2.8,-0.5,,,,,
319,1992,Tom Tolbert,PF,26,GSW,35,0,8.9,0.9,2.5,0.384,0.1,0.2,0.25,0.9,2.2,0.397,0.395,0.6,1.1,0.55,0.4,1.2,1.6,0.6,0.3,0.2,0.6,2.1,2.6,5.3,0.434,0.093,0.465,5.0,14.2,9.7,8.1,1.5,1.1,16.2,16.0,-0.3,0.2,0.0,-0.005,-6.1,0.1,-5.9,-0.3,,,,,
320,1992,Trent Tucker,SG,32,SAS,24,0,17.3,2.5,5.4,0.465,0.8,2.0,0.396,1.7,3.4,0.506,0.539,0.7,0.8,0.8,0.3,1.2,1.5,1.1,0.9,0.1,0.6,1.6,6.5,12.3,0.562,0.372,0.155,2.1,7.6,4.9,9.2,2.5,0.4,9.2,15.4,0.6,0.5,1.1,0.127,-1.0,1.2,0.2,0.2,,,,,
321,1992,Andre Turner,PG,27,WSB,70,3,12.4,1.6,3.7,0.425,0.0,0.2,0.063,1.6,3.5,0.449,0.427,0.9,1.1,0.792,0.2,1.0,1.3,2.5,0.8,0.0,1.2,0.8,4.1,12.1,0.482,0.061,0.295,2.1,9.4,5.7,28.2,3.2,0.1,22.2,18.3,-0.6,0.9,0.4,0.021,-2.7,0.4,-2.3,-0.1,,,,,
322,1992,Jeff Turner,SF,29,ORL,75,42,21.2,3.0,6.7,0.451,0.0,0.1,0.125,3.0,6.5,0.456,0.452,1.1,1.5,0.693,0.8,2.5,3.3,1.2,0.3,0.2,1.4,3.1,7.1,7.2,0.483,0.016,0.228,4.2,13.3,8.6,8.6,0.7,0.6,16.2,17.1,-1.0,0.8,-0.2,-0.005,-4.9,-1.0,-5.9,-1.6,,,,,
323,1992,John Turner,SF,24,HOU,42,0,8.2,1.0,2.3,0.439,0.0,0.0,0.0,1.0,2.3,0.439,0.439,0.7,1.4,0.525,0.9,1.0,1.9,0.3,0.1,0.1,0.8,1.0,2.8,7.8,0.472,0.0,0.602,12.6,12.6,12.6,5.0,0.9,0.7,20.5,19.6,-0.4,0.3,-0.1,-0.021,-5.0,-2.9,-7.9,-0.5,,,,,
324,1992,Kiki Vandeweghe,SF,33,NYK,67,0,14.3,2.8,5.7,0.491,0.4,1.0,0.394,2.4,4.7,0.511,0.525,1.0,1.2,0.802,0.5,0.9,1.3,0.9,0.2,0.1,0.4,1.3,7.0,14.2,0.558,0.172,0.211,3.8,6.8,5.3,9.4,0.8,0.5,6.1,20.4,1.9,0.9,2.9,0.144,0.8,-0.1,0.6,0.6,,,,,
325,1992,Loy Vaught,PF,23,LAC,79,38,21.4,3.4,7.0,0.492,0.1,0.1,0.8,3.4,6.9,0.489,0.495,0.7,0.9,0.797,2.0,4.5,6.5,0.9,0.5,0.4,0.8,2.1,7.6,13.7,0.517,0.009,0.125,10.5,23.3,16.9,6.2,1.1,1.1,10.2,16.3,1.5,2.6,4.1,0.117,-1.1,-0.5,-1.5,0.2,,,,,
326,1992,João Vianna,SF,25,DAL,1,0,9.0,1.0,2.0,0.5,0.0,0.0,0.0,1.0,2.0,0.5,0.5,0.0,0.0,0.0,0.0,0.0,0.0,2.0,0.0,0.0,1.0,3.0,2.0,1.0,0.5,0.0,0.0,0.0,0.0,0.0,32.7,0.0,0.0,33.3,14.3,0.0,0.0,0.0,-0.065,-8.1,-3.8,-11.9,0.0,,,,,
327,1992,Sam Vincent,PG,28,ORL,39,18,22.7,3.8,8.9,0.43,0.0,0.3,0.077,3.8,8.6,0.443,0.431,2.8,3.3,0.846,0.5,2.1,2.6,3.8,0.9,0.1,1.8,1.4,10.5,14.6,0.506,0.037,0.372,2.3,10.6,6.4,25.8,1.9,0.3,15.1,22.4,0.5,0.6,1.1,0.059,0.1,-0.5,-0.4,0.4,,,,,
328,1992,Alexander Volkov,C,27,ATL,77,27,19.7,3.3,7.4,0.441,0.5,1.4,0.318,2.8,6.0,0.471,0.472,1.6,2.6,0.631,1.3,2.1,3.4,3.2,0.9,0.4,1.3,2.3,8.6,15.5,0.504,0.193,0.348,7.1,11.6,9.3,23.2,2.1,1.2,13.5,20.6,1.6,1.4,3.0,0.096,0.8,0.7,1.5,1.3,,,,,
329,1992,Stojko Vranković,C,28,BOS,19,0,5.8,0.8,1.7,0.469,0.0,0.0,0.0,0.8,1.7,0.469,0.469,0.4,0.6,0.583,0.4,1.1,1.5,0.3,0.0,0.9,0.5,1.2,1.9,11.2,0.496,0.0,0.375,8.4,19.1,14.0,6.0,0.0,9.2,21.2,18.5,-0.1,0.2,0.1,0.037,-6.8,2.0,-4.8,-0.1,,,,,
330,1992,Darrell Walker,SG,30,DET,74,4,20.8,2.2,5.1,0.423,0.0,0.1,0.0,2.2,5.0,0.434,0.423,0.9,1.4,0.619,1.1,2.1,3.2,2.8,0.9,0.2,1.1,1.8,5.2,10.9,0.453,0.026,0.276,6.3,11.1,8.7,18.9,2.1,0.7,15.6,14.4,0.3,2.1,2.4,0.075,-2.2,2.1,-0.1,0.7,,,,,
331,1992,Spud Webb,PG,28,SAC,77,77,35.4,5.8,13.1,0.445,0.9,2.6,0.367,4.9,10.5,0.465,0.482,3.4,4.0,0.859,0.4,2.5,2.9,7.1,1.6,0.3,3.0,2.5,16.0,15.1,0.54,0.198,0.303,1.2,7.7,4.4,29.5,2.2,0.5,16.7,21.0,2.5,1.6,4.1,0.072,0.2,-1.0,-0.8,0.8,,,,,
332,1992,Doug West,SG,24,MIN,80,72,31.8,5.8,11.2,0.518,0.1,0.3,0.174,5.7,10.9,0.527,0.52,2.3,2.9,0.805,1.3,1.9,3.2,3.5,0.8,0.3,1.5,3.0,14.0,14.6,0.56,0.026,0.258,4.5,6.7,5.6,16.6,1.3,0.6,10.8,18.7,4.2,0.3,4.6,0.086,0.3,-1.2,-0.9,0.7,,,,,
333,1992,Mark West,C,31,PHO,82,11,17.5,2.4,3.8,0.632,0.0,0.0,0.0,2.4,3.8,0.632,0.632,1.3,2.1,0.637,1.6,2.9,4.5,0.3,0.2,1.0,1.0,2.9,6.1,12.5,0.65,0.0,0.552,10.8,17.4,14.2,2.0,0.5,3.2,17.5,13.5,2.1,1.8,3.9,0.131,-2.0,0.1,-1.9,0.0,,,,,
334,1992,Ennis Whatley,PG,29,POR,23,0,9.1,0.9,2.2,0.412,0.0,0.2,0.0,0.9,2.0,0.447,0.412,1.2,1.3,0.871,0.3,0.7,0.9,1.5,0.6,0.1,0.6,0.5,3.0,14.0,0.534,0.078,0.608,3.1,7.8,5.5,21.0,3.2,0.9,17.8,15.3,0.3,0.3,0.6,0.134,-0.5,2.5,2.0,0.2,,,,,
335,1992,Randy White,PF,24,DAL,65,12,15.7,2.2,5.9,0.38,0.1,0.4,0.148,2.2,5.5,0.397,0.385,1.9,2.5,0.765,1.5,2.2,3.6,0.5,0.5,0.3,1.0,2.4,6.4,10.9,0.461,0.071,0.424,9.7,15.1,12.3,4.7,1.5,1.3,13.0,22.0,-0.4,0.8,0.4,0.019,-3.7,-1.2,-4.9,-0.8,,,,,
336,1992,Mitchell Wiggins,SG,32,PHI,49,0,11.6,1.8,4.7,0.384,0.0,0.0,0.0,1.8,4.7,0.386,0.384,0.7,1.0,0.686,0.9,1.0,1.9,0.4,0.4,0.0,0.5,1.4,4.3,8.9,0.42,0.004,0.223,8.7,10.2,9.5,5.9,1.8,0.1,9.0,21.3,-0.4,0.3,-0.1,-0.008,-4.4,-2.0,-6.4,-0.6,,,,,
337,1992,Dominique Wilkins,SF,32,ATL,42,42,38.1,10.1,21.8,0.464,0.9,3.0,0.289,9.2,18.7,0.492,0.484,7.0,8.4,0.835,2.5,4.6,7.0,3.8,1.2,0.6,2.9,1.8,28.1,22.2,0.552,0.14,0.385,6.7,13.1,9.8,16.1,1.6,0.9,10.2,30.7,3.8,1.3,5.1,0.152,5.4,-0.7,4.7,2.7,,,,,
338,1992,Gerald Wilkins,SG,28,NYK,82,82,28.6,5.3,11.8,0.447,0.5,1.3,0.352,4.8,10.4,0.459,0.467,1.4,1.9,0.73,0.9,1.6,2.5,2.7,0.9,0.2,1.4,2.4,12.4,12.0,0.491,0.112,0.165,3.7,6.4,5.0,14.4,1.7,0.5,9.9,21.4,1.3,2.7,4.0,0.082,-1.3,0.3,-1.0,0.6,,,,,
339,1992,Buck Williams,PF,31,POR,80,80,31.5,4.3,7.0,0.604,0.0,0.0,0.0,4.3,7.0,0.605,0.604,2.8,3.7,0.754,3.3,5.6,8.8,1.4,0.8,0.5,1.6,3.1,11.3,15.0,0.651,0.002,0.52,11.3,19.2,15.3,5.8,1.2,1.0,15.8,13.3,5.4,3.8,9.2,0.175,0.7,0.5,1.2,2.0,,,,,
340,1992,Herb Williams,C,33,DAL,75,26,27.2,4.9,11.3,0.431,0.0,0.1,0.167,4.9,11.3,0.433,0.432,1.7,2.3,0.725,1.4,4.6,6.1,1.3,0.5,1.3,1.5,2.5,11.5,12.6,0.464,0.007,0.201,5.4,18.7,11.8,7.6,0.9,2.9,11.0,21.9,-1.0,1.9,0.8,0.02,-2.6,-0.2,-2.8,-0.4,,,,,
341,1992,Hot Rod Williams,C,29,CLE,80,12,30.4,4.3,8.5,0.503,0.0,0.1,0.0,4.3,8.4,0.506,0.503,3.4,4.5,0.752,2.9,4.7,7.6,2.5,0.8,2.3,1.0,2.4,11.9,18.6,0.569,0.006,0.529,10.9,16.7,13.9,11.1,1.2,4.3,9.0,16.5,6.0,3.2,9.2,0.181,2.2,1.4,3.5,3.4,,,,,
342,1992,Jayson Williams,PF,23,PHI,50,8,12.9,1.5,4.1,0.364,0.0,0.0,0.0,1.5,4.1,0.364,0.364,1.1,1.8,0.636,1.2,1.7,2.9,0.2,0.4,0.4,0.9,2.2,4.1,7.4,0.421,0.0,0.427,11.1,14.6,12.8,2.7,1.6,1.9,15.2,19.6,-0.8,0.6,-0.3,-0.02,-6.2,-1.7,-7.9,-1.0,,,,,
343,1992,Kenny Williams,SF,22,IND,60,6,9.4,1.9,3.6,0.518,0.0,0.1,0.0,1.9,3.6,0.528,0.518,0.4,0.7,0.605,1.1,1.1,2.2,0.7,0.3,0.7,0.4,1.7,4.2,16.4,0.532,0.018,0.197,13.3,12.1,12.6,10.5,1.7,4.3,8.5,19.2,1.0,0.6,1.6,0.133,-0.2,0.5,0.3,0.3,,,,,
344,1992,Micheal Williams,PG,25,IND,79,76,34.8,5.1,10.4,0.49,0.1,0.4,0.242,5.0,10.0,0.501,0.495,4.7,5.4,0.871,0.9,2.6,3.6,8.2,2.9,0.3,3.0,3.3,15.0,18.4,0.587,0.04,0.518,3.1,8.0,5.7,32.2,4.1,0.5,19.2,19.1,5.8,3.2,9.0,0.156,1.9,1.8,3.7,3.9,,,,,
345,1992,Reggie Williams,SF,27,DEN,81,80,32.4,7.4,15.8,0.471,0.7,1.9,0.359,6.7,13.8,0.486,0.493,2.7,3.3,0.803,1.8,3.2,5.0,2.9,1.8,0.8,2.1,3.3,18.2,18.1,0.528,0.122,0.211,5.6,11.3,8.3,15.0,2.7,1.6,11.0,24.3,3.7,2.9,6.6,0.121,2.1,1.1,3.2,3.4,,,,,
346,1992,Scott Williams,PF,23,CHI,63,0,11.0,1.3,2.7,0.483,0.0,0.0,0.0,1.3,2.7,0.491,0.483,0.8,1.2,0.649,1.4,2.5,3.9,0.8,0.2,0.6,0.6,1.9,3.4,14.6,0.523,0.017,0.43,15.5,25.6,20.7,9.1,1.0,3.3,14.6,15.0,1.0,1.3,2.3,0.16,-1.6,1.0,-0.6,0.3,,,,,
347,1992,Kevin Willis,PF,29,ATL,81,80,36.6,7.3,15.1,0.483,0.1,0.5,0.162,7.2,14.7,0.493,0.485,3.6,4.5,0.804,5.2,10.4,15.5,2.1,0.9,0.7,2.4,2.8,18.3,19.7,0.535,0.03,0.297,14.7,30.9,22.6,8.6,1.2,1.1,12.5,22.0,4.7,4.1,8.8,0.143,1.6,-1.4,0.2,1.7,,,,,
348,1992,David Wingate,SG,28,WSB,81,72,26.3,3.3,7.1,0.465,0.0,0.2,0.056,3.3,6.8,0.478,0.466,1.3,1.8,0.719,1.0,2.3,3.3,3.0,1.5,0.3,1.5,2.0,7.9,11.5,0.501,0.031,0.255,4.0,10.0,6.9,16.1,2.8,0.6,16.3,15.1,0.1,2.2,2.4,0.054,-2.3,1.4,-0.9,0.6,,,,,
349,1992,Randy Wittman,SG,32,IND,24,0,4.8,0.3,0.8,0.421,0.0,0.0,0.0,0.3,0.8,0.421,0.421,0.0,0.1,0.5,0.0,0.3,0.4,0.5,0.1,0.0,0.1,0.2,0.7,5.4,0.428,0.0,0.105,1.0,7.3,4.3,11.9,0.8,0.0,13.1,8.3,0.0,0.0,0.0,0.008,-3.6,-0.8,-4.4,-0.1,,,,,
350,1992,Joe Wolf,C,27,DEN,67,0,17.3,1.5,4.1,0.361,0.0,0.2,0.091,1.5,4.0,0.372,0.363,0.8,1.0,0.803,1.4,2.1,3.6,0.9,0.5,0.2,0.9,1.9,3.8,7.2,0.415,0.04,0.238,8.5,14.1,11.1,7.1,1.3,0.7,16.4,12.8,-0.7,0.9,0.3,0.01,-4.1,-0.4,-4.4,-0.7,,,,,
351,1992,Orlando Woolridge,SF,32,DET,82,61,25.8,5.5,11.1,0.498,0.0,0.1,0.111,5.5,11.0,0.502,0.499,2.9,4.3,0.683,1.3,1.8,3.2,1.1,0.5,0.4,1.6,1.9,14.0,14.9,0.539,0.01,0.389,5.9,8.0,7.0,7.0,1.0,1.0,11.1,24.8,2.3,2.1,4.4,0.099,0.1,-0.7,-0.5,0.8,,,,,
352,1992,James Worthy,SF,30,LAL,54,54,39.0,8.3,18.6,0.447,0.2,0.8,0.209,8.2,17.9,0.457,0.451,3.1,3.8,0.814,1.8,3.8,5.6,4.7,1.4,0.4,2.4,1.6,19.9,16.7,0.49,0.043,0.203,5.2,11.4,8.2,20.3,1.9,0.7,10.4,25.4,1.4,1.6,3.1,0.07,1.5,-0.4,1.1,1.6,,,,,
